current-release-matrix	Set up job	﻿2026-08-04T06:12:57.8397510Z Current runner version: '2.336.0'
current-release-matrix	Set up job	2026-08-04T06:12:57.8403020Z Runner name: 'voice-m1-max-20260804-retry2'
current-release-matrix	Set up job	2026-08-04T06:12:57.8403500Z Runner group name: 'Default'
current-release-matrix	Set up job	2026-08-04T06:12:57.8404110Z Machine name: 'MacBookPro'
current-release-matrix	Set up job	2026-08-04T06:12:57.8406280Z ##[group]GITHUB_TOKEN Permissions
current-release-matrix	Set up job	2026-08-04T06:12:57.8407520Z Actions: read
current-release-matrix	Set up job	2026-08-04T06:12:57.8407840Z Contents: write
current-release-matrix	Set up job	2026-08-04T06:12:57.8408160Z Metadata: read
current-release-matrix	Set up job	2026-08-04T06:12:57.8408480Z ##[endgroup]
current-release-matrix	Set up job	2026-08-04T06:12:57.8409650Z Secret source: Actions
current-release-matrix	Set up job	2026-08-04T06:12:57.8410260Z Prepare workflow directory
current-release-matrix	Set up job	2026-08-04T06:12:57.8878460Z Prepare all required actions
current-release-matrix	Set up job	2026-08-04T06:12:57.8909260Z Getting action download info
current-release-matrix	Set up job	2026-08-04T06:12:58.5983880Z Download action repository 'actions/checkout@v4' (SHA:11d5960a326750d5838078e36cf38b85af677262)
current-release-matrix	Set up job	2026-08-04T06:12:59.2553540Z Complete job name: current-release-matrix
current-release-matrix	Run actions/checkout@v4	﻿2026-08-04T06:12:59.2995350Z Node 20 is being deprecated. This workflow is running with Node 24 by default. If you need to temporarily use Node 20, you can set the ACTIONS_ALLOW_USE_UNSECURE_NODE_VERSION=true environment variable. For more information see: https://github.blog/changelog/2025-09-19-deprecation-of-node-20-on-github-actions-runners/
current-release-matrix	Run actions/checkout@v4	2026-08-04T06:12:59.3001500Z ##[group]Run actions/checkout@v4
current-release-matrix	Run actions/checkout@v4	2026-08-04T06:12:59.3001990Z with:
current-release-matrix	Run actions/checkout@v4	2026-08-04T06:12:59.3002360Z   repository: AutoByteus/autobyteus-voice-runtime
current-release-matrix	Run actions/checkout@v4	2026-08-04T06:12:59.3005110Z   token: ***
current-release-matrix	Run actions/checkout@v4	2026-08-04T06:12:59.3005440Z   ssh-strict: true
current-release-matrix	Run actions/checkout@v4	2026-08-04T06:12:59.3005770Z   ssh-user: git
current-release-matrix	Run actions/checkout@v4	2026-08-04T06:12:59.3006110Z   persist-credentials: true
current-release-matrix	Run actions/checkout@v4	2026-08-04T06:12:59.3006480Z   clean: true
current-release-matrix	Run actions/checkout@v4	2026-08-04T06:12:59.3006820Z   sparse-checkout-cone-mode: true
current-release-matrix	Run actions/checkout@v4	2026-08-04T06:12:59.3007240Z   fetch-depth: 1
current-release-matrix	Run actions/checkout@v4	2026-08-04T06:12:59.3007570Z   fetch-tags: false
current-release-matrix	Run actions/checkout@v4	2026-08-04T06:12:59.3007910Z   show-progress: true
current-release-matrix	Run actions/checkout@v4	2026-08-04T06:12:59.3008240Z   lfs: false
current-release-matrix	Run actions/checkout@v4	2026-08-04T06:12:59.3008580Z   submodules: false
current-release-matrix	Run actions/checkout@v4	2026-08-04T06:12:59.3008940Z   set-safe-directory: true
current-release-matrix	Run actions/checkout@v4	2026-08-04T06:12:59.3009330Z   allow-unsafe-pr-checkout: false
current-release-matrix	Run actions/checkout@v4	2026-08-04T06:12:59.3009830Z env:
current-release-matrix	Run actions/checkout@v4	2026-08-04T06:12:59.3010160Z   VOICE_RELEASE_TAG_INPUT: v1.0.0
current-release-matrix	Run actions/checkout@v4	2026-08-04T06:12:59.3010560Z   VOICE_RUNTIME_VERSION_INPUT: 1.0.0
current-release-matrix	Run actions/checkout@v4	2026-08-04T06:12:59.3011010Z   VOICE_QUALIFICATION_RUN_ID_INPUT: 
current-release-matrix	Run actions/checkout@v4	2026-08-04T06:12:59.3011400Z ##[endgroup]
current-release-matrix	Run actions/checkout@v4	2026-08-04T06:13:00.5200380Z Syncing repository: AutoByteus/autobyteus-voice-runtime
current-release-matrix	Run actions/checkout@v4	2026-08-04T06:13:00.5202620Z ##[group]Getting Git version info
current-release-matrix	Run actions/checkout@v4	2026-08-04T06:13:00.5204420Z Working directory is '/private/tmp/autobyteus-actions-runner-voice-v2.336.0-20260804-retry2/_work/autobyteus-voice-runtime/autobyteus-voice-runtime'
current-release-matrix	Run actions/checkout@v4	2026-08-04T06:13:00.5206700Z [command]/usr/bin/git version
current-release-matrix	Run actions/checkout@v4	2026-08-04T06:13:00.5340010Z git version 2.50.1 (Apple Git-155)
current-release-matrix	Run actions/checkout@v4	2026-08-04T06:13:00.5353180Z ##[endgroup]
current-release-matrix	Run actions/checkout@v4	2026-08-04T06:13:00.5363160Z Temporarily overriding HOME='/private/tmp/autobyteus-actions-runner-voice-v2.336.0-20260804-retry2/_work/_temp/c431b22a-2953-44f3-a75d-ddadf08cf4b0' before making global git config changes
current-release-matrix	Run actions/checkout@v4	2026-08-04T06:13:00.5366380Z Adding repository directory to the temporary git global config as a safe directory
current-release-matrix	Run actions/checkout@v4	2026-08-04T06:13:00.5369790Z [command]/usr/bin/git config --global --add safe.directory /private/tmp/autobyteus-actions-runner-voice-v2.336.0-20260804-retry2/_work/autobyteus-voice-runtime/autobyteus-voice-runtime
current-release-matrix	Run actions/checkout@v4	2026-08-04T06:13:00.7073340Z Deleting the contents of '/private/tmp/autobyteus-actions-runner-voice-v2.336.0-20260804-retry2/_work/autobyteus-voice-runtime/autobyteus-voice-runtime'
current-release-matrix	Run actions/checkout@v4	2026-08-04T06:13:00.7076930Z ##[group]Initializing the repository
current-release-matrix	Run actions/checkout@v4	2026-08-04T06:13:00.7084360Z [command]/usr/bin/git init /private/tmp/autobyteus-actions-runner-voice-v2.336.0-20260804-retry2/_work/autobyteus-voice-runtime/autobyteus-voice-runtime
current-release-matrix	Run actions/checkout@v4	2026-08-04T06:13:00.7344490Z Initialized empty Git repository in /private/tmp/autobyteus-actions-runner-voice-v2.336.0-20260804-retry2/_work/autobyteus-voice-runtime/autobyteus-voice-runtime/.git/
current-release-matrix	Run actions/checkout@v4	2026-08-04T06:13:00.7352250Z [command]/usr/bin/git remote add origin https://github.com/AutoByteus/autobyteus-voice-runtime
current-release-matrix	Run actions/checkout@v4	2026-08-04T06:13:00.7537280Z ##[endgroup]
current-release-matrix	Run actions/checkout@v4	2026-08-04T06:13:00.7539320Z ##[group]Disabling automatic garbage collection
current-release-matrix	Run actions/checkout@v4	2026-08-04T06:13:00.7540640Z [command]/usr/bin/git config --local gc.auto 0
current-release-matrix	Run actions/checkout@v4	2026-08-04T06:13:00.7721930Z ##[endgroup]
current-release-matrix	Run actions/checkout@v4	2026-08-04T06:13:00.7723830Z ##[group]Setting up auth
current-release-matrix	Run actions/checkout@v4	2026-08-04T06:13:00.7726100Z [command]/usr/bin/git config --local --name-only --get-regexp core\.sshCommand
current-release-matrix	Run actions/checkout@v4	2026-08-04T06:13:00.7897730Z [command]/usr/bin/git submodule foreach --recursive sh -c "git config --local --name-only --get-regexp 'core\.sshCommand' && git config --local --unset-all 'core.sshCommand' || :"
current-release-matrix	Run actions/checkout@v4	2026-08-04T06:13:00.8964750Z [command]/usr/bin/git config --local --name-only --get-regexp http\.https\:\/\/github\.com\/\.extraheader
current-release-matrix	Run actions/checkout@v4	2026-08-04T06:13:00.9146110Z [command]/usr/bin/git submodule foreach --recursive sh -c "git config --local --name-only --get-regexp 'http\.https\:\/\/github\.com\/\.extraheader' && git config --local --unset-all 'http.https://github.com/.extraheader' || :"
current-release-matrix	Run actions/checkout@v4	2026-08-04T06:13:01.0139430Z [command]/usr/bin/git config --local --name-only --get-regexp ^includeIf\.gitdir:
current-release-matrix	Run actions/checkout@v4	2026-08-04T06:13:01.0318320Z [command]/usr/bin/git submodule foreach --recursive git config --local --show-origin --name-only --get-regexp remote.origin.url
current-release-matrix	Run actions/checkout@v4	2026-08-04T06:13:01.1395560Z [command]/usr/bin/git config --local http.https://github.com/.extraheader AUTHORIZATION: basic ***
current-release-matrix	Run actions/checkout@v4	2026-08-04T06:13:01.1589350Z ##[endgroup]
current-release-matrix	Run actions/checkout@v4	2026-08-04T06:13:01.1590160Z ##[group]Fetching the repository
current-release-matrix	Run actions/checkout@v4	2026-08-04T06:13:01.1595420Z [command]/usr/bin/git -c protocol.version=2 fetch --no-tags --prune --no-recurse-submodules --depth=1 origin +5932090580d106648fa64375c7d8bd9ec2e23bff:refs/remotes/origin/main
current-release-matrix	Run actions/checkout@v4	2026-08-04T06:13:02.2753670Z From https://github.com/AutoByteus/autobyteus-voice-runtime
current-release-matrix	Run actions/checkout@v4	2026-08-04T06:13:02.2754680Z  * [new ref]         5932090580d106648fa64375c7d8bd9ec2e23bff -> origin/main
current-release-matrix	Run actions/checkout@v4	2026-08-04T06:13:02.2828900Z ##[endgroup]
current-release-matrix	Run actions/checkout@v4	2026-08-04T06:13:02.2829260Z ##[group]Determining the checkout info
current-release-matrix	Run actions/checkout@v4	2026-08-04T06:13:02.2829930Z ##[endgroup]
current-release-matrix	Run actions/checkout@v4	2026-08-04T06:13:02.2839170Z [command]/usr/bin/git sparse-checkout disable
current-release-matrix	Run actions/checkout@v4	2026-08-04T06:13:02.3045580Z [command]/usr/bin/git config --local --unset-all extensions.worktreeConfig
current-release-matrix	Run actions/checkout@v4	2026-08-04T06:13:02.3213680Z ##[group]Checking out the ref
current-release-matrix	Run actions/checkout@v4	2026-08-04T06:13:02.3217290Z [command]/usr/bin/git checkout --progress --force -B main refs/remotes/origin/main
current-release-matrix	Run actions/checkout@v4	2026-08-04T06:13:02.5487070Z Reset branch 'main'
current-release-matrix	Run actions/checkout@v4	2026-08-04T06:13:02.5491600Z branch 'main' set up to track 'origin/main'.
current-release-matrix	Run actions/checkout@v4	2026-08-04T06:13:02.5500140Z ##[endgroup]
current-release-matrix	Run actions/checkout@v4	2026-08-04T06:13:02.5712670Z [command]/usr/bin/git log -1 --format=%H
current-release-matrix	Run actions/checkout@v4	2026-08-04T06:13:02.5917030Z 5932090580d106648fa64375c7d8bd9ec2e23bff
current-release-matrix	Run node -e 'const v=process.argv[1],t=process.argv[2];if(!/^[0-9]+\.[0-9]+\.[0-9]+$/.test(v)||t!==`v${v}`)process.exit(1)' \	﻿2026-08-04T06:13:02.6093090Z ##[group]Run node -e 'const v=process.argv[1],t=process.argv[2];if(!/^[0-9]+\.[0-9]+\.[0-9]+$/.test(v)||t!==`v${v}`)process.exit(1)' \
current-release-matrix	Run node -e 'const v=process.argv[1],t=process.argv[2];if(!/^[0-9]+\.[0-9]+\.[0-9]+$/.test(v)||t!==`v${v}`)process.exit(1)' \	2026-08-04T06:13:02.6093840Z [36;1mnode -e 'const v=process.argv[1],t=process.argv[2];if(!/^[0-9]+\.[0-9]+\.[0-9]+$/.test(v)||t!==`v${v}`)process.exit(1)' \[0m
current-release-matrix	Run node -e 'const v=process.argv[1],t=process.argv[2];if(!/^[0-9]+\.[0-9]+\.[0-9]+$/.test(v)||t!==`v${v}`)process.exit(1)' \	2026-08-04T06:13:02.6094330Z [36;1m  "$VOICE_RUNTIME_VERSION_INPUT" "$VOICE_RELEASE_TAG_INPUT"[0m
current-release-matrix	Run node -e 'const v=process.argv[1],t=process.argv[2];if(!/^[0-9]+\.[0-9]+\.[0-9]+$/.test(v)||t!==`v${v}`)process.exit(1)' \	2026-08-04T06:13:02.6094650Z [36;1mnode - <<'NODE' >> "$GITHUB_OUTPUT"[0m
current-release-matrix	Run node -e 'const v=process.argv[1],t=process.argv[2];if(!/^[0-9]+\.[0-9]+\.[0-9]+$/.test(v)||t!==`v${v}`)process.exit(1)' \	2026-08-04T06:13:02.6094950Z [36;1mconst fs=require('fs'),crypto=require('crypto');[0m
current-release-matrix	Run node -e 'const v=process.argv[1],t=process.argv[2];if(!/^[0-9]+\.[0-9]+\.[0-9]+$/.test(v)||t!==`v${v}`)process.exit(1)' \	2026-08-04T06:13:02.6095300Z [36;1mconst file='contracts/catalog/current-release-matrix-v1.json';[0m
current-release-matrix	Run node -e 'const v=process.argv[1],t=process.argv[2];if(!/^[0-9]+\.[0-9]+\.[0-9]+$/.test(v)||t!==`v${v}`)process.exit(1)' \	2026-08-04T06:13:02.6095720Z [36;1mconst bytes=fs.readFileSync(file), value=JSON.parse(bytes);[0m
current-release-matrix	Run node -e 'const v=process.argv[1],t=process.argv[2];if(!/^[0-9]+\.[0-9]+\.[0-9]+$/.test(v)||t!==`v${v}`)process.exit(1)' \	2026-08-04T06:13:02.6096290Z [36;1mconst include=value.entries.map(({profileId,platform,architecture})=>({profile:profileId,target:`${platform}-${architecture}`}));[0m
current-release-matrix	Run node -e 'const v=process.argv[1],t=process.argv[2];if(!/^[0-9]+\.[0-9]+\.[0-9]+$/.test(v)||t!==`v${v}`)process.exit(1)' \	2026-08-04T06:13:02.6096820Z [36;1mconsole.log(`build=${JSON.stringify({include})}`);[0m
current-release-matrix	Run node -e 'const v=process.argv[1],t=process.argv[2];if(!/^[0-9]+\.[0-9]+\.[0-9]+$/.test(v)||t!==`v${v}`)process.exit(1)' \	2026-08-04T06:13:02.6097260Z [36;1mconsole.log(`digest=${crypto.createHash('sha256').update(bytes).digest('hex')}`);[0m
current-release-matrix	Run node -e 'const v=process.argv[1],t=process.argv[2];if(!/^[0-9]+\.[0-9]+\.[0-9]+$/.test(v)||t!==`v${v}`)process.exit(1)' \	2026-08-04T06:13:02.6097590Z [36;1mNODE[0m
current-release-matrix	Run node -e 'const v=process.argv[1],t=process.argv[2];if(!/^[0-9]+\.[0-9]+\.[0-9]+$/.test(v)||t!==`v${v}`)process.exit(1)' \	2026-08-04T06:13:02.6135000Z shell: /bin/bash --noprofile --norc -e -o pipefail {0}
current-release-matrix	Run node -e 'const v=process.argv[1],t=process.argv[2];if(!/^[0-9]+\.[0-9]+\.[0-9]+$/.test(v)||t!==`v${v}`)process.exit(1)' \	2026-08-04T06:13:02.6135270Z env:
current-release-matrix	Run node -e 'const v=process.argv[1],t=process.argv[2];if(!/^[0-9]+\.[0-9]+\.[0-9]+$/.test(v)||t!==`v${v}`)process.exit(1)' \	2026-08-04T06:13:02.6135450Z   VOICE_RELEASE_TAG_INPUT: v1.0.0
current-release-matrix	Run node -e 'const v=process.argv[1],t=process.argv[2];if(!/^[0-9]+\.[0-9]+\.[0-9]+$/.test(v)||t!==`v${v}`)process.exit(1)' \	2026-08-04T06:13:02.6135920Z   VOICE_RUNTIME_VERSION_INPUT: 1.0.0
current-release-matrix	Run node -e 'const v=process.argv[1],t=process.argv[2];if(!/^[0-9]+\.[0-9]+\.[0-9]+$/.test(v)||t!==`v${v}`)process.exit(1)' \	2026-08-04T06:13:02.6136180Z   VOICE_QUALIFICATION_RUN_ID_INPUT: 
current-release-matrix	Run node -e 'const v=process.argv[1],t=process.argv[2];if(!/^[0-9]+\.[0-9]+\.[0-9]+$/.test(v)||t!==`v${v}`)process.exit(1)' \	2026-08-04T06:13:02.6136390Z ##[endgroup]
current-release-matrix	Post Run actions/checkout@v4	﻿2026-08-04T06:13:02.7184410Z Node 20 is being deprecated. This workflow is running with Node 24 by default. If you need to temporarily use Node 20, you can set the ACTIONS_ALLOW_USE_UNSECURE_NODE_VERSION=true environment variable. For more information see: https://github.blog/changelog/2025-09-19-deprecation-of-node-20-on-github-actions-runners/
current-release-matrix	Post Run actions/checkout@v4	2026-08-04T06:13:02.7186010Z Post job cleanup.
current-release-matrix	Post Run actions/checkout@v4	2026-08-04T06:13:02.7997330Z [command]/usr/bin/git version
current-release-matrix	Post Run actions/checkout@v4	2026-08-04T06:13:02.8177660Z git version 2.50.1 (Apple Git-155)
current-release-matrix	Post Run actions/checkout@v4	2026-08-04T06:13:02.8205030Z Temporarily overriding HOME='/private/tmp/autobyteus-actions-runner-voice-v2.336.0-20260804-retry2/_work/_temp/a78cb6f1-a527-47a4-af90-e18446bb38a9' before making global git config changes
current-release-matrix	Post Run actions/checkout@v4	2026-08-04T06:13:02.8209630Z Adding repository directory to the temporary git global config as a safe directory
current-release-matrix	Post Run actions/checkout@v4	2026-08-04T06:13:02.8210780Z [command]/usr/bin/git config --global --add safe.directory /private/tmp/autobyteus-actions-runner-voice-v2.336.0-20260804-retry2/_work/autobyteus-voice-runtime/autobyteus-voice-runtime
current-release-matrix	Post Run actions/checkout@v4	2026-08-04T06:13:02.9049810Z [command]/usr/bin/git config --local --name-only --get-regexp core\.sshCommand
current-release-matrix	Post Run actions/checkout@v4	2026-08-04T06:13:02.9234170Z [command]/usr/bin/git submodule foreach --recursive sh -c "git config --local --name-only --get-regexp 'core\.sshCommand' && git config --local --unset-all 'core.sshCommand' || :"
current-release-matrix	Post Run actions/checkout@v4	2026-08-04T06:13:03.0297550Z [command]/usr/bin/git config --local --name-only --get-regexp http\.https\:\/\/github\.com\/\.extraheader
current-release-matrix	Post Run actions/checkout@v4	2026-08-04T06:13:03.0480170Z http.https://github.com/.extraheader
current-release-matrix	Post Run actions/checkout@v4	2026-08-04T06:13:03.0490260Z [command]/usr/bin/git config --local --unset-all http.https://github.com/.extraheader
current-release-matrix	Post Run actions/checkout@v4	2026-08-04T06:13:03.0675030Z [command]/usr/bin/git submodule foreach --recursive sh -c "git config --local --name-only --get-regexp 'http\.https\:\/\/github\.com\/\.extraheader' && git config --local --unset-all 'http.https://github.com/.extraheader' || :"
current-release-matrix	Post Run actions/checkout@v4	2026-08-04T06:13:03.1721130Z [command]/usr/bin/git config --local --name-only --get-regexp ^includeIf\.gitdir:
current-release-matrix	Post Run actions/checkout@v4	2026-08-04T06:13:03.1902980Z [command]/usr/bin/git submodule foreach --recursive git config --local --show-origin --name-only --get-regexp remote.origin.url
current-release-matrix	Complete job	﻿2026-08-04T06:13:03.3034210Z Evaluate and set job outputs
current-release-matrix	Complete job	2026-08-04T06:13:03.3038740Z Set output 'build'
current-release-matrix	Complete job	2026-08-04T06:13:03.3039940Z Set output 'digest'
current-release-matrix	Complete job	2026-08-04T06:13:03.3040380Z Cleaning up orphan processes
current-release-matrix	Complete job	2026-08-04T06:13:03.3200170Z ##[warning]Node.js 20 is deprecated. The following actions target Node.js 20 but are being forced to run on Node.js 24: actions/checkout@v4. For more information see: https://github.blog/changelog/2025-09-19-deprecation-of-node-20-on-github-actions-runners/
build-and-qualify (chinese, darwin-arm64)	Set up job	﻿2026-08-04T06:33:28.1046480Z Current runner version: '2.336.0'
build-and-qualify (chinese, darwin-arm64)	Set up job	2026-08-04T06:33:28.1052010Z Runner name: 'voice-m1-max-20260804-retry2'
build-and-qualify (chinese, darwin-arm64)	Set up job	2026-08-04T06:33:28.1052490Z Runner group name: 'Default'
build-and-qualify (chinese, darwin-arm64)	Set up job	2026-08-04T06:33:28.1053120Z Machine name: 'MacBookPro'
build-and-qualify (chinese, darwin-arm64)	Set up job	2026-08-04T06:33:28.1055410Z ##[group]GITHUB_TOKEN Permissions
build-and-qualify (chinese, darwin-arm64)	Set up job	2026-08-04T06:33:28.1056680Z Actions: read
build-and-qualify (chinese, darwin-arm64)	Set up job	2026-08-04T06:33:28.1057010Z Contents: write
build-and-qualify (chinese, darwin-arm64)	Set up job	2026-08-04T06:33:28.1057330Z Metadata: read
build-and-qualify (chinese, darwin-arm64)	Set up job	2026-08-04T06:33:28.1058080Z ##[endgroup]
build-and-qualify (chinese, darwin-arm64)	Set up job	2026-08-04T06:33:28.1060830Z Secret source: Actions
build-and-qualify (chinese, darwin-arm64)	Set up job	2026-08-04T06:33:28.1061490Z Prepare workflow directory
build-and-qualify (chinese, darwin-arm64)	Set up job	2026-08-04T06:33:28.1866500Z Prepare all required actions
build-and-qualify (chinese, darwin-arm64)	Set up job	2026-08-04T06:33:28.1905000Z Getting action download info
build-and-qualify (chinese, darwin-arm64)	Set up job	2026-08-04T06:33:28.8190390Z Download action repository 'actions/checkout@v4' (SHA:11d5960a326750d5838078e36cf38b85af677262)
build-and-qualify (chinese, darwin-arm64)	Set up job	2026-08-04T06:33:29.2924430Z Download action repository 'actions/upload-artifact@v4' (SHA:ea165f8d65b6e75b540449e92b4886f43607fa02)
build-and-qualify (chinese, darwin-arm64)	Set up job	2026-08-04T06:33:30.0099620Z Complete job name: build-and-qualify (chinese, darwin-arm64)
build-and-qualify (chinese, darwin-arm64)	Run actions/checkout@v4	﻿2026-08-04T06:33:30.0802440Z Node 20 is being deprecated. This workflow is running with Node 24 by default. If you need to temporarily use Node 20, you can set the ACTIONS_ALLOW_USE_UNSECURE_NODE_VERSION=true environment variable. For more information see: https://github.blog/changelog/2025-09-19-deprecation-of-node-20-on-github-actions-runners/
build-and-qualify (chinese, darwin-arm64)	Run actions/checkout@v4	2026-08-04T06:33:30.0812670Z ##[group]Run actions/checkout@v4
build-and-qualify (chinese, darwin-arm64)	Run actions/checkout@v4	2026-08-04T06:33:30.0813560Z with:
build-and-qualify (chinese, darwin-arm64)	Run actions/checkout@v4	2026-08-04T06:33:30.0814130Z   fetch-depth: 0
build-and-qualify (chinese, darwin-arm64)	Run actions/checkout@v4	2026-08-04T06:33:30.0814820Z   repository: AutoByteus/autobyteus-voice-runtime
build-and-qualify (chinese, darwin-arm64)	Run actions/checkout@v4	2026-08-04T06:33:30.0821380Z   token: ***
build-and-qualify (chinese, darwin-arm64)	Run actions/checkout@v4	2026-08-04T06:33:30.0822010Z   ssh-strict: true
build-and-qualify (chinese, darwin-arm64)	Run actions/checkout@v4	2026-08-04T06:33:30.0822590Z   ssh-user: git
build-and-qualify (chinese, darwin-arm64)	Run actions/checkout@v4	2026-08-04T06:33:30.0823200Z   persist-credentials: true
build-and-qualify (chinese, darwin-arm64)	Run actions/checkout@v4	2026-08-04T06:33:30.0824160Z   clean: true
build-and-qualify (chinese, darwin-arm64)	Run actions/checkout@v4	2026-08-04T06:33:30.0824780Z   sparse-checkout-cone-mode: true
build-and-qualify (chinese, darwin-arm64)	Run actions/checkout@v4	2026-08-04T06:33:30.0825480Z   fetch-tags: false
build-and-qualify (chinese, darwin-arm64)	Run actions/checkout@v4	2026-08-04T06:33:30.0826090Z   show-progress: true
build-and-qualify (chinese, darwin-arm64)	Run actions/checkout@v4	2026-08-04T06:33:30.0826700Z   lfs: false
build-and-qualify (chinese, darwin-arm64)	Run actions/checkout@v4	2026-08-04T06:33:30.0827300Z   submodules: false
build-and-qualify (chinese, darwin-arm64)	Run actions/checkout@v4	2026-08-04T06:33:30.0827950Z   set-safe-directory: true
build-and-qualify (chinese, darwin-arm64)	Run actions/checkout@v4	2026-08-04T06:33:30.0828680Z   allow-unsafe-pr-checkout: false
build-and-qualify (chinese, darwin-arm64)	Run actions/checkout@v4	2026-08-04T06:33:30.0829710Z env:
build-and-qualify (chinese, darwin-arm64)	Run actions/checkout@v4	2026-08-04T06:33:30.0830290Z   VOICE_RELEASE_TAG_INPUT: v1.0.0
build-and-qualify (chinese, darwin-arm64)	Run actions/checkout@v4	2026-08-04T06:33:30.0831140Z   VOICE_RUNTIME_VERSION_INPUT: 1.0.0
build-and-qualify (chinese, darwin-arm64)	Run actions/checkout@v4	2026-08-04T06:33:30.0832050Z   VOICE_QUALIFICATION_RUN_ID_INPUT: 
build-and-qualify (chinese, darwin-arm64)	Run actions/checkout@v4	2026-08-04T06:33:30.0832800Z ##[endgroup]
build-and-qualify (chinese, darwin-arm64)	Run actions/checkout@v4	2026-08-04T06:33:30.2127710Z Syncing repository: AutoByteus/autobyteus-voice-runtime
build-and-qualify (chinese, darwin-arm64)	Run actions/checkout@v4	2026-08-04T06:33:30.2131070Z ##[group]Getting Git version info
build-and-qualify (chinese, darwin-arm64)	Run actions/checkout@v4	2026-08-04T06:33:30.2137480Z Working directory is '/private/tmp/autobyteus-actions-runner-voice-v2.336.0-20260804-retry2/_work/autobyteus-voice-runtime/autobyteus-voice-runtime'
build-and-qualify (chinese, darwin-arm64)	Run actions/checkout@v4	2026-08-04T06:33:30.2140150Z [command]/usr/bin/git version
build-and-qualify (chinese, darwin-arm64)	Run actions/checkout@v4	2026-08-04T06:33:30.2293070Z git version 2.50.1 (Apple Git-155)
build-and-qualify (chinese, darwin-arm64)	Run actions/checkout@v4	2026-08-04T06:33:30.2304190Z ##[endgroup]
build-and-qualify (chinese, darwin-arm64)	Run actions/checkout@v4	2026-08-04T06:33:30.2322210Z Temporarily overriding HOME='/private/tmp/autobyteus-actions-runner-voice-v2.336.0-20260804-retry2/_work/_temp/03d65b17-4696-4d16-9a53-bafb40800d2c' before making global git config changes
build-and-qualify (chinese, darwin-arm64)	Run actions/checkout@v4	2026-08-04T06:33:30.2324860Z Adding repository directory to the temporary git global config as a safe directory
build-and-qualify (chinese, darwin-arm64)	Run actions/checkout@v4	2026-08-04T06:33:30.2327550Z [command]/usr/bin/git config --global --add safe.directory /private/tmp/autobyteus-actions-runner-voice-v2.336.0-20260804-retry2/_work/autobyteus-voice-runtime/autobyteus-voice-runtime
build-and-qualify (chinese, darwin-arm64)	Run actions/checkout@v4	2026-08-04T06:33:30.3235260Z [command]/usr/bin/git config --local --get remote.origin.url
build-and-qualify (chinese, darwin-arm64)	Run actions/checkout@v4	2026-08-04T06:33:30.3416030Z https://github.com/AutoByteus/autobyteus-voice-runtime
build-and-qualify (chinese, darwin-arm64)	Run actions/checkout@v4	2026-08-04T06:33:30.3425810Z ##[group]Removing previously created refs, to avoid conflicts
build-and-qualify (chinese, darwin-arm64)	Run actions/checkout@v4	2026-08-04T06:33:30.3429720Z [command]/usr/bin/git rev-parse --symbolic-full-name --verify --quiet HEAD
build-and-qualify (chinese, darwin-arm64)	Run actions/checkout@v4	2026-08-04T06:33:30.3618030Z refs/heads/main
build-and-qualify (chinese, darwin-arm64)	Run actions/checkout@v4	2026-08-04T06:33:30.3626380Z [command]/usr/bin/git checkout --detach
build-and-qualify (chinese, darwin-arm64)	Run actions/checkout@v4	2026-08-04T06:33:30.3982190Z HEAD is now at 5932090 Merge voice runtime post-archive release fix
build-and-qualify (chinese, darwin-arm64)	Run actions/checkout@v4	2026-08-04T06:33:30.4188160Z [command]/usr/bin/git branch --delete --force main
build-and-qualify (chinese, darwin-arm64)	Run actions/checkout@v4	2026-08-04T06:33:30.4411360Z Deleted branch main (was 5932090).
build-and-qualify (chinese, darwin-arm64)	Run actions/checkout@v4	2026-08-04T06:33:30.4643250Z ##[endgroup]
build-and-qualify (chinese, darwin-arm64)	Run actions/checkout@v4	2026-08-04T06:33:30.4645820Z [command]/usr/bin/git submodule status
build-and-qualify (chinese, darwin-arm64)	Run actions/checkout@v4	2026-08-04T06:33:30.5793770Z ##[group]Cleaning the repository
build-and-qualify (chinese, darwin-arm64)	Run actions/checkout@v4	2026-08-04T06:33:30.5795310Z [command]/usr/bin/git clean -ffdx
build-and-qualify (chinese, darwin-arm64)	Run actions/checkout@v4	2026-08-04T06:33:30.7585940Z Removing node_modules/
build-and-qualify (chinese, darwin-arm64)	Run actions/checkout@v4	2026-08-04T06:33:30.7586820Z Removing out/
build-and-qualify (chinese, darwin-arm64)	Run actions/checkout@v4	2026-08-04T06:33:30.7587570Z Removing providers/english-faster-whisper/__pycache__/
build-and-qualify (chinese, darwin-arm64)	Run actions/checkout@v4	2026-08-04T06:33:30.7588510Z Removing providers/english-mlx/__pycache__/
build-and-qualify (chinese, darwin-arm64)	Run actions/checkout@v4	2026-08-04T06:33:30.7589550Z Removing providers/python/autobyteus_voice_provider/__pycache__/
build-and-qualify (chinese, darwin-arm64)	Run actions/checkout@v4	2026-08-04T06:33:30.7590800Z Removing tests/providers/__pycache__/
build-and-qualify (chinese, darwin-arm64)	Run actions/checkout@v4	2026-08-04T06:33:30.7596700Z [command]/usr/bin/git reset --hard HEAD
build-and-qualify (chinese, darwin-arm64)	Run actions/checkout@v4	2026-08-04T06:33:30.7876160Z HEAD is now at 5932090 Merge voice runtime post-archive release fix
build-and-qualify (chinese, darwin-arm64)	Run actions/checkout@v4	2026-08-04T06:33:30.7882490Z ##[endgroup]
build-and-qualify (chinese, darwin-arm64)	Run actions/checkout@v4	2026-08-04T06:33:30.7883870Z ##[group]Disabling automatic garbage collection
build-and-qualify (chinese, darwin-arm64)	Run actions/checkout@v4	2026-08-04T06:33:30.7889180Z [command]/usr/bin/git config --local gc.auto 0
build-and-qualify (chinese, darwin-arm64)	Run actions/checkout@v4	2026-08-04T06:33:30.8075590Z ##[endgroup]
build-and-qualify (chinese, darwin-arm64)	Run actions/checkout@v4	2026-08-04T06:33:30.8076590Z ##[group]Setting up auth
build-and-qualify (chinese, darwin-arm64)	Run actions/checkout@v4	2026-08-04T06:33:30.8081350Z [command]/usr/bin/git config --local --name-only --get-regexp core\.sshCommand
build-and-qualify (chinese, darwin-arm64)	Run actions/checkout@v4	2026-08-04T06:33:30.8290130Z [command]/usr/bin/git submodule foreach --recursive sh -c "git config --local --name-only --get-regexp 'core\.sshCommand' && git config --local --unset-all 'core.sshCommand' || :"
build-and-qualify (chinese, darwin-arm64)	Run actions/checkout@v4	2026-08-04T06:33:30.9479180Z [command]/usr/bin/git config --local --name-only --get-regexp http\.https\:\/\/github\.com\/\.extraheader
build-and-qualify (chinese, darwin-arm64)	Run actions/checkout@v4	2026-08-04T06:33:30.9669100Z [command]/usr/bin/git submodule foreach --recursive sh -c "git config --local --name-only --get-regexp 'http\.https\:\/\/github\.com\/\.extraheader' && git config --local --unset-all 'http.https://github.com/.extraheader' || :"
build-and-qualify (chinese, darwin-arm64)	Run actions/checkout@v4	2026-08-04T06:33:31.0851350Z [command]/usr/bin/git config --local --name-only --get-regexp ^includeIf\.gitdir:
build-and-qualify (chinese, darwin-arm64)	Run actions/checkout@v4	2026-08-04T06:33:31.1052120Z [command]/usr/bin/git submodule foreach --recursive git config --local --show-origin --name-only --get-regexp remote.origin.url
build-and-qualify (chinese, darwin-arm64)	Run actions/checkout@v4	2026-08-04T06:33:31.2231800Z [command]/usr/bin/git config --local http.https://github.com/.extraheader AUTHORIZATION: basic ***
build-and-qualify (chinese, darwin-arm64)	Run actions/checkout@v4	2026-08-04T06:33:31.2471830Z ##[endgroup]
build-and-qualify (chinese, darwin-arm64)	Run actions/checkout@v4	2026-08-04T06:33:31.2472920Z ##[group]Fetching the repository
build-and-qualify (chinese, darwin-arm64)	Run actions/checkout@v4	2026-08-04T06:33:31.2478630Z [command]/usr/bin/git -c protocol.version=2 fetch --prune --no-recurse-submodules origin +refs/heads/*:refs/remotes/origin/* +refs/tags/*:refs/tags/*
build-and-qualify (chinese, darwin-arm64)	Run actions/checkout@v4	2026-08-04T06:33:31.8319720Z [command]/usr/bin/git branch --list --remote origin/main
build-and-qualify (chinese, darwin-arm64)	Run actions/checkout@v4	2026-08-04T06:33:31.8505100Z   origin/main
build-and-qualify (chinese, darwin-arm64)	Run actions/checkout@v4	2026-08-04T06:33:31.8512980Z [command]/usr/bin/git rev-parse refs/remotes/origin/main
build-and-qualify (chinese, darwin-arm64)	Run actions/checkout@v4	2026-08-04T06:33:31.8704320Z 5932090580d106648fa64375c7d8bd9ec2e23bff
build-and-qualify (chinese, darwin-arm64)	Run actions/checkout@v4	2026-08-04T06:33:31.8708250Z ##[endgroup]
build-and-qualify (chinese, darwin-arm64)	Run actions/checkout@v4	2026-08-04T06:33:31.8708690Z ##[group]Determining the checkout info
build-and-qualify (chinese, darwin-arm64)	Run actions/checkout@v4	2026-08-04T06:33:31.8709070Z ##[endgroup]
build-and-qualify (chinese, darwin-arm64)	Run actions/checkout@v4	2026-08-04T06:33:31.8713930Z [command]/usr/bin/git sparse-checkout disable
build-and-qualify (chinese, darwin-arm64)	Run actions/checkout@v4	2026-08-04T06:33:31.8941030Z [command]/usr/bin/git config --local --unset-all extensions.worktreeConfig
build-and-qualify (chinese, darwin-arm64)	Run actions/checkout@v4	2026-08-04T06:33:31.9141160Z ##[group]Checking out the ref
build-and-qualify (chinese, darwin-arm64)	Run actions/checkout@v4	2026-08-04T06:33:31.9145890Z [command]/usr/bin/git checkout --progress --force -B main refs/remotes/origin/main
build-and-qualify (chinese, darwin-arm64)	Run actions/checkout@v4	2026-08-04T06:33:31.9500700Z Switched to a new branch 'main'
build-and-qualify (chinese, darwin-arm64)	Run actions/checkout@v4	2026-08-04T06:33:31.9514440Z branch 'main' set up to track 'origin/main'.
build-and-qualify (chinese, darwin-arm64)	Run actions/checkout@v4	2026-08-04T06:33:31.9521430Z ##[endgroup]
build-and-qualify (chinese, darwin-arm64)	Run actions/checkout@v4	2026-08-04T06:33:31.9739350Z [command]/usr/bin/git log -1 --format=%H
build-and-qualify (chinese, darwin-arm64)	Run actions/checkout@v4	2026-08-04T06:33:31.9927620Z 5932090580d106648fa64375c7d8bd9ec2e23bff
build-and-qualify (chinese, darwin-arm64)	Verify source and closed toolchain	﻿2026-08-04T06:33:32.0092110Z ##[group]Run test "$(node --version)" = v22.23.1
build-and-qualify (chinese, darwin-arm64)	Verify source and closed toolchain	2026-08-04T06:33:32.0092580Z [36;1mtest "$(node --version)" = v22.23.1[0m
build-and-qualify (chinese, darwin-arm64)	Verify source and closed toolchain	2026-08-04T06:33:32.0093130Z [36;1mtest "$(shasum -a 256 contracts/catalog/current-release-matrix-v1.json | cut -d' ' -f1)" = "f3f57336d2598bc7c78ba0d8a10e6ad4da77c16b10274533986f29571d6de76d"[0m
build-and-qualify (chinese, darwin-arm64)	Verify source and closed toolchain	2026-08-04T06:33:32.0094080Z [36;1mnode build/verify-go-toolchain.mjs --go "$VOICE_GO"[0m
build-and-qualify (chinese, darwin-arm64)	Verify source and closed toolchain	2026-08-04T06:33:32.0094410Z [36;1mtest "$("$VOICE_CMAKE" --version | head -1)" = "cmake version 4.3.3"[0m
build-and-qualify (chinese, darwin-arm64)	Verify source and closed toolchain	2026-08-04T06:33:32.0094700Z [36;1mnpm ci --ignore-scripts[0m
build-and-qualify (chinese, darwin-arm64)	Verify source and closed toolchain	2026-08-04T06:33:32.0094890Z [36;1mnpm run check[0m
build-and-qualify (chinese, darwin-arm64)	Verify source and closed toolchain	2026-08-04T06:33:32.0141260Z shell: /bin/bash --noprofile --norc -e -o pipefail {0}
build-and-qualify (chinese, darwin-arm64)	Verify source and closed toolchain	2026-08-04T06:33:32.0141540Z env:
build-and-qualify (chinese, darwin-arm64)	Verify source and closed toolchain	2026-08-04T06:33:32.0141690Z   VOICE_RELEASE_TAG_INPUT: v1.0.0
build-and-qualify (chinese, darwin-arm64)	Verify source and closed toolchain	2026-08-04T06:33:32.0141900Z   VOICE_RUNTIME_VERSION_INPUT: 1.0.0
build-and-qualify (chinese, darwin-arm64)	Verify source and closed toolchain	2026-08-04T06:33:32.0142100Z   VOICE_QUALIFICATION_RUN_ID_INPUT: 
build-and-qualify (chinese, darwin-arm64)	Verify source and closed toolchain	2026-08-04T06:33:32.0142290Z ##[endgroup]
build-and-qualify (chinese, darwin-arm64)	Verify source and closed toolchain	2026-08-04T06:33:35.2675970Z {"schemaVersion":1,"version":"go version go1.26.5 darwin/arm64","host":{"platform":"darwin","architecture":"arm64"},"archive":{"fileName":"go1.26.5.darwin-arm64.tar.gz","sha256":"efb87ff28af9a188d0536ef5d42e63dd52ba8263cd7344a993cc48dd11dedb6a","sizeBytes":64738542},"rootIdentity":{"manifestFileName":"darwin-arm64.json","manifestSha256":"675d0ddbda6f6994975a17821aae5d6628aca94ca5fb6210ef1d00a850a6bce9","treeSha256":"27fd7f0918282550923f1820c890432b262feb7e574cb6bfd3c9f4962cdbb9ee","fileCount":15026,"totalSizeBytes":228637077}}
build-and-qualify (chinese, darwin-arm64)	Verify source and closed toolchain	2026-08-04T06:33:36.1670800Z 
build-and-qualify (chinese, darwin-arm64)	Verify source and closed toolchain	2026-08-04T06:33:36.1672050Z added 8 packages, and audited 9 packages in 770ms
build-and-qualify (chinese, darwin-arm64)	Verify source and closed toolchain	2026-08-04T06:33:36.1672500Z 
build-and-qualify (chinese, darwin-arm64)	Verify source and closed toolchain	2026-08-04T06:33:36.1674190Z 3 packages are looking for funding
build-and-qualify (chinese, darwin-arm64)	Verify source and closed toolchain	2026-08-04T06:33:36.1674740Z   run `npm fund` for details
build-and-qualify (chinese, darwin-arm64)	Verify source and closed toolchain	2026-08-04T06:33:36.1675040Z 
build-and-qualify (chinese, darwin-arm64)	Verify source and closed toolchain	2026-08-04T06:33:36.1675140Z found 0 vulnerabilities
build-and-qualify (chinese, darwin-arm64)	Verify source and closed toolchain	2026-08-04T06:33:36.2893890Z 
build-and-qualify (chinese, darwin-arm64)	Verify source and closed toolchain	2026-08-04T06:33:36.2894530Z > @autobyteus/voice-input-runtime@1.0.0 check
build-and-qualify (chinese, darwin-arm64)	Verify source and closed toolchain	2026-08-04T06:33:36.2895110Z > npm run check:js && npm run check:python && npm run check:go && npm run check:evidence && npm test
build-and-qualify (chinese, darwin-arm64)	Verify source and closed toolchain	2026-08-04T06:33:36.2895690Z 
build-and-qualify (chinese, darwin-arm64)	Verify source and closed toolchain	2026-08-04T06:33:36.4100720Z 
build-and-qualify (chinese, darwin-arm64)	Verify source and closed toolchain	2026-08-04T06:33:36.4101190Z > @autobyteus/voice-input-runtime@1.0.0 check:js
build-and-qualify (chinese, darwin-arm64)	Verify source and closed toolchain	2026-08-04T06:33:36.4101520Z > node tooling/check-source.mjs
build-and-qualify (chinese, darwin-arm64)	Verify source and closed toolchain	2026-08-04T06:33:36.4101660Z 
build-and-qualify (chinese, darwin-arm64)	Verify source and closed toolchain	2026-08-04T06:33:36.6186290Z 
build-and-qualify (chinese, darwin-arm64)	Verify source and closed toolchain	2026-08-04T06:33:36.6186810Z > @autobyteus/voice-input-runtime@1.0.0 check:python
build-and-qualify (chinese, darwin-arm64)	Verify source and closed toolchain	2026-08-04T06:33:36.6187370Z > python3 -m unittest discover -s tests/providers -p '*_test.py' && python3 -m compileall -q providers
build-and-qualify (chinese, darwin-arm64)	Verify source and closed toolchain	2026-08-04T06:33:36.6187700Z 
build-and-qualify (chinese, darwin-arm64)	Verify source and closed toolchain	2026-08-04T06:33:36.8963170Z .......
build-and-qualify (chinese, darwin-arm64)	Verify source and closed toolchain	2026-08-04T06:33:36.8963540Z ----------------------------------------------------------------------
build-and-qualify (chinese, darwin-arm64)	Verify source and closed toolchain	2026-08-04T06:33:36.8963920Z Ran 7 tests in 0.063s
build-and-qualify (chinese, darwin-arm64)	Verify source and closed toolchain	2026-08-04T06:33:36.8964030Z 
build-and-qualify (chinese, darwin-arm64)	Verify source and closed toolchain	2026-08-04T06:33:36.8964110Z OK
build-and-qualify (chinese, darwin-arm64)	Verify source and closed toolchain	2026-08-04T06:33:37.0833990Z 
build-and-qualify (chinese, darwin-arm64)	Verify source and closed toolchain	2026-08-04T06:33:37.0834900Z > @autobyteus/voice-input-runtime@1.0.0 check:go
build-and-qualify (chinese, darwin-arm64)	Verify source and closed toolchain	2026-08-04T06:33:37.0835270Z > node tooling/check-go.mjs
build-and-qualify (chinese, darwin-arm64)	Verify source and closed toolchain	2026-08-04T06:33:37.0835440Z 
build-and-qualify (chinese, darwin-arm64)	Verify source and closed toolchain	2026-08-04T06:33:39.1922580Z ?   	github.com/AutoByteus/autobyteus-voice-runtime/launcher/cmd/voice-provider-launcher	[no test files]
build-and-qualify (chinese, darwin-arm64)	Verify source and closed toolchain	2026-08-04T06:33:39.2015260Z ok  	github.com/AutoByteus/autobyteus-voice-runtime/launcher/internal	(cached)
build-and-qualify (chinese, darwin-arm64)	Verify source and closed toolchain	2026-08-04T06:33:39.2015870Z ?   	github.com/AutoByteus/autobyteus-voice-runtime/launcher/internal/embeddedplan	[no test files]
build-and-qualify (chinese, darwin-arm64)	Verify source and closed toolchain	2026-08-04T06:33:39.2064870Z ok  	github.com/AutoByteus/autobyteus-voice-runtime/packaging/archive	(cached)
build-and-qualify (chinese, darwin-arm64)	Verify source and closed toolchain	2026-08-04T06:33:39.2065520Z ?   	github.com/AutoByteus/autobyteus-voice-runtime/packaging/cmd/provider-package-tool	[no test files]
build-and-qualify (chinese, darwin-arm64)	Verify source and closed toolchain	2026-08-04T06:33:39.3404290Z 
build-and-qualify (chinese, darwin-arm64)	Verify source and closed toolchain	2026-08-04T06:33:39.3404900Z > @autobyteus/voice-input-runtime@1.0.0 check:evidence
build-and-qualify (chinese, darwin-arm64)	Verify source and closed toolchain	2026-08-04T06:33:39.3405470Z > node tooling/verify-english-preservation.mjs && node tooling/verify-chinese-qualification.mjs
build-and-qualify (chinese, darwin-arm64)	Verify source and closed toolchain	2026-08-04T06:33:39.3405820Z 
build-and-qualify (chinese, darwin-arm64)	Verify source and closed toolchain	2026-08-04T06:33:39.4721670Z English preservation v2 authority reproduced byte-identically.
build-and-qualify (chinese, darwin-arm64)	Verify source and closed toolchain	2026-08-04T06:33:39.6219480Z Chinese v2 scoring/trust and Profile Resource Policy verified.
build-and-qualify (chinese, darwin-arm64)	Verify source and closed toolchain	2026-08-04T06:33:39.7525670Z 
build-and-qualify (chinese, darwin-arm64)	Verify source and closed toolchain	2026-08-04T06:33:39.7527710Z > @autobyteus/voice-input-runtime@1.0.0 test
build-and-qualify (chinese, darwin-arm64)	Verify source and closed toolchain	2026-08-04T06:33:39.7528100Z > node --test tests/**/*.test.mjs
build-and-qualify (chinese, darwin-arm64)	Verify source and closed toolchain	2026-08-04T06:33:39.7528260Z 
build-and-qualify (chinese, darwin-arm64)	Verify source and closed toolchain	2026-08-04T06:33:39.8332160Z TAP version 13
build-and-qualify (chinese, darwin-arm64)	Verify source and closed toolchain	2026-08-04T06:33:40.3580780Z # Subtest: byte framing accepts every split and coalesced canonical records
build-and-qualify (chinese, darwin-arm64)	Verify source and closed toolchain	2026-08-04T06:33:40.3593580Z ok 1 - byte framing accepts every split and coalesced canonical records
build-and-qualify (chinese, darwin-arm64)	Verify source and closed toolchain	2026-08-04T06:33:40.3594020Z   ---
build-and-qualify (chinese, darwin-arm64)	Verify source and closed toolchain	2026-08-04T06:33:40.3594210Z   duration_ms: 49.253667
build-and-qualify (chinese, darwin-arm64)	Verify source and closed toolchain	2026-08-04T06:33:40.3594440Z   type: 'test'
build-and-qualify (chinese, darwin-arm64)	Verify source and closed toolchain	2026-08-04T06:33:40.3594620Z   ...
build-and-qualify (chinese, darwin-arm64)	Verify source and closed toolchain	2026-08-04T06:33:40.3594970Z # Subtest: invalid, oversized, noncanonical, and truncated prefixed lines fail
build-and-qualify (chinese, darwin-arm64)	Verify source and closed toolchain	2026-08-04T06:33:40.3595430Z ok 2 - invalid, oversized, noncanonical, and truncated prefixed lines fail
build-and-qualify (chinese, darwin-arm64)	Verify source and closed toolchain	2026-08-04T06:33:40.3595780Z   ---
build-and-qualify (chinese, darwin-arm64)	Verify source and closed toolchain	2026-08-04T06:33:40.3595980Z   duration_ms: 1.030958
build-and-qualify (chinese, darwin-arm64)	Verify source and closed toolchain	2026-08-04T06:33:40.3596210Z   type: 'test'
build-and-qualify (chinese, darwin-arm64)	Verify source and closed toolchain	2026-08-04T06:33:40.3596410Z   ...
build-and-qualify (chinese, darwin-arm64)	Verify source and closed toolchain	2026-08-04T06:33:40.3596740Z # Subtest: worker duration and qualification receipt clocks remain separate
build-and-qualify (chinese, darwin-arm64)	Verify source and closed toolchain	2026-08-04T06:33:40.3597180Z ok 3 - worker duration and qualification receipt clocks remain separate
build-and-qualify (chinese, darwin-arm64)	Verify source and closed toolchain	2026-08-04T06:33:40.3597530Z   ---
build-and-qualify (chinese, darwin-arm64)	Verify source and closed toolchain	2026-08-04T06:33:40.3597710Z   duration_ms: 0.12675
build-and-qualify (chinese, darwin-arm64)	Verify source and closed toolchain	2026-08-04T06:33:40.3597970Z   type: 'test'
build-and-qualify (chinese, darwin-arm64)	Verify source and closed toolchain	2026-08-04T06:33:40.3598140Z   ...
build-and-qualify (chinese, darwin-arm64)	Verify source and closed toolchain	2026-08-04T06:33:40.3598420Z # Subtest: diagnostic receipt time is captured at LF consumption
build-and-qualify (chinese, darwin-arm64)	Verify source and closed toolchain	2026-08-04T06:33:40.3598790Z ok 4 - diagnostic receipt time is captured at LF consumption
build-and-qualify (chinese, darwin-arm64)	Verify source and closed toolchain	2026-08-04T06:33:40.3599110Z   ---
build-and-qualify (chinese, darwin-arm64)	Verify source and closed toolchain	2026-08-04T06:33:40.3599280Z   duration_ms: 0.236625
build-and-qualify (chinese, darwin-arm64)	Verify source and closed toolchain	2026-08-04T06:33:40.3599510Z   type: 'test'
build-and-qualify (chinese, darwin-arm64)	Verify source and closed toolchain	2026-08-04T06:33:40.3599680Z   ...
build-and-qualify (chinese, darwin-arm64)	Verify source and closed toolchain	2026-08-04T06:33:40.3600050Z # Subtest: closed RSS windows retain contained, crossings, touching, and shared samples
build-and-qualify (chinese, darwin-arm64)	Verify source and closed toolchain	2026-08-04T06:33:40.3600530Z ok 5 - closed RSS windows retain contained, crossings, touching, and shared samples
build-and-qualify (chinese, darwin-arm64)	Verify source and closed toolchain	2026-08-04T06:33:40.3600860Z   ---
build-and-qualify (chinese, darwin-arm64)	Verify source and closed toolchain	2026-08-04T06:33:40.3601030Z   duration_ms: 0.574834
build-and-qualify (chinese, darwin-arm64)	Verify source and closed toolchain	2026-08-04T06:33:40.3601250Z   type: 'test'
build-and-qualify (chinese, darwin-arm64)	Verify source and closed toolchain	2026-08-04T06:33:40.3601410Z   ...
build-and-qualify (chinese, darwin-arm64)	Verify source and closed toolchain	2026-08-04T06:33:40.3601830Z # Subtest: invalid windows, ordering, and worker regression fail closed
build-and-qualify (chinese, darwin-arm64)	Verify source and closed toolchain	2026-08-04T06:33:40.3602240Z ok 6 - invalid windows, ordering, and worker regression fail closed
build-and-qualify (chinese, darwin-arm64)	Verify source and closed toolchain	2026-08-04T06:33:40.3602530Z   ---
build-and-qualify (chinese, darwin-arm64)	Verify source and closed toolchain	2026-08-04T06:33:40.3602720Z   duration_ms: 0.288542
build-and-qualify (chinese, darwin-arm64)	Verify source and closed toolchain	2026-08-04T06:33:40.3602960Z   type: 'test'
build-and-qualify (chinese, darwin-arm64)	Verify source and closed toolchain	2026-08-04T06:33:40.3603120Z   ...
build-and-qualify (chinese, darwin-arm64)	Verify source and closed toolchain	2026-08-04T06:33:40.3603410Z # Subtest: failed partial preparation is retained and unrelated stderr is redacted
build-and-qualify (chinese, darwin-arm64)	Verify source and closed toolchain	2026-08-04T06:33:40.3603890Z ok 7 - failed partial preparation is retained and unrelated stderr is redacted
build-and-qualify (chinese, darwin-arm64)	Verify source and closed toolchain	2026-08-04T06:33:40.3604200Z   ---
build-and-qualify (chinese, darwin-arm64)	Verify source and closed toolchain	2026-08-04T06:33:40.3604360Z   duration_ms: 0.291583
build-and-qualify (chinese, darwin-arm64)	Verify source and closed toolchain	2026-08-04T06:33:40.3619490Z   type: 'test'
build-and-qualify (chinese, darwin-arm64)	Verify source and closed toolchain	2026-08-04T06:33:40.3619740Z   ...
build-and-qualify (chinese, darwin-arm64)	Verify source and closed toolchain	2026-08-04T06:33:40.3620060Z # Subtest: successful preparation with no RSS coverage fails durable evidence
build-and-qualify (chinese, darwin-arm64)	Verify source and closed toolchain	2026-08-04T06:33:40.3620530Z ok 8 - successful preparation with no RSS coverage fails durable evidence
build-and-qualify (chinese, darwin-arm64)	Verify source and closed toolchain	2026-08-04T06:33:40.3620870Z   ---
build-and-qualify (chinese, darwin-arm64)	Verify source and closed toolchain	2026-08-04T06:33:40.3621050Z   duration_ms: 19.415709
build-and-qualify (chinese, darwin-arm64)	Verify source and closed toolchain	2026-08-04T06:33:40.3621240Z   type: 'test'
build-and-qualify (chinese, darwin-arm64)	Verify source and closed toolchain	2026-08-04T06:33:40.3621420Z   ...
build-and-qualify (chinese, darwin-arm64)	Verify source and closed toolchain	2026-08-04T06:33:40.3879000Z # Subtest: written evidence revalidates and recomputes
build-and-qualify (chinese, darwin-arm64)	Verify source and closed toolchain	2026-08-04T06:33:40.3913990Z ok 9 - written evidence revalidates and recomputes
build-and-qualify (chinese, darwin-arm64)	Verify source and closed toolchain	2026-08-04T06:33:40.3980340Z   ---
build-and-qualify (chinese, darwin-arm64)	Verify source and closed toolchain	2026-08-04T06:33:40.4081960Z   duration_ms: 30.6445
build-and-qualify (chinese, darwin-arm64)	Verify source and closed toolchain	2026-08-04T06:33:40.4181200Z   type: 'test'
build-and-qualify (chinese, darwin-arm64)	Verify source and closed toolchain	2026-08-04T06:33:40.4225460Z   ...
build-and-qualify (chinese, darwin-arm64)	Verify source and closed toolchain	2026-08-04T06:33:40.4263880Z # Subtest: qualification binding rejects evidence from another attempt identity
build-and-qualify (chinese, darwin-arm64)	Verify source and closed toolchain	2026-08-04T06:33:40.4265100Z ok 10 - qualification binding rejects evidence from another attempt identity
build-and-qualify (chinese, darwin-arm64)	Verify source and closed toolchain	2026-08-04T06:33:40.4265930Z   ---
build-and-qualify (chinese, darwin-arm64)	Verify source and closed toolchain	2026-08-04T06:33:40.4266250Z   duration_ms: 16.470667
build-and-qualify (chinese, darwin-arm64)	Verify source and closed toolchain	2026-08-04T06:33:40.4266460Z   type: 'test'
build-and-qualify (chinese, darwin-arm64)	Verify source and closed toolchain	2026-08-04T06:33:40.4266630Z   ...
build-and-qualify (chinese, darwin-arm64)	Verify source and closed toolchain	2026-08-04T06:33:40.4266890Z # Subtest: session follows ready, request, and bounded shutdown
build-and-qualify (chinese, darwin-arm64)	Verify source and closed toolchain	2026-08-04T06:33:40.4267790Z ok 11 - session follows ready, request, and bounded shutdown
build-and-qualify (chinese, darwin-arm64)	Verify source and closed toolchain	2026-08-04T06:33:40.4268060Z   ---
build-and-qualify (chinese, darwin-arm64)	Verify source and closed toolchain	2026-08-04T06:33:40.4268250Z   duration_ms: 2.863792
build-and-qualify (chinese, darwin-arm64)	Verify source and closed toolchain	2026-08-04T06:33:40.4268420Z   type: 'test'
build-and-qualify (chinese, darwin-arm64)	Verify source and closed toolchain	2026-08-04T06:33:40.4268590Z   ...
build-and-qualify (chinese, darwin-arm64)	Verify source and closed toolchain	2026-08-04T06:33:40.4268850Z # Subtest: malformed protocol terminally fails and awaits termination
build-and-qualify (chinese, darwin-arm64)	Verify source and closed toolchain	2026-08-04T06:33:40.4269550Z ok 12 - malformed protocol terminally fails and awaits termination
build-and-qualify (chinese, darwin-arm64)	Verify source and closed toolchain	2026-08-04T06:33:40.4269830Z   ---
build-and-qualify (chinese, darwin-arm64)	Verify source and closed toolchain	2026-08-04T06:33:40.4270030Z   duration_ms: 0.5135
build-and-qualify (chinese, darwin-arm64)	Verify source and closed toolchain	2026-08-04T06:33:40.4270220Z   type: 'test'
build-and-qualify (chinese, darwin-arm64)	Verify source and closed toolchain	2026-08-04T06:33:40.4270390Z   ...
build-and-qualify (chinese, darwin-arm64)	Verify source and closed toolchain	2026-08-04T06:33:40.4270630Z # Subtest: hello timeout terminally fails and awaits termination
build-and-qualify (chinese, darwin-arm64)	Verify source and closed toolchain	2026-08-04T06:33:40.4270990Z ok 13 - hello timeout terminally fails and awaits termination
build-and-qualify (chinese, darwin-arm64)	Verify source and closed toolchain	2026-08-04T06:33:40.4271270Z   ---
build-and-qualify (chinese, darwin-arm64)	Verify source and closed toolchain	2026-08-04T06:33:40.4271440Z   duration_ms: 49.994875
build-and-qualify (chinese, darwin-arm64)	Verify source and closed toolchain	2026-08-04T06:33:40.4271640Z   type: 'test'
build-and-qualify (chinese, darwin-arm64)	Verify source and closed toolchain	2026-08-04T06:33:40.4271800Z   ...
build-and-qualify (chinese, darwin-arm64)	Verify source and closed toolchain	2026-08-04T06:33:40.4272020Z # Subtest: write failure terminally fails without replay
build-and-qualify (chinese, darwin-arm64)	Verify source and closed toolchain	2026-08-04T06:33:40.4272340Z ok 14 - write failure terminally fails without replay
build-and-qualify (chinese, darwin-arm64)	Verify source and closed toolchain	2026-08-04T06:33:40.4272610Z   ---
build-and-qualify (chinese, darwin-arm64)	Verify source and closed toolchain	2026-08-04T06:33:40.4272760Z   duration_ms: 0.54
build-and-qualify (chinese, darwin-arm64)	Verify source and closed toolchain	2026-08-04T06:33:40.4272950Z   type: 'test'
build-and-qualify (chinese, darwin-arm64)	Verify source and closed toolchain	2026-08-04T06:33:40.4273110Z   ...
build-and-qualify (chinese, darwin-arm64)	Verify source and closed toolchain	2026-08-04T06:33:40.4273410Z # Subtest: terminal failure escalates once when graceful termination is ignored
build-and-qualify (chinese, darwin-arm64)	Verify source and closed toolchain	2026-08-04T06:33:40.4273860Z ok 15 - terminal failure escalates once when graceful termination is ignored
build-and-qualify (chinese, darwin-arm64)	Verify source and closed toolchain	2026-08-04T06:33:40.4274160Z   ---
build-and-qualify (chinese, darwin-arm64)	Verify source and closed toolchain	2026-08-04T06:33:40.4274320Z   duration_ms: 21.303791
build-and-qualify (chinese, darwin-arm64)	Verify source and closed toolchain	2026-08-04T06:33:40.4274520Z   type: 'test'
build-and-qualify (chinese, darwin-arm64)	Verify source and closed toolchain	2026-08-04T06:33:40.4274680Z   ...
build-and-qualify (chinese, darwin-arm64)	Verify source and closed toolchain	2026-08-04T06:33:40.4274990Z # Subtest: statefully decodes UTF-8 and line delimiters split at every byte
build-and-qualify (chinese, darwin-arm64)	Verify source and closed toolchain	2026-08-04T06:33:40.4275410Z ok 16 - statefully decodes UTF-8 and line delimiters split at every byte
build-and-qualify (chinese, darwin-arm64)	Verify source and closed toolchain	2026-08-04T06:33:40.4275710Z   ---
build-and-qualify (chinese, darwin-arm64)	Verify source and closed toolchain	2026-08-04T06:33:40.4275870Z   duration_ms: 6.474958
build-and-qualify (chinese, darwin-arm64)	Verify source and closed toolchain	2026-08-04T06:33:40.4276060Z   type: 'test'
build-and-qualify (chinese, darwin-arm64)	Verify source and closed toolchain	2026-08-04T06:33:40.4276210Z   ...
build-and-qualify (chinese, darwin-arm64)	Verify source and closed toolchain	2026-08-04T06:33:40.4276480Z # Subtest: truncated UTF-8 on stdout termination fails the session
build-and-qualify (chinese, darwin-arm64)	Verify source and closed toolchain	2026-08-04T06:33:40.4276880Z ok 17 - truncated UTF-8 on stdout termination fails the session
build-and-qualify (chinese, darwin-arm64)	Verify source and closed toolchain	2026-08-04T06:33:40.4277170Z   ---
build-and-qualify (chinese, darwin-arm64)	Verify source and closed toolchain	2026-08-04T06:33:40.4277330Z   duration_ms: 0.651833
build-and-qualify (chinese, darwin-arm64)	Verify source and closed toolchain	2026-08-04T06:33:40.4277530Z   type: 'test'
build-and-qualify (chinese, darwin-arm64)	Verify source and closed toolchain	2026-08-04T06:33:40.4277670Z   ...
build-and-qualify (chinese, darwin-arm64)	Verify source and closed toolchain	2026-08-04T06:33:40.4277940Z # Subtest: session forwards exact raw stderr chunks without interpreting framing
build-and-qualify (chinese, darwin-arm64)	Verify source and closed toolchain	2026-08-04T06:33:40.4278370Z ok 18 - session forwards exact raw stderr chunks without interpreting framing
build-and-qualify (chinese, darwin-arm64)	Verify source and closed toolchain	2026-08-04T06:33:40.4278660Z   ---
build-and-qualify (chinese, darwin-arm64)	Verify source and closed toolchain	2026-08-04T06:33:40.4278830Z   duration_ms: 0.858167
build-and-qualify (chinese, darwin-arm64)	Verify source and closed toolchain	2026-08-04T06:33:40.4279010Z   type: 'test'
build-and-qualify (chinese, darwin-arm64)	Verify source and closed toolchain	2026-08-04T06:33:40.4279210Z   ...
build-and-qualify (chinese, darwin-arm64)	Verify source and closed toolchain	2026-08-04T06:33:47.7166760Z # Subtest: CommonCrypto streaming digest matches exact boundary payloads
build-and-qualify (chinese, darwin-arm64)	Verify source and closed toolchain	2026-08-04T06:33:47.7167370Z ok 19 - CommonCrypto streaming digest matches exact boundary payloads
build-and-qualify (chinese, darwin-arm64)	Verify source and closed toolchain	2026-08-04T06:33:47.7167650Z   ---
build-and-qualify (chinese, darwin-arm64)	Verify source and closed toolchain	2026-08-04T06:33:47.7167830Z   duration_ms: 7798.246375
build-and-qualify (chinese, darwin-arm64)	Verify source and closed toolchain	2026-08-04T06:33:47.7168280Z   type: 'test'
build-and-qualify (chinese, darwin-arm64)	Verify source and closed toolchain	2026-08-04T06:33:47.7168770Z   ...
build-and-qualify (chinese, darwin-arm64)	Verify source and closed toolchain	2026-08-04T06:33:48.1550440Z # Subtest: integrity owner is bounded, Apple-only, and classifies failures
build-and-qualify (chinese, darwin-arm64)	Verify source and closed toolchain	2026-08-04T06:33:48.1551010Z ok 20 - integrity owner is bounded, Apple-only, and classifies failures
build-and-qualify (chinese, darwin-arm64)	Verify source and closed toolchain	2026-08-04T06:33:48.1551340Z   ---
build-and-qualify (chinese, darwin-arm64)	Verify source and closed toolchain	2026-08-04T06:33:48.1551530Z   duration_ms: 438.232792
build-and-qualify (chinese, darwin-arm64)	Verify source and closed toolchain	2026-08-04T06:33:48.1551730Z   type: 'test'
build-and-qualify (chinese, darwin-arm64)	Verify source and closed toolchain	2026-08-04T06:33:48.1551900Z   ...
build-and-qualify (chinese, darwin-arm64)	Verify source and closed toolchain	2026-08-04T06:33:48.4021140Z # Subtest: preparation emitter writes exact private canonical lines
build-and-qualify (chinese, darwin-arm64)	Verify source and closed toolchain	2026-08-04T06:33:48.4026270Z ok 21 - preparation emitter writes exact private canonical lines
build-and-qualify (chinese, darwin-arm64)	Verify source and closed toolchain	2026-08-04T06:33:48.4026600Z   ---
build-and-qualify (chinese, darwin-arm64)	Verify source and closed toolchain	2026-08-04T06:33:48.4026820Z   duration_ms: 248.187125
build-and-qualify (chinese, darwin-arm64)	Verify source and closed toolchain	2026-08-04T06:33:48.4027020Z   type: 'test'
build-and-qualify (chinese, darwin-arm64)	Verify source and closed toolchain	2026-08-04T06:33:48.4027180Z   ...
build-and-qualify (chinese, darwin-arm64)	Verify source and closed toolchain	2026-08-04T06:33:48.4090550Z # Subtest: cleanup removes a verified read-only package tree
build-and-qualify (chinese, darwin-arm64)	Verify source and closed toolchain	2026-08-04T06:33:48.4090970Z ok 22 - cleanup removes a verified read-only package tree
build-and-qualify (chinese, darwin-arm64)	Verify source and closed toolchain	2026-08-04T06:33:48.4091800Z   ---
build-and-qualify (chinese, darwin-arm64)	Verify source and closed toolchain	2026-08-04T06:33:48.4091980Z   duration_ms: 23.049833
build-and-qualify (chinese, darwin-arm64)	Verify source and closed toolchain	2026-08-04T06:33:48.4092170Z   type: 'test'
build-and-qualify (chinese, darwin-arm64)	Verify source and closed toolchain	2026-08-04T06:33:48.4092310Z   ...
build-and-qualify (chinese, darwin-arm64)	Verify source and closed toolchain	2026-08-04T06:33:48.4092580Z # Subtest: internal target mapping covers every supported Node and Go tuple
build-and-qualify (chinese, darwin-arm64)	Verify source and closed toolchain	2026-08-04T06:33:48.4093030Z ok 23 - internal target mapping covers every supported Node and Go tuple
build-and-qualify (chinese, darwin-arm64)	Verify source and closed toolchain	2026-08-04T06:33:48.4093610Z   ---
build-and-qualify (chinese, darwin-arm64)	Verify source and closed toolchain	2026-08-04T06:33:48.4093790Z   duration_ms: 1.0605
build-and-qualify (chinese, darwin-arm64)	Verify source and closed toolchain	2026-08-04T06:33:48.4093970Z   type: 'test'
build-and-qualify (chinese, darwin-arm64)	Verify source and closed toolchain	2026-08-04T06:33:48.4094120Z   ...
build-and-qualify (chinese, darwin-arm64)	Verify source and closed toolchain	2026-08-04T06:33:48.4094380Z # Subtest: every supported Go root manifest is bound to its locked archive
build-and-qualify (chinese, darwin-arm64)	Verify source and closed toolchain	2026-08-04T06:33:48.4094820Z ok 24 - every supported Go root manifest is bound to its locked archive
build-and-qualify (chinese, darwin-arm64)	Verify source and closed toolchain	2026-08-04T06:33:48.4095100Z   ---
build-and-qualify (chinese, darwin-arm64)	Verify source and closed toolchain	2026-08-04T06:33:48.4095260Z   duration_ms: 84.756333
build-and-qualify (chinese, darwin-arm64)	Verify source and closed toolchain	2026-08-04T06:33:48.4095450Z   type: 'test'
build-and-qualify (chinese, darwin-arm64)	Verify source and closed toolchain	2026-08-04T06:33:48.4095660Z   ...
build-and-qualify (chinese, darwin-arm64)	Verify source and closed toolchain	2026-08-04T06:33:48.4095960Z # Subtest: version-preserving fake Go compiler is rejected by exact bytes
build-and-qualify (chinese, darwin-arm64)	Verify source and closed toolchain	2026-08-04T06:33:48.4096370Z ok 25 - version-preserving fake Go compiler is rejected by exact bytes
build-and-qualify (chinese, darwin-arm64)	Verify source and closed toolchain	2026-08-04T06:33:48.4096670Z   ---
build-and-qualify (chinese, darwin-arm64)	Verify source and closed toolchain	2026-08-04T06:33:48.4096830Z   duration_ms: 104.796083
build-and-qualify (chinese, darwin-arm64)	Verify source and closed toolchain	2026-08-04T06:33:48.4097010Z   type: 'test'
build-and-qualify (chinese, darwin-arm64)	Verify source and closed toolchain	2026-08-04T06:33:48.4097150Z   ...
build-and-qualify (chinese, darwin-arm64)	Verify source and closed toolchain	2026-08-04T06:33:48.4097440Z # Subtest: official locked Go front binary without its sibling root is rejected
build-and-qualify (chinese, darwin-arm64)	Verify source and closed toolchain	2026-08-04T06:33:48.4097880Z ok 26 - official locked Go front binary without its sibling root is rejected
build-and-qualify (chinese, darwin-arm64)	Verify source and closed toolchain	2026-08-04T06:33:48.4098200Z   ---
build-and-qualify (chinese, darwin-arm64)	Verify source and closed toolchain	2026-08-04T06:33:48.4098370Z   duration_ms: 149.679833
build-and-qualify (chinese, darwin-arm64)	Verify source and closed toolchain	2026-08-04T06:33:48.4098580Z   type: 'test'
build-and-qualify (chinese, darwin-arm64)	Verify source and closed toolchain	2026-08-04T06:33:48.4098720Z   ...
build-and-qualify (chinese, darwin-arm64)	Verify source and closed toolchain	2026-08-04T06:33:48.4098980Z # Subtest: exact Go front binary is rejected when a sibling tool is missing
build-and-qualify (chinese, darwin-arm64)	Verify source and closed toolchain	2026-08-04T06:33:48.4099390Z ok 27 - exact Go front binary is rejected when a sibling tool is missing
build-and-qualify (chinese, darwin-arm64)	Verify source and closed toolchain	2026-08-04T06:33:48.4099680Z   ---
build-and-qualify (chinese, darwin-arm64)	Verify source and closed toolchain	2026-08-04T06:33:48.4099820Z   duration_ms: 37.760625
build-and-qualify (chinese, darwin-arm64)	Verify source and closed toolchain	2026-08-04T06:33:48.4099990Z   type: 'test'
build-and-qualify (chinese, darwin-arm64)	Verify source and closed toolchain	2026-08-04T06:33:48.4100150Z   ...
build-and-qualify (chinese, darwin-arm64)	Verify source and closed toolchain	2026-08-04T06:33:48.4100420Z # Subtest: exact Go front binary is rejected when a sibling tool is modified
build-and-qualify (chinese, darwin-arm64)	Verify source and closed toolchain	2026-08-04T06:33:48.4100800Z ok 28 - exact Go front binary is rejected when a sibling tool is modified
build-and-qualify (chinese, darwin-arm64)	Verify source and closed toolchain	2026-08-04T06:33:48.4101110Z   ---
build-and-qualify (chinese, darwin-arm64)	Verify source and closed toolchain	2026-08-04T06:33:48.4101260Z   duration_ms: 32.595833
build-and-qualify (chinese, darwin-arm64)	Verify source and closed toolchain	2026-08-04T06:33:48.4101460Z   type: 'test'
build-and-qualify (chinese, darwin-arm64)	Verify source and closed toolchain	2026-08-04T06:33:48.4101630Z   ...
build-and-qualify (chinese, darwin-arm64)	Verify source and closed toolchain	2026-08-04T06:33:48.4101890Z # Subtest: inherited alternate GOROOT is rejected before Go execution
build-and-qualify (chinese, darwin-arm64)	Verify source and closed toolchain	2026-08-04T06:33:48.4102260Z ok 29 - inherited alternate GOROOT is rejected before Go execution
build-and-qualify (chinese, darwin-arm64)	Verify source and closed toolchain	2026-08-04T06:33:48.4102520Z   ---
build-and-qualify (chinese, darwin-arm64)	Verify source and closed toolchain	2026-08-04T06:33:48.4102670Z   duration_ms: 15.560333
build-and-qualify (chinese, darwin-arm64)	Verify source and closed toolchain	2026-08-04T06:33:48.4102850Z   type: 'test'
build-and-qualify (chinese, darwin-arm64)	Verify source and closed toolchain	2026-08-04T06:33:48.4102990Z   ...
build-and-qualify (chinese, darwin-arm64)	Verify source and closed toolchain	2026-08-04T06:33:48.4103240Z # Subtest: inherited GOCACHEPROG is rejected before verified Go invocation
build-and-qualify (chinese, darwin-arm64)	Verify source and closed toolchain	2026-08-04T06:33:48.4103640Z ok 30 - inherited GOCACHEPROG is rejected before verified Go invocation
build-and-qualify (chinese, darwin-arm64)	Verify source and closed toolchain	2026-08-04T06:33:48.4103920Z   ---
build-and-qualify (chinese, darwin-arm64)	Verify source and closed toolchain	2026-08-04T06:33:48.4104060Z   duration_ms: 58.524166
build-and-qualify (chinese, darwin-arm64)	Verify source and closed toolchain	2026-08-04T06:33:48.4104230Z   type: 'test'
build-and-qualify (chinese, darwin-arm64)	Verify source and closed toolchain	2026-08-04T06:33:48.4104400Z   ...
build-and-qualify (chinese, darwin-arm64)	Verify source and closed toolchain	2026-08-04T06:33:48.4105130Z # Subtest: locked native source rejects a modified tree at the same commit
build-and-qualify (chinese, darwin-arm64)	Verify source and closed toolchain	2026-08-04T06:33:48.4105590Z ok 31 - locked native source rejects a modified tree at the same commit
build-and-qualify (chinese, darwin-arm64)	Verify source and closed toolchain	2026-08-04T06:33:48.4105880Z   ---
build-and-qualify (chinese, darwin-arm64)	Verify source and closed toolchain	2026-08-04T06:33:48.4106050Z   duration_ms: 513.620458
build-and-qualify (chinese, darwin-arm64)	Verify source and closed toolchain	2026-08-04T06:33:48.4106230Z   type: 'test'
build-and-qualify (chinese, darwin-arm64)	Verify source and closed toolchain	2026-08-04T06:33:48.4106380Z   ...
build-and-qualify (chinese, darwin-arm64)	Verify source and closed toolchain	2026-08-04T06:33:48.4106650Z # Subtest: wheelhouse rejects target wheel bytes changed without a version change
build-and-qualify (chinese, darwin-arm64)	Verify source and closed toolchain	2026-08-04T06:33:48.4107090Z ok 32 - wheelhouse rejects target wheel bytes changed without a version change
build-and-qualify (chinese, darwin-arm64)	Verify source and closed toolchain	2026-08-04T06:33:48.4107380Z   ---
build-and-qualify (chinese, darwin-arm64)	Verify source and closed toolchain	2026-08-04T06:33:48.4107520Z   duration_ms: 4.068542
build-and-qualify (chinese, darwin-arm64)	Verify source and closed toolchain	2026-08-04T06:33:48.4107690Z   type: 'test'
build-and-qualify (chinese, darwin-arm64)	Verify source and closed toolchain	2026-08-04T06:33:48.4107830Z   ...
build-and-qualify (chinese, darwin-arm64)	Verify source and closed toolchain	2026-08-04T06:33:48.4108160Z # Subtest: operator-materialized Python trees are not accepted as build inputs
build-and-qualify (chinese, darwin-arm64)	Verify source and closed toolchain	2026-08-04T06:33:48.4108590Z ok 33 - operator-materialized Python trees are not accepted as build inputs
build-and-qualify (chinese, darwin-arm64)	Verify source and closed toolchain	2026-08-04T06:33:48.4109230Z   ---
build-and-qualify (chinese, darwin-arm64)	Verify source and closed toolchain	2026-08-04T06:33:48.4109370Z   duration_ms: 0.498791
build-and-qualify (chinese, darwin-arm64)	Verify source and closed toolchain	2026-08-04T06:33:48.4109540Z   type: 'test'
build-and-qualify (chinese, darwin-arm64)	Verify source and closed toolchain	2026-08-04T06:33:48.4109680Z   ...
build-and-qualify (chinese, darwin-arm64)	Verify source and closed toolchain	2026-08-04T06:33:48.4109950Z # Subtest: the exact locked topology becomes a closed relocatable reproducible tree
build-and-qualify (chinese, darwin-arm64)	Verify source and closed toolchain	2026-08-04T06:33:48.4110620Z ok 34 - the exact locked topology becomes a closed relocatable reproducible tree
build-and-qualify (chinese, darwin-arm64)	Verify source and closed toolchain	2026-08-04T06:33:48.4110910Z   ---
build-and-qualify (chinese, darwin-arm64)	Verify source and closed toolchain	2026-08-04T06:33:48.4111060Z   duration_ms: 345.468458
build-and-qualify (chinese, darwin-arm64)	Verify source and closed toolchain	2026-08-04T06:33:48.4111230Z   type: 'test'
build-and-qualify (chinese, darwin-arm64)	Verify source and closed toolchain	2026-08-04T06:33:48.4111370Z   ...
build-and-qualify (chinese, darwin-arm64)	Verify source and closed toolchain	2026-08-04T06:33:48.4111610Z # Subtest: unsafe, incomplete, and unexpected archive entries fail closed
build-and-qualify (chinese, darwin-arm64)	Verify source and closed toolchain	2026-08-04T06:33:48.4111920Z     # Subtest: absolute link
build-and-qualify (chinese, darwin-arm64)	Verify source and closed toolchain	2026-08-04T06:33:48.4112110Z     ok 1 - absolute link
build-and-qualify (chinese, darwin-arm64)	Verify source and closed toolchain	2026-08-04T06:33:48.4112280Z       ---
build-and-qualify (chinese, darwin-arm64)	Verify source and closed toolchain	2026-08-04T06:33:48.4112430Z       duration_ms: 34.079
build-and-qualify (chinese, darwin-arm64)	Verify source and closed toolchain	2026-08-04T06:33:48.4112610Z       type: 'test'
build-and-qualify (chinese, darwin-arm64)	Verify source and closed toolchain	2026-08-04T06:33:48.4112770Z       ...
build-and-qualify (chinese, darwin-arm64)	Verify source and closed toolchain	2026-08-04T06:33:48.4112940Z     # Subtest: escaping link
build-and-qualify (chinese, darwin-arm64)	Verify source and closed toolchain	2026-08-04T06:33:48.4113130Z     ok 2 - escaping link
build-and-qualify (chinese, darwin-arm64)	Verify source and closed toolchain	2026-08-04T06:33:48.4113300Z       ---
build-and-qualify (chinese, darwin-arm64)	Verify source and closed toolchain	2026-08-04T06:33:48.4113450Z       duration_ms: 62.253833
build-and-qualify (chinese, darwin-arm64)	Verify source and closed toolchain	2026-08-04T06:33:48.4113630Z       type: 'test'
build-and-qualify (chinese, darwin-arm64)	Verify source and closed toolchain	2026-08-04T06:33:48.4113790Z       ...
build-and-qualify (chinese, darwin-arm64)	Verify source and closed toolchain	2026-08-04T06:33:48.4113970Z     # Subtest: dangling link
build-and-qualify (chinese, darwin-arm64)	Verify source and closed toolchain	2026-08-04T06:33:48.4114160Z     ok 3 - dangling link
build-and-qualify (chinese, darwin-arm64)	Verify source and closed toolchain	2026-08-04T06:33:48.4114330Z       ---
build-and-qualify (chinese, darwin-arm64)	Verify source and closed toolchain	2026-08-04T06:33:48.4114480Z       duration_ms: 23.416208
build-and-qualify (chinese, darwin-arm64)	Verify source and closed toolchain	2026-08-04T06:33:48.4114670Z       type: 'test'
build-and-qualify (chinese, darwin-arm64)	Verify source and closed toolchain	2026-08-04T06:33:48.4114830Z       ...
build-and-qualify (chinese, darwin-arm64)	Verify source and closed toolchain	2026-08-04T06:33:48.4114970Z     # Subtest: cyclic link
build-and-qualify (chinese, darwin-arm64)	Verify source and closed toolchain	2026-08-04T06:33:48.4115540Z     ok 4 - cyclic link
build-and-qualify (chinese, darwin-arm64)	Verify source and closed toolchain	2026-08-04T06:33:48.4115780Z       ---
build-and-qualify (chinese, darwin-arm64)	Verify source and closed toolchain	2026-08-04T06:33:48.4115950Z       duration_ms: 17.164791
build-and-qualify (chinese, darwin-arm64)	Verify source and closed toolchain	2026-08-04T06:33:48.4116140Z       type: 'test'
build-and-qualify (chinese, darwin-arm64)	Verify source and closed toolchain	2026-08-04T06:33:48.4116290Z       ...
build-and-qualify (chinese, darwin-arm64)	Verify source and closed toolchain	2026-08-04T06:33:48.4116480Z     # Subtest: unexpected link
build-and-qualify (chinese, darwin-arm64)	Verify source and closed toolchain	2026-08-04T06:33:48.4116680Z     ok 5 - unexpected link
build-and-qualify (chinese, darwin-arm64)	Verify source and closed toolchain	2026-08-04T06:33:48.4117010Z       ---
build-and-qualify (chinese, darwin-arm64)	Verify source and closed toolchain	2026-08-04T06:33:48.4117340Z       duration_ms: 55.261417
build-and-qualify (chinese, darwin-arm64)	Verify source and closed toolchain	2026-08-04T06:33:48.4117540Z       type: 'test'
build-and-qualify (chinese, darwin-arm64)	Verify source and closed toolchain	2026-08-04T06:33:48.4117690Z       ...
build-and-qualify (chinese, darwin-arm64)	Verify source and closed toolchain	2026-08-04T06:33:48.4117860Z     # Subtest: missing approved link
build-and-qualify (chinese, darwin-arm64)	Verify source and closed toolchain	2026-08-04T06:33:48.4118080Z     ok 6 - missing approved link
build-and-qualify (chinese, darwin-arm64)	Verify source and closed toolchain	2026-08-04T06:33:48.4118270Z       ---
build-and-qualify (chinese, darwin-arm64)	Verify source and closed toolchain	2026-08-04T06:33:48.4118430Z       duration_ms: 19.055417
build-and-qualify (chinese, darwin-arm64)	Verify source and closed toolchain	2026-08-04T06:33:48.4118610Z       type: 'test'
build-and-qualify (chinese, darwin-arm64)	Verify source and closed toolchain	2026-08-04T06:33:48.4118760Z       ...
build-and-qualify (chinese, darwin-arm64)	Verify source and closed toolchain	2026-08-04T06:33:48.4118910Z     # Subtest: special entry
build-and-qualify (chinese, darwin-arm64)	Verify source and closed toolchain	2026-08-04T06:33:48.4119100Z     ok 7 - special entry
build-and-qualify (chinese, darwin-arm64)	Verify source and closed toolchain	2026-08-04T06:33:48.4119470Z       ---
build-and-qualify (chinese, darwin-arm64)	Verify source and closed toolchain	2026-08-04T06:33:48.4119650Z       duration_ms: 32.8595
build-and-qualify (chinese, darwin-arm64)	Verify source and closed toolchain	2026-08-04T06:33:48.4119840Z       type: 'test'
build-and-qualify (chinese, darwin-arm64)	Verify source and closed toolchain	2026-08-04T06:33:48.4119990Z       ...
build-and-qualify (chinese, darwin-arm64)	Verify source and closed toolchain	2026-08-04T06:33:48.4120130Z     1..7
build-and-qualify (chinese, darwin-arm64)	Verify source and closed toolchain	2026-08-04T06:33:48.4120380Z ok 35 - unsafe, incomplete, and unexpected archive entries fail closed
build-and-qualify (chinese, darwin-arm64)	Verify source and closed toolchain	2026-08-04T06:33:48.4120700Z   ---
build-and-qualify (chinese, darwin-arm64)	Verify source and closed toolchain	2026-08-04T06:33:48.4120860Z   duration_ms: 246.803167
build-and-qualify (chinese, darwin-arm64)	Verify source and closed toolchain	2026-08-04T06:33:48.4121030Z   type: 'test'
build-and-qualify (chinese, darwin-arm64)	Verify source and closed toolchain	2026-08-04T06:33:48.4121200Z   ...
build-and-qualify (chinese, darwin-arm64)	Verify source and closed toolchain	2026-08-04T06:33:48.4121480Z # Subtest: Python closure excludes dependency tests and development headers coherently
build-and-qualify (chinese, darwin-arm64)	Verify source and closed toolchain	2026-08-04T06:33:48.4121950Z ok 36 - Python closure excludes dependency tests and development headers coherently
build-and-qualify (chinese, darwin-arm64)	Verify source and closed toolchain	2026-08-04T06:33:48.4122270Z   ---
build-and-qualify (chinese, darwin-arm64)	Verify source and closed toolchain	2026-08-04T06:33:48.4122410Z   duration_ms: 71.317958
build-and-qualify (chinese, darwin-arm64)	Verify source and closed toolchain	2026-08-04T06:33:48.4122600Z   type: 'test'
build-and-qualify (chinese, darwin-arm64)	Verify source and closed toolchain	2026-08-04T06:33:48.4122740Z   ...
build-and-qualify (chinese, darwin-arm64)	Verify source and closed toolchain	2026-08-04T06:33:48.4123070Z # Subtest: the complete observed staged manifest passes the canonical Go validator after closure
build-and-qualify (chinese, darwin-arm64)	Verify source and closed toolchain	2026-08-04T06:33:48.4123580Z ok 37 - the complete observed staged manifest passes the canonical Go validator after closure
build-and-qualify (chinese, darwin-arm64)	Verify source and closed toolchain	2026-08-04T06:33:48.4123920Z   ---
build-and-qualify (chinese, darwin-arm64)	Verify source and closed toolchain	2026-08-04T06:33:48.4124070Z   duration_ms: 7512.404084
build-and-qualify (chinese, darwin-arm64)	Verify source and closed toolchain	2026-08-04T06:33:48.4124240Z   type: 'test'
build-and-qualify (chinese, darwin-arm64)	Verify source and closed toolchain	2026-08-04T06:33:48.4124380Z   ...
build-and-qualify (chinese, darwin-arm64)	Verify source and closed toolchain	2026-08-04T06:33:48.4124640Z # Subtest: reproducibility proof requires byte-identical archives and reports
build-and-qualify (chinese, darwin-arm64)	Verify source and closed toolchain	2026-08-04T06:33:48.4138370Z ok 38 - reproducibility proof requires byte-identical archives and reports
build-and-qualify (chinese, darwin-arm64)	Verify source and closed toolchain	2026-08-04T06:33:48.4141170Z   ---
build-and-qualify (chinese, darwin-arm64)	Verify source and closed toolchain	2026-08-04T06:33:48.4141520Z   duration_ms: 207.759542
build-and-qualify (chinese, darwin-arm64)	Verify source and closed toolchain	2026-08-04T06:33:48.4142490Z   type: 'test'
build-and-qualify (chinese, darwin-arm64)	Verify source and closed toolchain	2026-08-04T06:33:48.4142770Z   ...
build-and-qualify (chinese, darwin-arm64)	Verify source and closed toolchain	2026-08-04T06:33:48.4143240Z # Subtest: the exact Xcode clang++ alias links C++ while its identical clang target does not
build-and-qualify (chinese, darwin-arm64)	Verify source and closed toolchain	2026-08-04T06:33:48.4144440Z ok 39 - the exact Xcode clang++ alias links C++ while its identical clang target does not
build-and-qualify (chinese, darwin-arm64)	Verify source and closed toolchain	2026-08-04T06:33:48.4144870Z   ---
build-and-qualify (chinese, darwin-arm64)	Verify source and closed toolchain	2026-08-04T06:33:48.4145050Z   duration_ms: 4414.5995
build-and-qualify (chinese, darwin-arm64)	Verify source and closed toolchain	2026-08-04T06:33:48.4145370Z   type: 'test'
build-and-qualify (chinese, darwin-arm64)	Verify source and closed toolchain	2026-08-04T06:33:48.4145520Z   ...
build-and-qualify (chinese, darwin-arm64)	Verify source and closed toolchain	2026-08-04T06:33:48.4145830Z # Subtest: the clang++ alias rejects target, byte, topology, and directory drift
build-and-qualify (chinese, darwin-arm64)	Verify source and closed toolchain	2026-08-04T06:33:48.4146420Z ok 40 - the clang++ alias rejects target, byte, topology, and directory drift
build-and-qualify (chinese, darwin-arm64)	Verify source and closed toolchain	2026-08-04T06:33:48.4146770Z   ---
build-and-qualify (chinese, darwin-arm64)	Verify source and closed toolchain	2026-08-04T06:33:48.4146940Z   duration_ms: 185.223125
build-and-qualify (chinese, darwin-arm64)	Verify source and closed toolchain	2026-08-04T06:33:48.4147140Z   type: 'test'
build-and-qualify (chinese, darwin-arm64)	Verify source and closed toolchain	2026-08-04T06:33:48.4147330Z   ...
build-and-qualify (chinese, darwin-arm64)	Verify source and closed toolchain	2026-08-04T06:33:48.4147670Z # Subtest: native build overrides are rejected case-insensitively before use
build-and-qualify (chinese, darwin-arm64)	Verify source and closed toolchain	2026-08-04T06:33:48.4148120Z ok 41 - native build overrides are rejected case-insensitively before use
build-and-qualify (chinese, darwin-arm64)	Verify source and closed toolchain	2026-08-04T06:33:48.4148410Z   ---
build-and-qualify (chinese, darwin-arm64)	Verify source and closed toolchain	2026-08-04T06:33:48.4157100Z   duration_ms: 1.172083
build-and-qualify (chinese, darwin-arm64)	Verify source and closed toolchain	2026-08-04T06:33:48.4157450Z   type: 'test'
build-and-qualify (chinese, darwin-arm64)	Verify source and closed toolchain	2026-08-04T06:33:48.4157600Z   ...
build-and-qualify (chinese, darwin-arm64)	Verify source and closed toolchain	2026-08-04T06:33:48.4157910Z # Subtest: the production environment owner accepts the preflight CMake symlink
build-and-qualify (chinese, darwin-arm64)	Verify source and closed toolchain	2026-08-04T06:33:48.4158360Z ok 42 - the production environment owner accepts the preflight CMake symlink
build-and-qualify (chinese, darwin-arm64)	Verify source and closed toolchain	2026-08-04T06:33:48.4158650Z   ---
build-and-qualify (chinese, darwin-arm64)	Verify source and closed toolchain	2026-08-04T06:33:48.4158800Z   duration_ms: 641.137625
build-and-qualify (chinese, darwin-arm64)	Verify source and closed toolchain	2026-08-04T06:33:48.4158980Z   type: 'test'
build-and-qualify (chinese, darwin-arm64)	Verify source and closed toolchain	2026-08-04T06:33:48.4159120Z   ...
build-and-qualify (chinese, darwin-arm64)	Verify source and closed toolchain	2026-08-04T06:33:48.4159420Z # Subtest: the Xcode ranlib alias retains invocation semantics and authenticated topology
build-and-qualify (chinese, darwin-arm64)	Verify source and closed toolchain	2026-08-04T06:33:48.4159900Z ok 43 - the Xcode ranlib alias retains invocation semantics and authenticated topology
build-and-qualify (chinese, darwin-arm64)	Verify source and closed toolchain	2026-08-04T06:33:48.4160200Z   ---
build-and-qualify (chinese, darwin-arm64)	Verify source and closed toolchain	2026-08-04T06:33:48.4160340Z   duration_ms: 535.901709
build-and-qualify (chinese, darwin-arm64)	Verify source and closed toolchain	2026-08-04T06:33:48.4160520Z   type: 'test'
build-and-qualify (chinese, darwin-arm64)	Verify source and closed toolchain	2026-08-04T06:33:48.4160660Z   ...
build-and-qualify (chinese, darwin-arm64)	Verify source and closed toolchain	2026-08-04T06:33:48.4161000Z # Subtest: the canonical sandboxed package entry consumes outside-authorized preflight without sudo spawn
build-and-qualify (chinese, darwin-arm64)	Verify source and closed toolchain	2026-08-04T06:33:48.4161570Z ok 44 - the canonical sandboxed package entry consumes outside-authorized preflight without sudo spawn
build-and-qualify (chinese, darwin-arm64)	Verify source and closed toolchain	2026-08-04T06:33:48.4161920Z   ---
build-and-qualify (chinese, darwin-arm64)	Verify source and closed toolchain	2026-08-04T06:33:48.4162090Z   duration_ms: 1564.615208
build-and-qualify (chinese, darwin-arm64)	Verify source and closed toolchain	2026-08-04T06:33:48.4162260Z   type: 'test'
build-and-qualify (chinese, darwin-arm64)	Verify source and closed toolchain	2026-08-04T06:33:48.4162390Z   ...
build-and-qualify (chinese, darwin-arm64)	Verify source and closed toolchain	2026-08-04T06:33:48.4162870Z # Subtest: the trusted PATH is closed and rechecks every selected tool
build-and-qualify (chinese, darwin-arm64)	Verify source and closed toolchain	2026-08-04T06:33:48.4163240Z ok 45 - the trusted PATH is closed and rechecks every selected tool
build-and-qualify (chinese, darwin-arm64)	Verify source and closed toolchain	2026-08-04T06:33:48.4163490Z   ---
build-and-qualify (chinese, darwin-arm64)	Verify source and closed toolchain	2026-08-04T06:33:48.4163630Z   duration_ms: 93.562
build-and-qualify (chinese, darwin-arm64)	Verify source and closed toolchain	2026-08-04T06:33:48.4163790Z   type: 'test'
build-and-qualify (chinese, darwin-arm64)	Verify source and closed toolchain	2026-08-04T06:33:48.4163930Z   ...
build-and-qualify (chinese, darwin-arm64)	Verify source and closed toolchain	2026-08-04T06:33:48.4164210Z # Subtest: trusted executable bytes and explicit CMake configuration are bound
build-and-qualify (chinese, darwin-arm64)	Verify source and closed toolchain	2026-08-04T06:33:48.4164900Z ok 46 - trusted executable bytes and explicit CMake configuration are bound
build-and-qualify (chinese, darwin-arm64)	Verify source and closed toolchain	2026-08-04T06:33:48.4165320Z   ---
build-and-qualify (chinese, darwin-arm64)	Verify source and closed toolchain	2026-08-04T06:33:48.4165480Z   duration_ms: 6.788459
build-and-qualify (chinese, darwin-arm64)	Verify source and closed toolchain	2026-08-04T06:33:48.4165650Z   type: 'test'
build-and-qualify (chinese, darwin-arm64)	Verify source and closed toolchain	2026-08-04T06:33:48.4165790Z   ...
build-and-qualify (chinese, darwin-arm64)	Verify source and closed toolchain	2026-08-04T06:33:48.4166030Z # Subtest: resolved CMake selection must match the bound environment
build-and-qualify (chinese, darwin-arm64)	Verify source and closed toolchain	2026-08-04T06:33:48.4166410Z ok 47 - resolved CMake selection must match the bound environment
build-and-qualify (chinese, darwin-arm64)	Verify source and closed toolchain	2026-08-04T06:33:48.4166670Z   ---
build-and-qualify (chinese, darwin-arm64)	Verify source and closed toolchain	2026-08-04T06:33:48.4166820Z   duration_ms: 5.658584
build-and-qualify (chinese, darwin-arm64)	Verify source and closed toolchain	2026-08-04T06:33:48.4166980Z   type: 'test'
build-and-qualify (chinese, darwin-arm64)	Verify source and closed toolchain	2026-08-04T06:33:48.4167130Z   ...
build-and-qualify (chinese, darwin-arm64)	Verify source and closed toolchain	2026-08-04T06:33:48.4167350Z # Subtest: every current package builder consumes the trusted owner
build-and-qualify (chinese, darwin-arm64)	Verify source and closed toolchain	2026-08-04T06:33:48.4167710Z ok 48 - every current package builder consumes the trusted owner
build-and-qualify (chinese, darwin-arm64)	Verify source and closed toolchain	2026-08-04T06:33:48.4167970Z   ---
build-and-qualify (chinese, darwin-arm64)	Verify source and closed toolchain	2026-08-04T06:33:48.4168120Z   duration_ms: 3.504375
build-and-qualify (chinese, darwin-arm64)	Verify source and closed toolchain	2026-08-04T06:33:48.4168290Z   type: 'test'
build-and-qualify (chinese, darwin-arm64)	Verify source and closed toolchain	2026-08-04T06:33:48.4168430Z   ...
build-and-qualify (chinese, darwin-arm64)	Verify source and closed toolchain	2026-08-04T06:33:48.4168710Z # Subtest: the locked Metal sed pipeline runs through only the authenticated closed PATH
build-and-qualify (chinese, darwin-arm64)	Verify source and closed toolchain	2026-08-04T06:33:48.4169620Z ok 49 - the locked Metal sed pipeline runs through only the authenticated closed PATH
build-and-qualify (chinese, darwin-arm64)	Verify source and closed toolchain	2026-08-04T06:33:48.4169930Z   ---
build-and-qualify (chinese, darwin-arm64)	Verify source and closed toolchain	2026-08-04T06:33:48.4170090Z   duration_ms: 1121.209125
build-and-qualify (chinese, darwin-arm64)	Verify source and closed toolchain	2026-08-04T06:33:48.4170280Z   type: 'test'
build-and-qualify (chinese, darwin-arm64)	Verify source and closed toolchain	2026-08-04T06:33:48.4170620Z   ...
build-and-qualify (chinese, darwin-arm64)	Verify source and closed toolchain	2026-08-04T06:33:49.3635020Z # Subtest: pinned launcher build is byte deterministic and rejects public argv
build-and-qualify (chinese, darwin-arm64)	Verify source and closed toolchain	2026-08-04T06:33:49.3635630Z ok 50 - pinned launcher build is byte deterministic and rejects public argv
build-and-qualify (chinese, darwin-arm64)	Verify source and closed toolchain	2026-08-04T06:33:49.3635930Z   ---
build-and-qualify (chinese, darwin-arm64)	Verify source and closed toolchain	2026-08-04T06:33:49.3636090Z   duration_ms: 9140.457708
build-and-qualify (chinese, darwin-arm64)	Verify source and closed toolchain	2026-08-04T06:33:49.3636260Z   type: 'test'
build-and-qualify (chinese, darwin-arm64)	Verify source and closed toolchain	2026-08-04T06:33:49.3636410Z   ...
build-and-qualify (chinese, darwin-arm64)	Verify source and closed toolchain	2026-08-04T06:33:49.3688970Z # Subtest: relocated public launcher bootstraps the contained Python import root
build-and-qualify (chinese, darwin-arm64)	Verify source and closed toolchain	2026-08-04T06:33:49.3689520Z ok 51 - relocated public launcher bootstraps the contained Python import root
build-and-qualify (chinese, darwin-arm64)	Verify source and closed toolchain	2026-08-04T06:33:49.3689820Z   ---
build-and-qualify (chinese, darwin-arm64)	Verify source and closed toolchain	2026-08-04T06:33:49.3689980Z   duration_ms: 7683.601959
build-and-qualify (chinese, darwin-arm64)	Verify source and closed toolchain	2026-08-04T06:33:49.3690200Z   type: 'test'
build-and-qualify (chinese, darwin-arm64)	Verify source and closed toolchain	2026-08-04T06:33:49.3690340Z   ...
build-and-qualify (chinese, darwin-arm64)	Verify source and closed toolchain	2026-08-04T06:33:49.3690530Z # Subtest: launcher fixtures obey exact schema
build-and-qualify (chinese, darwin-arm64)	Verify source and closed toolchain	2026-08-04T06:33:49.3690800Z ok 52 - launcher fixtures obey exact schema
build-and-qualify (chinese, darwin-arm64)	Verify source and closed toolchain	2026-08-04T06:33:49.3691020Z   ---
build-and-qualify (chinese, darwin-arm64)	Verify source and closed toolchain	2026-08-04T06:33:49.3691170Z   duration_ms: 51.692875
build-and-qualify (chinese, darwin-arm64)	Verify source and closed toolchain	2026-08-04T06:33:49.3691360Z   type: 'test'
build-and-qualify (chinese, darwin-arm64)	Verify source and closed toolchain	2026-08-04T06:33:49.3691500Z   ...
build-and-qualify (chinese, darwin-arm64)	Verify source and closed toolchain	2026-08-04T06:33:49.3691720Z # Subtest: startup fixtures obey exact schema
build-and-qualify (chinese, darwin-arm64)	Verify source and closed toolchain	2026-08-04T06:33:49.3691980Z ok 53 - startup fixtures obey exact schema
build-and-qualify (chinese, darwin-arm64)	Verify source and closed toolchain	2026-08-04T06:33:49.3692190Z   ---
build-and-qualify (chinese, darwin-arm64)	Verify source and closed toolchain	2026-08-04T06:33:49.3692330Z   duration_ms: 36.782
build-and-qualify (chinese, darwin-arm64)	Verify source and closed toolchain	2026-08-04T06:33:49.3692500Z   type: 'test'
build-and-qualify (chinese, darwin-arm64)	Verify source and closed toolchain	2026-08-04T06:33:49.3692650Z   ...
build-and-qualify (chinese, darwin-arm64)	Verify source and closed toolchain	2026-08-04T06:33:49.3692890Z # Subtest: protocol fixtures obey exact schema
build-and-qualify (chinese, darwin-arm64)	Verify source and closed toolchain	2026-08-04T06:33:49.3693150Z ok 54 - protocol fixtures obey exact schema
build-and-qualify (chinese, darwin-arm64)	Verify source and closed toolchain	2026-08-04T06:33:49.3693350Z   ---
build-and-qualify (chinese, darwin-arm64)	Verify source and closed toolchain	2026-08-04T06:33:49.3693500Z   duration_ms: 66.20325
build-and-qualify (chinese, darwin-arm64)	Verify source and closed toolchain	2026-08-04T06:33:49.3693670Z   type: 'test'
build-and-qualify (chinese, darwin-arm64)	Verify source and closed toolchain	2026-08-04T06:33:49.3693820Z   ...
build-and-qualify (chinese, darwin-arm64)	Verify source and closed toolchain	2026-08-04T06:33:49.3694010Z # Subtest: all public schemas compile strictly
build-and-qualify (chinese, darwin-arm64)	Verify source and closed toolchain	2026-08-04T06:33:49.3694270Z ok 55 - all public schemas compile strictly
build-and-qualify (chinese, darwin-arm64)	Verify source and closed toolchain	2026-08-04T06:33:49.3694480Z   ---
build-and-qualify (chinese, darwin-arm64)	Verify source and closed toolchain	2026-08-04T06:33:49.3694650Z   duration_ms: 479.555416
build-and-qualify (chinese, darwin-arm64)	Verify source and closed toolchain	2026-08-04T06:33:49.3694810Z   type: 'test'
build-and-qualify (chinese, darwin-arm64)	Verify source and closed toolchain	2026-08-04T06:33:49.3694950Z   ...
build-and-qualify (chinese, darwin-arm64)	Verify source and closed toolchain	2026-08-04T06:33:49.3695240Z # Subtest: Build Input path policy accepts the exact current Chinese source path set
build-and-qualify (chinese, darwin-arm64)	Verify source and closed toolchain	2026-08-04T06:33:49.3695690Z ok 56 - Build Input path policy accepts the exact current Chinese source path set
build-and-qualify (chinese, darwin-arm64)	Verify source and closed toolchain	2026-08-04T06:33:49.3696000Z   ---
build-and-qualify (chinese, darwin-arm64)	Verify source and closed toolchain	2026-08-04T06:33:49.3696140Z   duration_ms: 17.338375
build-and-qualify (chinese, darwin-arm64)	Verify source and closed toolchain	2026-08-04T06:33:49.3696320Z   type: 'test'
build-and-qualify (chinese, darwin-arm64)	Verify source and closed toolchain	2026-08-04T06:33:49.3696450Z   ...
build-and-qualify (chinese, darwin-arm64)	Verify source and closed toolchain	2026-08-04T06:33:49.3696800Z # Subtest: Build Input path policy rejects aliases, unsafe syntax, and collisions
build-and-qualify (chinese, darwin-arm64)	Verify source and closed toolchain	2026-08-04T06:33:49.3697220Z ok 57 - Build Input path policy rejects aliases, unsafe syntax, and collisions
build-and-qualify (chinese, darwin-arm64)	Verify source and closed toolchain	2026-08-04T06:33:49.3697510Z   ---
build-and-qualify (chinese, darwin-arm64)	Verify source and closed toolchain	2026-08-04T06:33:49.3697650Z   duration_ms: 1.457083
build-and-qualify (chinese, darwin-arm64)	Verify source and closed toolchain	2026-08-04T06:33:49.3697820Z   type: 'test'
build-and-qualify (chinese, darwin-arm64)	Verify source and closed toolchain	2026-08-04T06:33:49.3697960Z   ...
build-and-qualify (chinese, darwin-arm64)	Verify source and closed toolchain	2026-08-04T06:33:49.3698270Z # Subtest: aggregate verifier accepts the exact retained API-REV-016 Chinese manifest
build-and-qualify (chinese, darwin-arm64)	Verify source and closed toolchain	2026-08-04T06:33:49.3698730Z ok 58 - aggregate verifier accepts the exact retained API-REV-016 Chinese manifest
build-and-qualify (chinese, darwin-arm64)	Verify source and closed toolchain	2026-08-04T06:33:49.3699040Z   ---
build-and-qualify (chinese, darwin-arm64)	Verify source and closed toolchain	2026-08-04T06:33:49.3699180Z   duration_ms: 20.785375
build-and-qualify (chinese, darwin-arm64)	Verify source and closed toolchain	2026-08-04T06:33:49.3700310Z   type: 'test'
build-and-qualify (chinese, darwin-arm64)	Verify source and closed toolchain	2026-08-04T06:33:49.3700500Z   ...
build-and-qualify (chinese, darwin-arm64)	Verify source and closed toolchain	2026-08-04T06:33:49.3700800Z # Subtest: aggregate verifier retains canonical unsafe-path and record rejection
build-and-qualify (chinese, darwin-arm64)	Verify source and closed toolchain	2026-08-04T06:33:49.3701260Z ok 59 - aggregate verifier retains canonical unsafe-path and record rejection
build-and-qualify (chinese, darwin-arm64)	Verify source and closed toolchain	2026-08-04T06:33:49.3701550Z   ---
build-and-qualify (chinese, darwin-arm64)	Verify source and closed toolchain	2026-08-04T06:33:49.3701690Z   duration_ms: 0.836833
build-and-qualify (chinese, darwin-arm64)	Verify source and closed toolchain	2026-08-04T06:33:49.3701860Z   type: 'test'
build-and-qualify (chinese, darwin-arm64)	Verify source and closed toolchain	2026-08-04T06:33:49.3702000Z   ...
build-and-qualify (chinese, darwin-arm64)	Verify source and closed toolchain	2026-08-04T06:33:49.3702270Z # Subtest: package verification rejects an unsafe Build Input manifest record
build-and-qualify (chinese, darwin-arm64)	Verify source and closed toolchain	2026-08-04T06:33:49.3702680Z ok 60 - package verification rejects an unsafe Build Input manifest record
build-and-qualify (chinese, darwin-arm64)	Verify source and closed toolchain	2026-08-04T06:33:49.3703620Z   ---
build-and-qualify (chinese, darwin-arm64)	Verify source and closed toolchain	2026-08-04T06:33:49.3703770Z   duration_ms: 17.620417
build-and-qualify (chinese, darwin-arm64)	Verify source and closed toolchain	2026-08-04T06:33:49.3703940Z   type: 'test'
build-and-qualify (chinese, darwin-arm64)	Verify source and closed toolchain	2026-08-04T06:33:49.3704080Z   ...
build-and-qualify (chinese, darwin-arm64)	Verify source and closed toolchain	2026-08-04T06:33:49.3704380Z # Subtest: materialized current Chinese routing paths pass the package verifier unchanged
build-and-qualify (chinese, darwin-arm64)	Verify source and closed toolchain	2026-08-04T06:33:49.3705130Z ok 61 - materialized current Chinese routing paths pass the package verifier unchanged
build-and-qualify (chinese, darwin-arm64)	Verify source and closed toolchain	2026-08-04T06:33:49.3705450Z   ---
build-and-qualify (chinese, darwin-arm64)	Verify source and closed toolchain	2026-08-04T06:33:49.3705600Z   duration_ms: 1272.399834
build-and-qualify (chinese, darwin-arm64)	Verify source and closed toolchain	2026-08-04T06:33:49.3705770Z   type: 'test'
build-and-qualify (chinese, darwin-arm64)	Verify source and closed toolchain	2026-08-04T06:33:49.3705910Z   ...
build-and-qualify (chinese, darwin-arm64)	Verify source and closed toolchain	2026-08-04T06:33:49.3706220Z # Subtest: Current Release Matrix is the sole exact two-entry current authority
build-and-qualify (chinese, darwin-arm64)	Verify source and closed toolchain	2026-08-04T06:33:49.3706650Z ok 62 - Current Release Matrix is the sole exact two-entry current authority
build-and-qualify (chinese, darwin-arm64)	Verify source and closed toolchain	2026-08-04T06:33:49.3706940Z   ---
build-and-qualify (chinese, darwin-arm64)	Verify source and closed toolchain	2026-08-04T06:33:49.3707080Z   duration_ms: 5.671042
build-and-qualify (chinese, darwin-arm64)	Verify source and closed toolchain	2026-08-04T06:33:49.3707250Z   type: 'test'
build-and-qualify (chinese, darwin-arm64)	Verify source and closed toolchain	2026-08-04T06:33:49.3707390Z   ...
build-and-qualify (chinese, darwin-arm64)	Verify source and closed toolchain	2026-08-04T06:33:49.3707690Z # Subtest: materializer creates a closed deterministic tree from a clean exact repository
build-and-qualify (chinese, darwin-arm64)	Verify source and closed toolchain	2026-08-04T06:33:49.3708160Z ok 63 - materializer creates a closed deterministic tree from a clean exact repository
build-and-qualify (chinese, darwin-arm64)	Verify source and closed toolchain	2026-08-04T06:33:49.3708490Z   ---
build-and-qualify (chinese, darwin-arm64)	Verify source and closed toolchain	2026-08-04T06:33:49.3708650Z   duration_ms: 659.047167
build-and-qualify (chinese, darwin-arm64)	Verify source and closed toolchain	2026-08-04T06:33:49.3708830Z   type: 'test'
build-and-qualify (chinese, darwin-arm64)	Verify source and closed toolchain	2026-08-04T06:33:49.3708970Z   ...
build-and-qualify (chinese, darwin-arm64)	Verify source and closed toolchain	2026-08-04T06:33:49.3709260Z # Subtest: branch projection is release-neutral, exact, and independently byte-recomputed
build-and-qualify (chinese, darwin-arm64)	Verify source and closed toolchain	2026-08-04T06:33:49.3709740Z ok 64 - branch projection is release-neutral, exact, and independently byte-recomputed
build-and-qualify (chinese, darwin-arm64)	Verify source and closed toolchain	2026-08-04T06:33:49.3710060Z   ---
build-and-qualify (chinese, darwin-arm64)	Verify source and closed toolchain	2026-08-04T06:33:49.3710200Z   duration_ms: 860.551
build-and-qualify (chinese, darwin-arm64)	Verify source and closed toolchain	2026-08-04T06:33:49.3710360Z   type: 'test'
build-and-qualify (chinese, darwin-arm64)	Verify source and closed toolchain	2026-08-04T06:33:49.3710500Z   ...
build-and-qualify (chinese, darwin-arm64)	Verify source and closed toolchain	2026-08-04T06:33:49.3710820Z # Subtest: release chain is acyclic and published verification is a separate always-written result
build-and-qualify (chinese, darwin-arm64)	Verify source and closed toolchain	2026-08-04T06:33:49.3711340Z ok 65 - release chain is acyclic and published verification is a separate always-written result
build-and-qualify (chinese, darwin-arm64)	Verify source and closed toolchain	2026-08-04T06:33:49.3711690Z   ---
build-and-qualify (chinese, darwin-arm64)	Verify source and closed toolchain	2026-08-04T06:33:49.3711830Z   duration_ms: 1225.921
build-and-qualify (chinese, darwin-arm64)	Verify source and closed toolchain	2026-08-04T06:33:49.3712000Z   type: 'test'
build-and-qualify (chinese, darwin-arm64)	Verify source and closed toolchain	2026-08-04T06:33:49.3712140Z   ...
build-and-qualify (chinese, darwin-arm64)	Verify source and closed toolchain	2026-08-04T06:33:49.3712440Z # Subtest: quarantine deletes only the failed GitHub Release and proves the tag is unchanged
build-and-qualify (chinese, darwin-arm64)	Verify source and closed toolchain	2026-08-04T06:33:49.3712930Z ok 66 - quarantine deletes only the failed GitHub Release and proves the tag is unchanged
build-and-qualify (chinese, darwin-arm64)	Verify source and closed toolchain	2026-08-04T06:33:49.3713250Z   ---
build-and-qualify (chinese, darwin-arm64)	Verify source and closed toolchain	2026-08-04T06:33:49.3713400Z   duration_ms: 384.538208
build-and-qualify (chinese, darwin-arm64)	Verify source and closed toolchain	2026-08-04T06:33:49.3713570Z   type: 'test'
build-and-qualify (chinese, darwin-arm64)	Verify source and closed toolchain	2026-08-04T06:33:49.3713710Z   ...
build-and-qualify (chinese, darwin-arm64)	Verify source and closed toolchain	2026-08-04T06:33:49.3713990Z # Subtest: workflow derives two current jobs and preserves post-publication separation
build-and-qualify (chinese, darwin-arm64)	Verify source and closed toolchain	2026-08-04T06:33:49.3714460Z ok 67 - workflow derives two current jobs and preserves post-publication separation
build-and-qualify (chinese, darwin-arm64)	Verify source and closed toolchain	2026-08-04T06:33:49.3714760Z   ---
build-and-qualify (chinese, darwin-arm64)	Verify source and closed toolchain	2026-08-04T06:33:49.3714950Z   duration_ms: 0.817208
build-and-qualify (chinese, darwin-arm64)	Verify source and closed toolchain	2026-08-04T06:33:49.3715120Z   type: 'test'
build-and-qualify (chinese, darwin-arm64)	Verify source and closed toolchain	2026-08-04T06:33:49.3715270Z   ...
build-and-qualify (chinese, darwin-arm64)	Verify source and closed toolchain	2026-08-04T06:33:49.3715540Z # Subtest: generated compliance is an exact recipe/provenance/policy/notice join
build-and-qualify (chinese, darwin-arm64)	Verify source and closed toolchain	2026-08-04T06:33:49.3715980Z ok 68 - generated compliance is an exact recipe/provenance/policy/notice join
build-and-qualify (chinese, darwin-arm64)	Verify source and closed toolchain	2026-08-04T06:33:49.3716280Z   ---
build-and-qualify (chinese, darwin-arm64)	Verify source and closed toolchain	2026-08-04T06:33:49.3716430Z   duration_ms: 169.096792
build-and-qualify (chinese, darwin-arm64)	Verify source and closed toolchain	2026-08-04T06:33:49.3716600Z   type: 'test'
build-and-qualify (chinese, darwin-arm64)	Verify source and closed toolchain	2026-08-04T06:33:49.3716750Z   ...
build-and-qualify (chinese, darwin-arm64)	Verify source and closed toolchain	2026-08-04T06:33:49.3717010Z # Subtest: qualification contract fixes Seatbelt and exact 30/30/100 trial sets
build-and-qualify (chinese, darwin-arm64)	Verify source and closed toolchain	2026-08-04T06:33:49.3717440Z ok 69 - qualification contract fixes Seatbelt and exact 30/30/100 trial sets
build-and-qualify (chinese, darwin-arm64)	Verify source and closed toolchain	2026-08-04T06:33:49.3718080Z   ---
build-and-qualify (chinese, darwin-arm64)	Verify source and closed toolchain	2026-08-04T06:33:49.3718290Z   duration_ms: 24.457791
build-and-qualify (chinese, darwin-arm64)	Verify source and closed toolchain	2026-08-04T06:33:49.3718480Z   type: 'test'
build-and-qualify (chinese, darwin-arm64)	Verify source and closed toolchain	2026-08-04T06:33:49.3718630Z   ...
build-and-qualify (chinese, darwin-arm64)	Verify source and closed toolchain	2026-08-04T06:33:49.3719270Z # Subtest: every current recipe repository-file byte still matches its reviewed digest
build-and-qualify (chinese, darwin-arm64)	Verify source and closed toolchain	2026-08-04T06:33:49.3719830Z ok 70 - every current recipe repository-file byte still matches its reviewed digest
build-and-qualify (chinese, darwin-arm64)	Verify source and closed toolchain	2026-08-04T06:33:49.3720140Z   ---
build-and-qualify (chinese, darwin-arm64)	Verify source and closed toolchain	2026-08-04T06:33:49.3720280Z   duration_ms: 47.711667
build-and-qualify (chinese, darwin-arm64)	Verify source and closed toolchain	2026-08-04T06:33:49.3720970Z   type: 'test'
build-and-qualify (chinese, darwin-arm64)	Verify source and closed toolchain	2026-08-04T06:33:49.3721110Z   ...
build-and-qualify (chinese, darwin-arm64)	Verify source and closed toolchain	2026-08-04T06:33:49.3721330Z # Subtest: the captured healthy pmset thermal state is normal
build-and-qualify (chinese, darwin-arm64)	Verify source and closed toolchain	2026-08-04T06:33:49.3721650Z ok 71 - the captured healthy pmset thermal state is normal
build-and-qualify (chinese, darwin-arm64)	Verify source and closed toolchain	2026-08-04T06:33:49.3721900Z   ---
build-and-qualify (chinese, darwin-arm64)	Verify source and closed toolchain	2026-08-04T06:33:49.3722260Z   duration_ms: 4.662083
build-and-qualify (chinese, darwin-arm64)	Verify source and closed toolchain	2026-08-04T06:33:49.3722420Z   type: 'test'
build-and-qualify (chinese, darwin-arm64)	Verify source and closed toolchain	2026-08-04T06:33:49.3722560Z   ...
build-and-qualify (chinese, darwin-arm64)	Verify source and closed toolchain	2026-08-04T06:33:49.3722790Z # Subtest: an affirmative thermal or performance warning is rejected
build-and-qualify (chinese, darwin-arm64)	Verify source and closed toolchain	2026-08-04T06:33:49.3723150Z ok 72 - an affirmative thermal or performance warning is rejected
build-and-qualify (chinese, darwin-arm64)	Verify source and closed toolchain	2026-08-04T06:33:49.3723410Z   ---
build-and-qualify (chinese, darwin-arm64)	Verify source and closed toolchain	2026-08-04T06:33:49.3723550Z   duration_ms: 1.04
build-and-qualify (chinese, darwin-arm64)	Verify source and closed toolchain	2026-08-04T06:33:49.3723700Z   type: 'test'
build-and-qualify (chinese, darwin-arm64)	Verify source and closed toolchain	2026-08-04T06:33:49.3723840Z   ...
build-and-qualify (chinese, darwin-arm64)	Verify source and closed toolchain	2026-08-04T06:33:49.3724060Z # Subtest: unrecognized or malformed thermal state is rejected
build-and-qualify (chinese, darwin-arm64)	Verify source and closed toolchain	2026-08-04T06:33:49.3724440Z ok 73 - unrecognized or malformed thermal state is rejected
build-and-qualify (chinese, darwin-arm64)	Verify source and closed toolchain	2026-08-04T06:33:49.3724690Z   ---
build-and-qualify (chinese, darwin-arm64)	Verify source and closed toolchain	2026-08-04T06:33:49.3724850Z   duration_ms: 0.123583
build-and-qualify (chinese, darwin-arm64)	Verify source and closed toolchain	2026-08-04T06:33:49.3725020Z   type: 'test'
build-and-qualify (chinese, darwin-arm64)	Verify source and closed toolchain	2026-08-04T06:33:49.3725180Z   ...
build-and-qualify (chinese, darwin-arm64)	Verify source and closed toolchain	2026-08-04T06:33:49.3725490Z # Subtest: a post-attempt functional breach controls ledger, profile exit, and retained QSet
build-and-qualify (chinese, darwin-arm64)	Verify source and closed toolchain	2026-08-04T06:33:49.3726000Z ok 74 - a post-attempt functional breach controls ledger, profile exit, and retained QSet
build-and-qualify (chinese, darwin-arm64)	Verify source and closed toolchain	2026-08-04T06:33:49.3726350Z   ---
build-and-qualify (chinese, darwin-arm64)	Verify source and closed toolchain	2026-08-04T06:33:49.3726510Z   duration_ms: 1128.58725
build-and-qualify (chinese, darwin-arm64)	Verify source and closed toolchain	2026-08-04T06:33:49.3726690Z   type: 'test'
build-and-qualify (chinese, darwin-arm64)	Verify source and closed toolchain	2026-08-04T06:33:49.3726840Z   ...
build-and-qualify (chinese, darwin-arm64)	Verify source and closed toolchain	2026-08-04T06:33:49.3727150Z # Subtest: functional preflight retains the true six-sample average and only classifies load
build-and-qualify (chinese, darwin-arm64)	Verify source and closed toolchain	2026-08-04T06:33:49.3727650Z ok 75 - functional preflight retains the true six-sample average and only classifies load
build-and-qualify (chinese, darwin-arm64)	Verify source and closed toolchain	2026-08-04T06:33:49.3727960Z   ---
build-and-qualify (chinese, darwin-arm64)	Verify source and closed toolchain	2026-08-04T06:33:49.3728100Z   duration_ms: 0.909875
build-and-qualify (chinese, darwin-arm64)	Verify source and closed toolchain	2026-08-04T06:33:49.3728250Z   type: 'test'
build-and-qualify (chinese, darwin-arm64)	Verify source and closed toolchain	2026-08-04T06:33:49.3728380Z   ...
build-and-qualify (chinese, darwin-arm64)	Verify source and closed toolchain	2026-08-04T06:33:49.3728610Z # Subtest: latency reference status cannot change functional authority
build-and-qualify (chinese, darwin-arm64)	Verify source and closed toolchain	2026-08-04T06:33:49.3728970Z ok 76 - latency reference status cannot change functional authority
build-and-qualify (chinese, darwin-arm64)	Verify source and closed toolchain	2026-08-04T06:33:49.3729220Z   ---
build-and-qualify (chinese, darwin-arm64)	Verify source and closed toolchain	2026-08-04T06:33:49.3729360Z   duration_ms: 0.107583
build-and-qualify (chinese, darwin-arm64)	Verify source and closed toolchain	2026-08-04T06:33:49.3729520Z   type: 'test'
build-and-qualify (chinese, darwin-arm64)	Verify source and closed toolchain	2026-08-04T06:33:49.3729650Z   ...
build-and-qualify (chinese, darwin-arm64)	Verify source and closed toolchain	2026-08-04T06:33:49.3729900Z # Subtest: missing timing observations cannot enter a passing functional chain
build-and-qualify (chinese, darwin-arm64)	Verify source and closed toolchain	2026-08-04T06:33:49.3730310Z ok 77 - missing timing observations cannot enter a passing functional chain
build-and-qualify (chinese, darwin-arm64)	Verify source and closed toolchain	2026-08-04T06:33:49.3730590Z   ---
build-and-qualify (chinese, darwin-arm64)	Verify source and closed toolchain	2026-08-04T06:33:49.3730730Z   duration_ms: 0.28525
build-and-qualify (chinese, darwin-arm64)	Verify source and closed toolchain	2026-08-04T06:33:49.3730890Z   type: 'test'
build-and-qualify (chinese, darwin-arm64)	Verify source and closed toolchain	2026-08-04T06:33:49.3731030Z   ...
build-and-qualify (chinese, darwin-arm64)	Verify source and closed toolchain	2026-08-04T06:33:49.3731300Z # Subtest: a failed prerequisite is durable Blocked evidence, not a load classification
build-and-qualify (chinese, darwin-arm64)	Verify source and closed toolchain	2026-08-04T06:33:49.3731750Z ok 78 - a failed prerequisite is durable Blocked evidence, not a load classification
build-and-qualify (chinese, darwin-arm64)	Verify source and closed toolchain	2026-08-04T06:33:49.3732040Z   ---
build-and-qualify (chinese, darwin-arm64)	Verify source and closed toolchain	2026-08-04T06:33:49.3732180Z   duration_ms: 34.848292
build-and-qualify (chinese, darwin-arm64)	Verify source and closed toolchain	2026-08-04T06:33:49.3732340Z   type: 'test'
build-and-qualify (chinese, darwin-arm64)	Verify source and closed toolchain	2026-08-04T06:33:49.3732480Z   ...
build-and-qualify (chinese, darwin-arm64)	Verify source and closed toolchain	2026-08-04T06:33:49.3732790Z # Subtest: Summary 2 forbids a reverse Assessment edge and Assessment 1 has no functional decision
build-and-qualify (chinese, darwin-arm64)	Verify source and closed toolchain	2026-08-04T06:33:49.3733300Z ok 79 - Summary 2 forbids a reverse Assessment edge and Assessment 1 has no functional decision
build-and-qualify (chinese, darwin-arm64)	Verify source and closed toolchain	2026-08-04T06:33:49.3733610Z   ---
build-and-qualify (chinese, darwin-arm64)	Verify source and closed toolchain	2026-08-04T06:33:49.3733760Z   duration_ms: 172.127958
build-and-qualify (chinese, darwin-arm64)	Verify source and closed toolchain	2026-08-04T06:33:49.3733920Z   type: 'test'
build-and-qualify (chinese, darwin-arm64)	Verify source and closed toolchain	2026-08-04T06:33:49.3734050Z   ...
build-and-qualify (chinese, darwin-arm64)	Verify source and closed toolchain	2026-08-04T06:33:49.3734330Z # Subtest: maintained-main proof rejects descendants and accepts equality or integration
build-and-qualify (chinese, darwin-arm64)	Verify source and closed toolchain	2026-08-04T06:33:49.3734790Z ok 80 - maintained-main proof rejects descendants and accepts equality or integration
build-and-qualify (chinese, darwin-arm64)	Verify source and closed toolchain	2026-08-04T06:33:49.3735090Z   ---
build-and-qualify (chinese, darwin-arm64)	Verify source and closed toolchain	2026-08-04T06:33:49.3735230Z   duration_ms: 809.142
build-and-qualify (chinese, darwin-arm64)	Verify source and closed toolchain	2026-08-04T06:33:49.3735380Z   type: 'test'
build-and-qualify (chinese, darwin-arm64)	Verify source and closed toolchain	2026-08-04T06:33:49.3735510Z   ...
build-and-qualify (chinese, darwin-arm64)	Verify source and closed toolchain	2026-08-04T06:33:49.3735790Z # Subtest: performance evidence requires executed cold resets and meaningful warm samples
build-and-qualify (chinese, darwin-arm64)	Verify source and closed toolchain	2026-08-04T06:33:49.3736240Z ok 81 - performance evidence requires executed cold resets and meaningful warm samples
build-and-qualify (chinese, darwin-arm64)	Verify source and closed toolchain	2026-08-04T06:33:49.3739900Z   ---
build-and-qualify (chinese, darwin-arm64)	Verify source and closed toolchain	2026-08-04T06:33:49.3740050Z   duration_ms: 5.257208
build-and-qualify (chinese, darwin-arm64)	Verify source and closed toolchain	2026-08-04T06:33:49.3740230Z   type: 'test'
build-and-qualify (chinese, darwin-arm64)	Verify source and closed toolchain	2026-08-04T06:33:49.3740370Z   ...
build-and-qualify (chinese, darwin-arm64)	Verify source and closed toolchain	2026-08-04T06:33:49.3740640Z # Subtest: Profile Resource Policy closes the exact matrix without defaults
build-and-qualify (chinese, darwin-arm64)	Verify source and closed toolchain	2026-08-04T06:33:49.3741520Z ok 82 - Profile Resource Policy closes the exact matrix without defaults
build-and-qualify (chinese, darwin-arm64)	Verify source and closed toolchain	2026-08-04T06:33:49.3741820Z   ---
build-and-qualify (chinese, darwin-arm64)	Verify source and closed toolchain	2026-08-04T06:33:49.3741990Z   duration_ms: 38.616167
build-and-qualify (chinese, darwin-arm64)	Verify source and closed toolchain	2026-08-04T06:33:49.3742210Z   type: 'test'
build-and-qualify (chinese, darwin-arm64)	Verify source and closed toolchain	2026-08-04T06:33:49.3750170Z   ...
build-and-qualify (chinese, darwin-arm64)	Verify source and closed toolchain	2026-08-04T06:33:49.3750620Z # Subtest: Chinese 3,949,543,424-byte peak passes hard 4 GiB and misses only optimization
build-and-qualify (chinese, darwin-arm64)	Verify source and closed toolchain	2026-08-04T06:33:49.3751100Z ok 83 - Chinese 3,949,543,424-byte peak passes hard 4 GiB and misses only optimization
build-and-qualify (chinese, darwin-arm64)	Verify source and closed toolchain	2026-08-04T06:33:49.3751400Z   ---
build-and-qualify (chinese, darwin-arm64)	Verify source and closed toolchain	2026-08-04T06:33:49.3751550Z   duration_ms: 13.89525
build-and-qualify (chinese, darwin-arm64)	Verify source and closed toolchain	2026-08-04T06:33:49.3751720Z   type: 'test'
build-and-qualify (chinese, darwin-arm64)	Verify source and closed toolchain	2026-08-04T06:33:49.3751870Z   ...
build-and-qualify (chinese, darwin-arm64)	Verify source and closed toolchain	2026-08-04T06:33:49.3752070Z # Subtest: English retains the 2.5 GiB hard boundary
build-and-qualify (chinese, darwin-arm64)	Verify source and closed toolchain	2026-08-04T06:33:49.3752350Z ok 84 - English retains the 2.5 GiB hard boundary
build-and-qualify (chinese, darwin-arm64)	Verify source and closed toolchain	2026-08-04T06:33:49.3752560Z   ---
build-and-qualify (chinese, darwin-arm64)	Verify source and closed toolchain	2026-08-04T06:33:49.3752710Z   duration_ms: 23.618084
build-and-qualify (chinese, darwin-arm64)	Verify source and closed toolchain	2026-08-04T06:33:49.3752880Z   type: 'test'
build-and-qualify (chinese, darwin-arm64)	Verify source and closed toolchain	2026-08-04T06:33:49.3753020Z   ...
build-and-qualify (chinese, darwin-arm64)	Verify source and closed toolchain	2026-08-04T06:33:49.3753250Z # Subtest: policy bytes are matrix-bound and cannot be substituted
build-and-qualify (chinese, darwin-arm64)	Verify source and closed toolchain	2026-08-04T06:33:49.3753580Z ok 85 - policy bytes are matrix-bound and cannot be substituted
build-and-qualify (chinese, darwin-arm64)	Verify source and closed toolchain	2026-08-04T06:33:49.3753830Z   ---
build-and-qualify (chinese, darwin-arm64)	Verify source and closed toolchain	2026-08-04T06:33:49.3753960Z   duration_ms: 40.152292
build-and-qualify (chinese, darwin-arm64)	Verify source and closed toolchain	2026-08-04T06:33:49.3754130Z   type: 'test'
build-and-qualify (chinese, darwin-arm64)	Verify source and closed toolchain	2026-08-04T06:33:49.3754270Z   ...
build-and-qualify (chinese, darwin-arm64)	Verify source and closed toolchain	2026-08-04T06:33:49.3754480Z # Subtest: a started timeout is durable before and after failure
build-and-qualify (chinese, darwin-arm64)	Verify source and closed toolchain	2026-08-04T06:33:49.3754800Z ok 86 - a started timeout is durable before and after failure
build-and-qualify (chinese, darwin-arm64)	Verify source and closed toolchain	2026-08-04T06:33:49.3755040Z   ---
build-and-qualify (chinese, darwin-arm64)	Verify source and closed toolchain	2026-08-04T06:33:49.3755190Z   duration_ms: 21.660875
build-and-qualify (chinese, darwin-arm64)	Verify source and closed toolchain	2026-08-04T06:33:49.3755350Z   type: 'test'
build-and-qualify (chinese, darwin-arm64)	Verify source and closed toolchain	2026-08-04T06:33:49.3755490Z   ...
build-and-qualify (chinese, darwin-arm64)	Verify source and closed toolchain	2026-08-04T06:33:49.3755880Z # Subtest: production-shaped process loss retains ledger, Summary, and Assessment before terminal failure
build-and-qualify (chinese, darwin-arm64)	Verify source and closed toolchain	2026-08-04T06:33:49.3756440Z ok 87 - production-shaped process loss retains ledger, Summary, and Assessment before terminal failure
build-and-qualify (chinese, darwin-arm64)	Verify source and closed toolchain	2026-08-04T06:33:49.3756790Z   ---
build-and-qualify (chinese, darwin-arm64)	Verify source and closed toolchain	2026-08-04T06:33:49.3756930Z   duration_ms: 402.9615
build-and-qualify (chinese, darwin-arm64)	Verify source and closed toolchain	2026-08-04T06:33:49.3757100Z   type: 'test'
build-and-qualify (chinese, darwin-arm64)	Verify source and closed toolchain	2026-08-04T06:33:49.3757230Z   ...
build-and-qualify (chinese, darwin-arm64)	Verify source and closed toolchain	2026-08-04T06:33:49.3757540Z # Subtest: release schema rejects declarative pass records without raw identities and measurements
build-and-qualify (chinese, darwin-arm64)	Verify source and closed toolchain	2026-08-04T06:33:49.3758060Z ok 88 - release schema rejects declarative pass records without raw identities and measurements
build-and-qualify (chinese, darwin-arm64)	Verify source and closed toolchain	2026-08-04T06:33:49.3758390Z   ---
build-and-qualify (chinese, darwin-arm64)	Verify source and closed toolchain	2026-08-04T06:33:49.3758530Z   duration_ms: 88.226
build-and-qualify (chinese, darwin-arm64)	Verify source and closed toolchain	2026-08-04T06:33:49.3758680Z   type: 'test'
build-and-qualify (chinese, darwin-arm64)	Verify source and closed toolchain	2026-08-04T06:33:49.3758820Z   ...
build-and-qualify (chinese, darwin-arm64)	Verify source and closed toolchain	2026-08-04T06:33:49.3759140Z # Subtest: candidate history retains selected and unsuccessful improvement lanes by exact digest
build-and-qualify (chinese, darwin-arm64)	Verify source and closed toolchain	2026-08-04T06:33:49.3759650Z ok 89 - candidate history retains selected and unsuccessful improvement lanes by exact digest
build-and-qualify (chinese, darwin-arm64)	Verify source and closed toolchain	2026-08-04T06:33:49.3759980Z   ---
build-and-qualify (chinese, darwin-arm64)	Verify source and closed toolchain	2026-08-04T06:33:49.3760130Z   duration_ms: 10.834792
build-and-qualify (chinese, darwin-arm64)	Verify source and closed toolchain	2026-08-04T06:33:49.3760290Z   type: 'test'
build-and-qualify (chinese, darwin-arm64)	Verify source and closed toolchain	2026-08-04T06:33:49.3760420Z   ...
build-and-qualify (chinese, darwin-arm64)	Verify source and closed toolchain	2026-08-04T06:33:49.3760680Z # Subtest: release workflow qualifies before creating a tag and has no tag trigger
build-and-qualify (chinese, darwin-arm64)	Verify source and closed toolchain	2026-08-04T06:33:49.3761120Z ok 90 - release workflow qualifies before creating a tag and has no tag trigger
build-and-qualify (chinese, darwin-arm64)	Verify source and closed toolchain	2026-08-04T06:33:49.3761410Z   ---
build-and-qualify (chinese, darwin-arm64)	Verify source and closed toolchain	2026-08-04T06:33:49.3761550Z   duration_ms: 1.120792
build-and-qualify (chinese, darwin-arm64)	Verify source and closed toolchain	2026-08-04T06:33:49.3761710Z   type: 'test'
build-and-qualify (chinese, darwin-arm64)	Verify source and closed toolchain	2026-08-04T06:33:49.3761850Z   ...
build-and-qualify (chinese, darwin-arm64)	Verify source and closed toolchain	2026-08-04T06:33:49.3762120Z # Subtest: the non-root preflight identifies execute-only sudo without reading it
build-and-qualify (chinese, darwin-arm64)	Verify source and closed toolchain	2026-08-04T06:33:49.3762540Z ok 91 - the non-root preflight identifies execute-only sudo without reading it
build-and-qualify (chinese, darwin-arm64)	Verify source and closed toolchain	2026-08-04T06:33:49.3762830Z   ---
build-and-qualify (chinese, darwin-arm64)	Verify source and closed toolchain	2026-08-04T06:33:49.3762970Z   duration_ms: 44.126917
build-and-qualify (chinese, darwin-arm64)	Verify source and closed toolchain	2026-08-04T06:33:49.3763140Z   type: 'test'
build-and-qualify (chinese, darwin-arm64)	Verify source and closed toolchain	2026-08-04T06:33:49.3763270Z   ...
build-and-qualify (chinese, darwin-arm64)	Verify source and closed toolchain	2026-08-04T06:33:49.3825770Z # Subtest: repository-owned baseline rejects wrong digest and semantic identities
build-and-qualify (chinese, darwin-arm64)	Verify source and closed toolchain	2026-08-04T06:33:49.3826240Z ok 92 - repository-owned baseline rejects wrong digest and semantic identities
build-and-qualify (chinese, darwin-arm64)	Verify source and closed toolchain	2026-08-04T06:33:49.3826650Z   ---
build-and-qualify (chinese, darwin-arm64)	Verify source and closed toolchain	2026-08-04T06:33:49.3826800Z   duration_ms: 35.511333
build-and-qualify (chinese, darwin-arm64)	Verify source and closed toolchain	2026-08-04T06:33:49.3827360Z   type: 'test'
build-and-qualify (chinese, darwin-arm64)	Verify source and closed toolchain	2026-08-04T06:33:49.3827550Z   ...
build-and-qualify (chinese, darwin-arm64)	Verify source and closed toolchain	2026-08-04T06:33:49.3827890Z # Subtest: English v2 authority replaces invalid final v1 files without changing the trust boundary
build-and-qualify (chinese, darwin-arm64)	Verify source and closed toolchain	2026-08-04T06:33:49.3828430Z ok 93 - English v2 authority replaces invalid final v1 files without changing the trust boundary
build-and-qualify (chinese, darwin-arm64)	Verify source and closed toolchain	2026-08-04T06:33:49.3829040Z   ---
build-and-qualify (chinese, darwin-arm64)	Verify source and closed toolchain	2026-08-04T06:33:49.3829210Z   duration_ms: 15.571125
build-and-qualify (chinese, darwin-arm64)	Verify source and closed toolchain	2026-08-04T06:33:49.3829390Z   type: 'test'
build-and-qualify (chinese, darwin-arm64)	Verify source and closed toolchain	2026-08-04T06:33:49.3829530Z   ...
build-and-qualify (chinese, darwin-arm64)	Verify source and closed toolchain	2026-08-04T06:33:49.3829800Z # Subtest: Chinese v2 trust is scoring-bound and active v1 cannot participate
build-and-qualify (chinese, darwin-arm64)	Verify source and closed toolchain	2026-08-04T06:33:49.3830220Z ok 94 - Chinese v2 trust is scoring-bound and active v1 cannot participate
build-and-qualify (chinese, darwin-arm64)	Verify source and closed toolchain	2026-08-04T06:33:49.3830520Z   ---
build-and-qualify (chinese, darwin-arm64)	Verify source and closed toolchain	2026-08-04T06:33:49.3830670Z   duration_ms: 30.485333
build-and-qualify (chinese, darwin-arm64)	Verify source and closed toolchain	2026-08-04T06:33:49.3830830Z   type: 'test'
build-and-qualify (chinese, darwin-arm64)	Verify source and closed toolchain	2026-08-04T06:33:49.3830980Z   ...
build-and-qualify (chinese, darwin-arm64)	Verify source and closed toolchain	2026-08-04T06:33:49.3831250Z # Subtest: checked-in corpus and baseline require 49 unique one-to-one identities
build-and-qualify (chinese, darwin-arm64)	Verify source and closed toolchain	2026-08-04T06:33:49.3831680Z ok 95 - checked-in corpus and baseline require 49 unique one-to-one identities
build-and-qualify (chinese, darwin-arm64)	Verify source and closed toolchain	2026-08-04T06:33:49.3831980Z   ---
build-and-qualify (chinese, darwin-arm64)	Verify source and closed toolchain	2026-08-04T06:33:49.3832120Z   duration_ms: 3.283583
build-and-qualify (chinese, darwin-arm64)	Verify source and closed toolchain	2026-08-04T06:33:49.3832280Z   type: 'test'
build-and-qualify (chinese, darwin-arm64)	Verify source and closed toolchain	2026-08-04T06:33:49.3832420Z   ...
build-and-qualify (chinese, darwin-arm64)	Verify source and closed toolchain	2026-08-04T06:33:49.3832760Z # Subtest: production corpus validator covers the English-v2 manifest shape and rejects duplicate identities
build-and-qualify (chinese, darwin-arm64)	Verify source and closed toolchain	2026-08-04T06:33:49.3833330Z ok 96 - production corpus validator covers the English-v2 manifest shape and rejects duplicate identities
build-and-qualify (chinese, darwin-arm64)	Verify source and closed toolchain	2026-08-04T06:33:49.3833680Z   ---
build-and-qualify (chinese, darwin-arm64)	Verify source and closed toolchain	2026-08-04T06:33:49.3833820Z   duration_ms: 219.312083
build-and-qualify (chinese, darwin-arm64)	Verify source and closed toolchain	2026-08-04T06:33:49.3833980Z   type: 'test'
build-and-qualify (chinese, darwin-arm64)	Verify source and closed toolchain	2026-08-04T06:33:49.3834120Z   ...
build-and-qualify (chinese, darwin-arm64)	Verify source and closed toolchain	2026-08-04T06:33:49.3834350Z # Subtest: English v2 authority rejects changed immutable source bytes
build-and-qualify (chinese, darwin-arm64)	Verify source and closed toolchain	2026-08-04T06:33:49.3834710Z ok 97 - English v2 authority rejects changed immutable source bytes
build-and-qualify (chinese, darwin-arm64)	Verify source and closed toolchain	2026-08-04T06:33:49.3834960Z   ---
build-and-qualify (chinese, darwin-arm64)	Verify source and closed toolchain	2026-08-04T06:33:49.3835100Z   duration_ms: 11.271417
build-and-qualify (chinese, darwin-arm64)	Verify source and closed toolchain	2026-08-04T06:33:49.3835260Z   type: 'test'
build-and-qualify (chinese, darwin-arm64)	Verify source and closed toolchain	2026-08-04T06:33:49.3835410Z   ...
build-and-qualify (chinese, darwin-arm64)	Verify source and closed toolchain	2026-08-04T06:33:49.3835720Z # Subtest: English v2 reproduction rejects changed generated authority when five other outputs match
build-and-qualify (chinese, darwin-arm64)	Verify source and closed toolchain	2026-08-04T06:33:49.3836260Z ok 98 - English v2 reproduction rejects changed generated authority when five other outputs match
build-and-qualify (chinese, darwin-arm64)	Verify source and closed toolchain	2026-08-04T06:33:49.3836590Z   ---
build-and-qualify (chinese, darwin-arm64)	Verify source and closed toolchain	2026-08-04T06:33:49.3836730Z   duration_ms: 14.414208
build-and-qualify (chinese, darwin-arm64)	Verify source and closed toolchain	2026-08-04T06:33:49.3836890Z   type: 'test'
build-and-qualify (chinese, darwin-arm64)	Verify source and closed toolchain	2026-08-04T06:33:49.3837020Z   ...
build-and-qualify (chinese, darwin-arm64)	Verify source and closed toolchain	2026-08-04T06:33:49.3837250Z # Subtest: frozen Chinese scorer reproduces all 200 rows and 343/6580
build-and-qualify (chinese, darwin-arm64)	Verify source and closed toolchain	2026-08-04T06:33:49.3837600Z ok 99 - frozen Chinese scorer reproduces all 200 rows and 343/6580
build-and-qualify (chinese, darwin-arm64)	Verify source and closed toolchain	2026-08-04T06:33:49.3837850Z   ---
build-and-qualify (chinese, darwin-arm64)	Verify source and closed toolchain	2026-08-04T06:33:49.3837990Z   duration_ms: 28.154708
build-and-qualify (chinese, darwin-arm64)	Verify source and closed toolchain	2026-08-04T06:33:49.3838160Z   type: 'test'
build-and-qualify (chinese, darwin-arm64)	Verify source and closed toolchain	2026-08-04T06:33:49.3838290Z   ...
build-and-qualify (chinese, darwin-arm64)	Verify source and closed toolchain	2026-08-04T06:33:49.3838590Z # Subtest: Chinese scoring authority binds exact contract/map and excludes product punctuation
build-and-qualify (chinese, darwin-arm64)	Verify source and closed toolchain	2026-08-04T06:33:49.3839080Z ok 100 - Chinese scoring authority binds exact contract/map and excludes product punctuation
build-and-qualify (chinese, darwin-arm64)	Verify source and closed toolchain	2026-08-04T06:33:49.3839400Z   ---
build-and-qualify (chinese, darwin-arm64)	Verify source and closed toolchain	2026-08-04T06:33:49.3839540Z   duration_ms: 3.547
build-and-qualify (chinese, darwin-arm64)	Verify source and closed toolchain	2026-08-04T06:33:49.3839690Z   type: 'test'
build-and-qualify (chinese, darwin-arm64)	Verify source and closed toolchain	2026-08-04T06:33:49.3839830Z   ...
build-and-qualify (chinese, darwin-arm64)	Verify source and closed toolchain	2026-08-04T06:33:49.3840050Z # Subtest: retained API-REV-014 raw text re-scores to exact 342/6580
build-and-qualify (chinese, darwin-arm64)	Verify source and closed toolchain	2026-08-04T06:33:49.3840410Z ok 101 - retained API-REV-014 raw text re-scores to exact 342/6580
build-and-qualify (chinese, darwin-arm64)	Verify source and closed toolchain	2026-08-04T06:33:49.3840660Z   ---
build-and-qualify (chinese, darwin-arm64)	Verify source and closed toolchain	2026-08-04T06:33:49.3840800Z   duration_ms: 9.411917
build-and-qualify (chinese, darwin-arm64)	Verify source and closed toolchain	2026-08-04T06:33:49.3840960Z   type: 'test'
build-and-qualify (chinese, darwin-arm64)	Verify source and closed toolchain	2026-08-04T06:33:49.3841100Z   ...
build-and-qualify (chinese, darwin-arm64)	Verify source and closed toolchain	2026-08-04T06:33:49.3841270Z # Subtest: normalization fixtures are exact
build-and-qualify (chinese, darwin-arm64)	Verify source and closed toolchain	2026-08-04T06:33:49.3841520Z ok 102 - normalization fixtures are exact
build-and-qualify (chinese, darwin-arm64)	Verify source and closed toolchain	2026-08-04T06:33:49.3842220Z   ---
build-and-qualify (chinese, darwin-arm64)	Verify source and closed toolchain	2026-08-04T06:33:49.3842350Z   duration_ms: 7.141667
build-and-qualify (chinese, darwin-arm64)	Verify source and closed toolchain	2026-08-04T06:33:49.3842520Z   type: 'test'
build-and-qualify (chinese, darwin-arm64)	Verify source and closed toolchain	2026-08-04T06:33:49.3842650Z   ...
build-and-qualify (chinese, darwin-arm64)	Verify source and closed toolchain	2026-08-04T06:33:49.3842860Z # Subtest: Chinese qualification CER is separate and symmetric
build-and-qualify (chinese, darwin-arm64)	Verify source and closed toolchain	2026-08-04T06:33:49.3843180Z ok 103 - Chinese qualification CER is separate and symmetric
build-and-qualify (chinese, darwin-arm64)	Verify source and closed toolchain	2026-08-04T06:33:49.3843670Z   ---
build-and-qualify (chinese, darwin-arm64)	Verify source and closed toolchain	2026-08-04T06:33:49.3843810Z   duration_ms: 0.528042
build-and-qualify (chinese, darwin-arm64)	Verify source and closed toolchain	2026-08-04T06:33:49.3843970Z   type: 'test'
build-and-qualify (chinese, darwin-arm64)	Verify source and closed toolchain	2026-08-04T06:33:49.3844120Z   ...
build-and-qualify (chinese, darwin-arm64)	Verify source and closed toolchain	2026-08-04T06:33:49.3844360Z # Subtest: canonical dictionary pipeline matches pinned OpenCC twp-to-cn
build-and-qualify (chinese, darwin-arm64)	Verify source and closed toolchain	2026-08-04T06:33:49.3844750Z ok 104 - canonical dictionary pipeline matches pinned OpenCC twp-to-cn
build-and-qualify (chinese, darwin-arm64)	Verify source and closed toolchain	2026-08-04T06:33:49.3845010Z   ---
build-and-qualify (chinese, darwin-arm64)	Verify source and closed toolchain	2026-08-04T06:33:49.3845150Z   duration_ms: 9.282042
build-and-qualify (chinese, darwin-arm64)	Verify source and closed toolchain	2026-08-04T06:33:49.3845310Z   type: 'test'
build-and-qualify (chinese, darwin-arm64)	Verify source and closed toolchain	2026-08-04T06:33:49.3845460Z   ...
build-and-qualify (chinese, darwin-arm64)	Verify source and closed toolchain	2026-08-04T06:33:49.3845590Z 1..104
build-and-qualify (chinese, darwin-arm64)	Verify source and closed toolchain	2026-08-04T06:33:49.3845710Z # tests 111
build-and-qualify (chinese, darwin-arm64)	Verify source and closed toolchain	2026-08-04T06:33:49.3845850Z # suites 0
build-and-qualify (chinese, darwin-arm64)	Verify source and closed toolchain	2026-08-04T06:33:49.3845990Z # pass 111
build-and-qualify (chinese, darwin-arm64)	Verify source and closed toolchain	2026-08-04T06:33:49.3846130Z # fail 0
build-and-qualify (chinese, darwin-arm64)	Verify source and closed toolchain	2026-08-04T06:33:49.3846260Z # cancelled 0
build-and-qualify (chinese, darwin-arm64)	Verify source and closed toolchain	2026-08-04T06:33:49.3846400Z # skipped 0
build-and-qualify (chinese, darwin-arm64)	Verify source and closed toolchain	2026-08-04T06:33:49.3846540Z # todo 0
build-and-qualify (chinese, darwin-arm64)	Verify source and closed toolchain	2026-08-04T06:33:49.3846690Z # duration_ms 9572.24325
build-and-qualify (chinese, darwin-arm64)	Objective M1 runner preflight	﻿2026-08-04T06:33:49.4008180Z ##[group]Run mkdir -p out/qualifications/chinese-darwin-arm64 out/assets out/inputs
build-and-qualify (chinese, darwin-arm64)	Objective M1 runner preflight	2026-08-04T06:33:49.4008690Z [36;1mmkdir -p out/qualifications/chinese-darwin-arm64 out/assets out/inputs[0m
build-and-qualify (chinese, darwin-arm64)	Objective M1 runner preflight	2026-08-04T06:33:49.4009110Z [36;1mnohup /usr/bin/caffeinate -dimsu >"$RUNNER_TEMP/voice-caffeinate.log" 2>&1 &[0m
build-and-qualify (chinese, darwin-arm64)	Objective M1 runner preflight	2026-08-04T06:33:49.4009610Z [36;1mecho "$!" > "$RUNNER_TEMP/voice-caffeinate.pid"[0m
build-and-qualify (chinese, darwin-arm64)	Objective M1 runner preflight	2026-08-04T06:33:49.4009910Z [36;1mnode benchmark/darwin-arm64-runner-preflight.mjs \[0m
build-and-qualify (chinese, darwin-arm64)	Objective M1 runner preflight	2026-08-04T06:33:49.4010190Z [36;1m  --go "$VOICE_GO" --cmake "$VOICE_CMAKE" \[0m
build-and-qualify (chinese, darwin-arm64)	Objective M1 runner preflight	2026-08-04T06:33:49.4010480Z [36;1m  --output "$RUNNER_TEMP/darwin-arm64-preflight-v2.json"[0m
build-and-qualify (chinese, darwin-arm64)	Objective M1 runner preflight	2026-08-04T06:33:49.4050550Z shell: /bin/bash --noprofile --norc -e -o pipefail {0}
build-and-qualify (chinese, darwin-arm64)	Objective M1 runner preflight	2026-08-04T06:33:49.4050840Z env:
build-and-qualify (chinese, darwin-arm64)	Objective M1 runner preflight	2026-08-04T06:33:49.4050990Z   VOICE_RELEASE_TAG_INPUT: v1.0.0
build-and-qualify (chinese, darwin-arm64)	Objective M1 runner preflight	2026-08-04T06:33:49.4051190Z   VOICE_RUNTIME_VERSION_INPUT: 1.0.0
build-and-qualify (chinese, darwin-arm64)	Objective M1 runner preflight	2026-08-04T06:33:49.4051380Z   VOICE_QUALIFICATION_RUN_ID_INPUT: 
build-and-qualify (chinese, darwin-arm64)	Objective M1 runner preflight	2026-08-04T06:33:49.4051560Z ##[endgroup]
build-and-qualify (chinese, darwin-arm64)	Materialize exact closed inputs	﻿2026-08-04T06:35:04.4351290Z ##[group]Run node build/materialize-release-inputs.mjs \
build-and-qualify (chinese, darwin-arm64)	Materialize exact closed inputs	2026-08-04T06:35:04.4352230Z [36;1mnode build/materialize-release-inputs.mjs \[0m
build-and-qualify (chinese, darwin-arm64)	Materialize exact closed inputs	2026-08-04T06:35:04.4352700Z [36;1m  --recipe build/input-recipes/chinese-darwin-arm64-v1.json \[0m
build-and-qualify (chinese, darwin-arm64)	Materialize exact closed inputs	2026-08-04T06:35:04.4353150Z [36;1m  --cache "$VOICE_INPUT_CACHE_ROOT" --repository "$GITHUB_WORKSPACE" \[0m
build-and-qualify (chinese, darwin-arm64)	Materialize exact closed inputs	2026-08-04T06:35:04.4353520Z [36;1m  --destination out/inputs/chinese-darwin-arm64 \[0m
build-and-qualify (chinese, darwin-arm64)	Materialize exact closed inputs	2026-08-04T06:35:04.4353820Z [36;1m  --source-commit "$GITHUB_SHA"[0m
build-and-qualify (chinese, darwin-arm64)	Materialize exact closed inputs	2026-08-04T06:35:04.4354110Z [36;1mcp "$RUNNER_TEMP/darwin-arm64-preflight-v2.json" \[0m
build-and-qualify (chinese, darwin-arm64)	Materialize exact closed inputs	2026-08-04T06:35:04.4355070Z [36;1m  out/qualifications/chinese-darwin-arm64/darwin-arm64-preflight-v2.json[0m
build-and-qualify (chinese, darwin-arm64)	Materialize exact closed inputs	2026-08-04T06:35:04.4402740Z shell: /bin/bash --noprofile --norc -e -o pipefail {0}
build-and-qualify (chinese, darwin-arm64)	Materialize exact closed inputs	2026-08-04T06:35:04.4403050Z env:
build-and-qualify (chinese, darwin-arm64)	Materialize exact closed inputs	2026-08-04T06:35:04.4403230Z   VOICE_RELEASE_TAG_INPUT: v1.0.0
build-and-qualify (chinese, darwin-arm64)	Materialize exact closed inputs	2026-08-04T06:35:04.4403470Z   VOICE_RUNTIME_VERSION_INPUT: 1.0.0
build-and-qualify (chinese, darwin-arm64)	Materialize exact closed inputs	2026-08-04T06:35:04.4403690Z   VOICE_QUALIFICATION_RUN_ID_INPUT: 
build-and-qualify (chinese, darwin-arm64)	Materialize exact closed inputs	2026-08-04T06:35:04.4403970Z ##[endgroup]
build-and-qualify (chinese, darwin-arm64)	Build twice under network denial	﻿2026-08-04T06:36:16.7216770Z ##[group]Run ARCHIVE=voice-chinese-darwin-arm64-$VOICE_RUNTIME_VERSION_INPUT.zip
build-and-qualify (chinese, darwin-arm64)	Build twice under network denial	2026-08-04T06:36:16.7217470Z [36;1mARCHIVE=voice-chinese-darwin-arm64-$VOICE_RUNTIME_VERSION_INPUT.zip[0m
build-and-qualify (chinese, darwin-arm64)	Build twice under network denial	2026-08-04T06:36:16.7217890Z [36;1mREBUILD="$RUNNER_TEMP/voice-rebuild-chinese-darwin-arm64"[0m
build-and-qualify (chinese, darwin-arm64)	Build twice under network denial	2026-08-04T06:36:16.7218340Z [36;1mBUILD_ENVIRONMENT="$RUNNER_TEMP/native-build-environment-chinese-darwin-arm64.json"[0m
build-and-qualify (chinese, darwin-arm64)	Build twice under network denial	2026-08-04T06:36:16.7218720Z [36;1mmkdir "$REBUILD"[0m
build-and-qualify (chinese, darwin-arm64)	Build twice under network denial	2026-08-04T06:36:16.7218980Z [36;1mnode build/create-native-build-environment.mjs \[0m
build-and-qualify (chinese, darwin-arm64)	Build twice under network denial	2026-08-04T06:36:16.7219330Z [36;1m  --preflight "$RUNNER_TEMP/darwin-arm64-preflight-v2.json" \[0m
build-and-qualify (chinese, darwin-arm64)	Build twice under network denial	2026-08-04T06:36:16.7219710Z [36;1m  --cmake "$VOICE_CMAKE" --output "$BUILD_ENVIRONMENT"[0m
build-and-qualify (chinese, darwin-arm64)	Build twice under network denial	2026-08-04T06:36:16.7220130Z [36;1mfor OUTPUT in "$GITHUB_WORKSPACE/out/assets/$ARCHIVE" "$REBUILD/$ARCHIVE"; do[0m
build-and-qualify (chinese, darwin-arm64)	Build twice under network denial	2026-08-04T06:36:16.7220610Z [36;1m  /usr/bin/sandbox-exec -f benchmark/sandbox/darwin-arm64-network-denied-v1.sb \[0m
build-and-qualify (chinese, darwin-arm64)	Build twice under network denial	2026-08-04T06:36:16.7225200Z [36;1m    node build/package-assembler.mjs \[0m
build-and-qualify (chinese, darwin-arm64)	Build twice under network denial	2026-08-04T06:36:16.7225630Z [36;1m    --profile chinese --target darwin-arm64 \[0m
build-and-qualify (chinese, darwin-arm64)	Build twice under network denial	2026-08-04T06:36:16.7225970Z [36;1m    --inputs "$GITHUB_WORKSPACE/out/inputs/chinese-darwin-arm64" \[0m
build-and-qualify (chinese, darwin-arm64)	Build twice under network denial	2026-08-04T06:36:16.7226290Z [36;1m    --output "$OUTPUT" --go "$VOICE_GO" \[0m
build-and-qualify (chinese, darwin-arm64)	Build twice under network denial	2026-08-04T06:36:16.7226650Z [36;1m    --preflight "$RUNNER_TEMP/darwin-arm64-preflight-v2.json" \[0m
build-and-qualify (chinese, darwin-arm64)	Build twice under network denial	2026-08-04T06:36:16.7227020Z [36;1m    --build-environment "$BUILD_ENVIRONMENT" \[0m
build-and-qualify (chinese, darwin-arm64)	Build twice under network denial	2026-08-04T06:36:16.7227410Z [36;1m    --source-commit "$GITHUB_SHA" --version "$VOICE_RUNTIME_VERSION_INPUT"[0m
build-and-qualify (chinese, darwin-arm64)	Build twice under network denial	2026-08-04T06:36:16.7227760Z [36;1mdone[0m
build-and-qualify (chinese, darwin-arm64)	Build twice under network denial	2026-08-04T06:36:16.7228040Z [36;1mnode build/package-verifier.mjs --archive "out/assets/$ARCHIVE" \[0m
build-and-qualify (chinese, darwin-arm64)	Build twice under network denial	2026-08-04T06:36:16.7228470Z [36;1m  --build-report "out/assets/$ARCHIVE.build.json" --go "$VOICE_GO" \[0m
build-and-qualify (chinese, darwin-arm64)	Build twice under network denial	2026-08-04T06:36:16.7228960Z [36;1m  --output "out/qualifications/chinese-darwin-arm64/package-verification.json"[0m
build-and-qualify (chinese, darwin-arm64)	Build twice under network denial	2026-08-04T06:36:16.7229380Z [36;1mnode build/verify-reproducibility.mjs \[0m
build-and-qualify (chinese, darwin-arm64)	Build twice under network denial	2026-08-04T06:36:16.7229810Z [36;1m  --first-archive "out/assets/$ARCHIVE" --first-report "out/assets/$ARCHIVE.build.json" \[0m
build-and-qualify (chinese, darwin-arm64)	Build twice under network denial	2026-08-04T06:36:16.7230340Z [36;1m  --second-archive "$REBUILD/$ARCHIVE" --second-report "$REBUILD/$ARCHIVE.build.json" \[0m
build-and-qualify (chinese, darwin-arm64)	Build twice under network denial	2026-08-04T06:36:16.7230890Z [36;1m  --output "out/qualifications/chinese-darwin-arm64/reproducibility-proof-v1.json"[0m
build-and-qualify (chinese, darwin-arm64)	Build twice under network denial	2026-08-04T06:36:16.7272110Z shell: /bin/bash --noprofile --norc -e -o pipefail {0}
build-and-qualify (chinese, darwin-arm64)	Build twice under network denial	2026-08-04T06:36:16.7272450Z env:
build-and-qualify (chinese, darwin-arm64)	Build twice under network denial	2026-08-04T06:36:16.7272630Z   VOICE_RELEASE_TAG_INPUT: v1.0.0
build-and-qualify (chinese, darwin-arm64)	Build twice under network denial	2026-08-04T06:36:16.7272930Z   VOICE_RUNTIME_VERSION_INPUT: 1.0.0
build-and-qualify (chinese, darwin-arm64)	Build twice under network denial	2026-08-04T06:36:16.7273160Z   VOICE_QUALIFICATION_RUN_ID_INPUT: 
build-and-qualify (chinese, darwin-arm64)	Build twice under network denial	2026-08-04T06:36:16.7273420Z ##[endgroup]
build-and-qualify (chinese, darwin-arm64)	Generate compliance and execute exact package qualification	﻿2026-08-04T06:43:39.4813480Z ##[group]Run DIR=out/qualifications/chinese-darwin-arm64
build-and-qualify (chinese, darwin-arm64)	Generate compliance and execute exact package qualification	2026-08-04T06:43:39.4813890Z [36;1mDIR=out/qualifications/chinese-darwin-arm64[0m
build-and-qualify (chinese, darwin-arm64)	Generate compliance and execute exact package qualification	2026-08-04T06:43:39.4814240Z [36;1mARCHIVE=voice-chinese-darwin-arm64-$VOICE_RUNTIME_VERSION_INPUT.zip[0m
build-and-qualify (chinese, darwin-arm64)	Generate compliance and execute exact package qualification	2026-08-04T06:43:39.4814630Z [36;1mnode release/compliance/generate-package-compliance.mjs \[0m
build-and-qualify (chinese, darwin-arm64)	Generate compliance and execute exact package qualification	2026-08-04T06:43:39.4814980Z [36;1m  --recipe build/input-recipes/chinese-darwin-arm64-v1.json \[0m
build-and-qualify (chinese, darwin-arm64)	Generate compliance and execute exact package qualification	2026-08-04T06:43:39.4815350Z [36;1m  --provenance "out/assets/$ARCHIVE.provenance.json" \[0m
build-and-qualify (chinese, darwin-arm64)	Generate compliance and execute exact package qualification	2026-08-04T06:43:39.4815760Z [36;1m  --notices "out/inputs/chinese-darwin-arm64/package-notices/THIRD_PARTY_NOTICES.json" \[0m
build-and-qualify (chinese, darwin-arm64)	Generate compliance and execute exact package qualification	2026-08-04T06:43:39.4816250Z [36;1m  --build-report "out/assets/$ARCHIVE.build.json" --archive "out/assets/$ARCHIVE" \[0m
build-and-qualify (chinese, darwin-arm64)	Generate compliance and execute exact package qualification	2026-08-04T06:43:39.4816640Z [36;1m  --output "$DIR/package-compliance-input-v1.json"[0m
build-and-qualify (chinese, darwin-arm64)	Generate compliance and execute exact package qualification	2026-08-04T06:43:39.4816940Z [36;1mnode benchmark/prepare-conditions.mjs \[0m
build-and-qualify (chinese, darwin-arm64)	Generate compliance and execute exact package qualification	2026-08-04T06:43:39.4817250Z [36;1m  --source-commit "$GITHUB_SHA" --runner-commit "$GITHUB_SHA" \[0m
build-and-qualify (chinese, darwin-arm64)	Generate compliance and execute exact package qualification	2026-08-04T06:43:39.4817590Z [36;1m  --profile chinese --target darwin-arm64 \[0m
build-and-qualify (chinese, darwin-arm64)	Generate compliance and execute exact package qualification	2026-08-04T06:43:39.4817990Z [36;1m  --preflight "$DIR/darwin-arm64-preflight-v2.json" --output "$DIR/conditions-input.json"[0m
build-and-qualify (chinese, darwin-arm64)	Generate compliance and execute exact package qualification	2026-08-04T06:43:39.4818410Z [36;1mBASELINE=release/evidence/baselines/chinese-v2.json[0m
build-and-qualify (chinese, darwin-arm64)	Generate compliance and execute exact package qualification	2026-08-04T06:43:39.4818750Z [36;1mnode benchmark/run-profile-qualification.mjs \[0m
build-and-qualify (chinese, darwin-arm64)	Generate compliance and execute exact package qualification	2026-08-04T06:43:39.4819120Z [36;1m  --archive "out/assets/$ARCHIVE" --build-report "out/assets/$ARCHIVE.build.json" \[0m
build-and-qualify (chinese, darwin-arm64)	Generate compliance and execute exact package qualification	2026-08-04T06:43:39.4819570Z [36;1m  --corpus "$VOICE_CORPUS_ROOT/chinese/corpus-v1.json" --baseline "$BASELINE" \[0m
build-and-qualify (chinese, darwin-arm64)	Generate compliance and execute exact package qualification	2026-08-04T06:43:39.4820070Z [36;1m  --conditions "$DIR/conditions-input.json" --compliance "$DIR/package-compliance-input-v1.json" \[0m
build-and-qualify (chinese, darwin-arm64)	Generate compliance and execute exact package qualification	2026-08-04T06:43:39.4820620Z [36;1m  --go "$VOICE_GO" --reproducibility-proof "$DIR/reproducibility-proof-v1.json" --output "$DIR"[0m
build-and-qualify (chinese, darwin-arm64)	Generate compliance and execute exact package qualification	2026-08-04T06:43:39.4861990Z shell: /bin/bash --noprofile --norc -e -o pipefail {0}
build-and-qualify (chinese, darwin-arm64)	Generate compliance and execute exact package qualification	2026-08-04T06:43:39.4862280Z env:
build-and-qualify (chinese, darwin-arm64)	Generate compliance and execute exact package qualification	2026-08-04T06:43:39.4862540Z   VOICE_RELEASE_TAG_INPUT: v1.0.0
build-and-qualify (chinese, darwin-arm64)	Generate compliance and execute exact package qualification	2026-08-04T06:43:39.4862750Z   VOICE_RUNTIME_VERSION_INPUT: 1.0.0
build-and-qualify (chinese, darwin-arm64)	Generate compliance and execute exact package qualification	2026-08-04T06:43:39.4863430Z   VOICE_QUALIFICATION_RUN_ID_INPUT: 
build-and-qualify (chinese, darwin-arm64)	Generate compliance and execute exact package qualification	2026-08-04T06:43:39.4863630Z ##[endgroup]
build-and-qualify (chinese, darwin-arm64)	Generate compliance and execute exact package qualification	2026-08-04T06:47:35.0604340Z /private/tmp/autobyteus-actions-runner-voice-v2.336.0-20260804-retry2/_work/_temp/32f5f0d1-89f3-48f6-af42-6bbb94404563.sh: line 18:  6878 Terminated: 15          node benchmark/run-profile-qualification.mjs --archive "out/assets/$ARCHIVE" --build-report "out/assets/$ARCHIVE.build.json" --corpus "$VOICE_CORPUS_ROOT/chinese/corpus-v1.json" --baseline "$BASELINE" --conditions "$DIR/conditions-input.json" --compliance "$DIR/package-compliance-input-v1.json" --go "$VOICE_GO" --reproducibility-proof "$DIR/reproducibility-proof-v1.json" --output "$DIR"
build-and-qualify (chinese, darwin-arm64)	Generate compliance and execute exact package qualification	2026-08-04T06:47:35.0736460Z ##[error]Process completed with exit code 143.
build-and-qualify (chinese, darwin-arm64)	Run actions/upload-artifact@v4	﻿2026-08-04T06:47:35.0851150Z Node 20 is being deprecated. This workflow is running with Node 24 by default. If you need to temporarily use Node 20, you can set the ACTIONS_ALLOW_USE_UNSECURE_NODE_VERSION=true environment variable. For more information see: https://github.blog/changelog/2025-09-19-deprecation-of-node-20-on-github-actions-runners/
build-and-qualify (chinese, darwin-arm64)	Run actions/upload-artifact@v4	2026-08-04T06:47:35.0852420Z ##[group]Run actions/upload-artifact@v4
build-and-qualify (chinese, darwin-arm64)	Run actions/upload-artifact@v4	2026-08-04T06:47:35.0852660Z with:
build-and-qualify (chinese, darwin-arm64)	Run actions/upload-artifact@v4	2026-08-04T06:47:35.0852830Z   name: qualified-chinese-darwin-arm64
build-and-qualify (chinese, darwin-arm64)	Run actions/upload-artifact@v4	2026-08-04T06:47:35.0853040Z   path: out/
build-and-qualify (chinese, darwin-arm64)	Run actions/upload-artifact@v4	2026-08-04T06:47:35.0853200Z   if-no-files-found: error
build-and-qualify (chinese, darwin-arm64)	Run actions/upload-artifact@v4	2026-08-04T06:47:35.0853410Z   retention-days: 7
build-and-qualify (chinese, darwin-arm64)	Run actions/upload-artifact@v4	2026-08-04T06:47:35.0853570Z   compression-level: 0
build-and-qualify (chinese, darwin-arm64)	Run actions/upload-artifact@v4	2026-08-04T06:47:35.0853740Z   overwrite: false
build-and-qualify (chinese, darwin-arm64)	Run actions/upload-artifact@v4	2026-08-04T06:47:35.0853890Z   include-hidden-files: false
build-and-qualify (chinese, darwin-arm64)	Run actions/upload-artifact@v4	2026-08-04T06:47:35.0854090Z env:
build-and-qualify (chinese, darwin-arm64)	Run actions/upload-artifact@v4	2026-08-04T06:47:35.0854250Z   VOICE_RELEASE_TAG_INPUT: v1.0.0
build-and-qualify (chinese, darwin-arm64)	Run actions/upload-artifact@v4	2026-08-04T06:47:35.0854450Z   VOICE_RUNTIME_VERSION_INPUT: 1.0.0
build-and-qualify (chinese, darwin-arm64)	Run actions/upload-artifact@v4	2026-08-04T06:47:35.0854670Z   VOICE_QUALIFICATION_RUN_ID_INPUT: 
build-and-qualify (chinese, darwin-arm64)	Run actions/upload-artifact@v4	2026-08-04T06:47:35.0854910Z ##[endgroup]
build-and-qualify (chinese, darwin-arm64)	Run actions/upload-artifact@v4	2026-08-04T06:47:35.3472960Z (node:26725) [DEP0040] DeprecationWarning: The `punycode` module is deprecated. Please use a userland alternative instead.
build-and-qualify (chinese, darwin-arm64)	Run actions/upload-artifact@v4	2026-08-04T06:47:35.3473720Z (Use `node --trace-deprecation ...` to show where the warning was created)
build-and-qualify (chinese, darwin-arm64)	Run actions/upload-artifact@v4	2026-08-04T06:47:35.7225280Z With the provided path, there will be 3036 files uploaded
build-and-qualify (chinese, darwin-arm64)	Run actions/upload-artifact@v4	2026-08-04T06:47:35.7230060Z Artifact name is valid!
build-and-qualify (chinese, darwin-arm64)	Run actions/upload-artifact@v4	2026-08-04T06:47:35.7236770Z Root directory input is valid!
build-and-qualify (chinese, darwin-arm64)	Run actions/upload-artifact@v4	2026-08-04T06:47:36.2610050Z Beginning upload of artifact content to blob storage
build-and-qualify (chinese, darwin-arm64)	Run actions/upload-artifact@v4	2026-08-04T06:47:36.2938100Z (node:26725) [DEP0169] DeprecationWarning: `url.parse()` behavior is not standardized and prone to errors that have security implications. Use the WHATWG URL API instead. CVEs are not issued for `url.parse()` vulnerabilities.
build-and-qualify (chinese, darwin-arm64)	Run actions/upload-artifact@v4	2026-08-04T06:47:43.9215580Z Uploaded bytes 8388608
build-and-qualify (chinese, darwin-arm64)	Run actions/upload-artifact@v4	2026-08-04T06:47:46.1221610Z Uploaded bytes 16777216
build-and-qualify (chinese, darwin-arm64)	Run actions/upload-artifact@v4	2026-08-04T06:47:46.6184630Z Uploaded bytes 25165824
build-and-qualify (chinese, darwin-arm64)	Run actions/upload-artifact@v4	2026-08-04T06:47:50.9329180Z Uploaded bytes 33554432
build-and-qualify (chinese, darwin-arm64)	Run actions/upload-artifact@v4	2026-08-04T06:47:54.4490260Z Uploaded bytes 41943040
build-and-qualify (chinese, darwin-arm64)	Run actions/upload-artifact@v4	2026-08-04T06:47:56.7002550Z Uploaded bytes 50331648
build-and-qualify (chinese, darwin-arm64)	Run actions/upload-artifact@v4	2026-08-04T06:47:56.7826660Z Uploaded bytes 58720256
build-and-qualify (chinese, darwin-arm64)	Run actions/upload-artifact@v4	2026-08-04T06:48:02.3258230Z Uploaded bytes 67108864
build-and-qualify (chinese, darwin-arm64)	Run actions/upload-artifact@v4	2026-08-04T06:48:05.3325460Z Uploaded bytes 75497472
build-and-qualify (chinese, darwin-arm64)	Run actions/upload-artifact@v4	2026-08-04T06:48:06.3848520Z Uploaded bytes 83886080
build-and-qualify (chinese, darwin-arm64)	Run actions/upload-artifact@v4	2026-08-04T06:48:08.7630640Z Uploaded bytes 92274688
build-and-qualify (chinese, darwin-arm64)	Run actions/upload-artifact@v4	2026-08-04T06:48:12.4317460Z Uploaded bytes 100663296
build-and-qualify (chinese, darwin-arm64)	Run actions/upload-artifact@v4	2026-08-04T06:48:15.0500260Z Uploaded bytes 109051904
build-and-qualify (chinese, darwin-arm64)	Run actions/upload-artifact@v4	2026-08-04T06:48:15.2974290Z Uploaded bytes 117440512
build-and-qualify (chinese, darwin-arm64)	Run actions/upload-artifact@v4	2026-08-04T06:48:20.2935130Z Uploaded bytes 125829120
build-and-qualify (chinese, darwin-arm64)	Run actions/upload-artifact@v4	2026-08-04T06:48:21.8712840Z Uploaded bytes 134217728
build-and-qualify (chinese, darwin-arm64)	Run actions/upload-artifact@v4	2026-08-04T06:48:23.7565380Z Uploaded bytes 142606336
build-and-qualify (chinese, darwin-arm64)	Run actions/upload-artifact@v4	2026-08-04T06:48:29.2327260Z Uploaded bytes 150994944
build-and-qualify (chinese, darwin-arm64)	Run actions/upload-artifact@v4	2026-08-04T06:48:29.3458230Z Uploaded bytes 159383552
build-and-qualify (chinese, darwin-arm64)	Run actions/upload-artifact@v4	2026-08-04T06:48:33.4074880Z Uploaded bytes 167772160
build-and-qualify (chinese, darwin-arm64)	Run actions/upload-artifact@v4	2026-08-04T06:48:33.7363340Z Uploaded bytes 176160768
build-and-qualify (chinese, darwin-arm64)	Run actions/upload-artifact@v4	2026-08-04T06:48:39.4684280Z Uploaded bytes 184549376
build-and-qualify (chinese, darwin-arm64)	Run actions/upload-artifact@v4	2026-08-04T06:48:41.7966050Z Uploaded bytes 192937984
build-and-qualify (chinese, darwin-arm64)	Run actions/upload-artifact@v4	2026-08-04T06:48:43.0479450Z Uploaded bytes 201326592
build-and-qualify (chinese, darwin-arm64)	Run actions/upload-artifact@v4	2026-08-04T06:48:45.8620940Z Uploaded bytes 209715200
build-and-qualify (chinese, darwin-arm64)	Run actions/upload-artifact@v4	2026-08-04T06:48:48.8459790Z Uploaded bytes 218103808
build-and-qualify (chinese, darwin-arm64)	Run actions/upload-artifact@v4	2026-08-04T06:48:52.7993000Z Uploaded bytes 226492416
build-and-qualify (chinese, darwin-arm64)	Run actions/upload-artifact@v4	2026-08-04T06:48:53.2122440Z Uploaded bytes 234881024
build-and-qualify (chinese, darwin-arm64)	Run actions/upload-artifact@v4	2026-08-04T06:48:55.9456450Z Uploaded bytes 243269632
build-and-qualify (chinese, darwin-arm64)	Run actions/upload-artifact@v4	2026-08-04T06:48:59.8082090Z Uploaded bytes 251658240
build-and-qualify (chinese, darwin-arm64)	Run actions/upload-artifact@v4	2026-08-04T06:49:01.7241940Z Uploaded bytes 260046848
build-and-qualify (chinese, darwin-arm64)	Run actions/upload-artifact@v4	2026-08-04T06:49:05.6905960Z Uploaded bytes 268435456
build-and-qualify (chinese, darwin-arm64)	Run actions/upload-artifact@v4	2026-08-04T06:49:06.1207230Z Uploaded bytes 276824064
build-and-qualify (chinese, darwin-arm64)	Run actions/upload-artifact@v4	2026-08-04T06:49:11.3381570Z Uploaded bytes 285212672
build-and-qualify (chinese, darwin-arm64)	Run actions/upload-artifact@v4	2026-08-04T06:49:11.9421520Z Uploaded bytes 293601280
build-and-qualify (chinese, darwin-arm64)	Run actions/upload-artifact@v4	2026-08-04T06:49:16.1466390Z Uploaded bytes 301989888
build-and-qualify (chinese, darwin-arm64)	Run actions/upload-artifact@v4	2026-08-04T06:49:16.4370770Z Uploaded bytes 310378496
build-and-qualify (chinese, darwin-arm64)	Run actions/upload-artifact@v4	2026-08-04T06:49:20.3987950Z Uploaded bytes 318767104
build-and-qualify (chinese, darwin-arm64)	Run actions/upload-artifact@v4	2026-08-04T06:49:26.0502290Z Uploaded bytes 327155712
build-and-qualify (chinese, darwin-arm64)	Run actions/upload-artifact@v4	2026-08-04T06:49:26.2546360Z Uploaded bytes 335544320
build-and-qualify (chinese, darwin-arm64)	Run actions/upload-artifact@v4	2026-08-04T06:49:27.1117000Z Uploaded bytes 343932928
build-and-qualify (chinese, darwin-arm64)	Run actions/upload-artifact@v4	2026-08-04T06:49:28.9648070Z Uploaded bytes 352321536
build-and-qualify (chinese, darwin-arm64)	Run actions/upload-artifact@v4	2026-08-04T06:49:35.5721700Z Uploaded bytes 360710144
build-and-qualify (chinese, darwin-arm64)	Run actions/upload-artifact@v4	2026-08-04T06:49:37.6833070Z Uploaded bytes 369098752
build-and-qualify (chinese, darwin-arm64)	Run actions/upload-artifact@v4	2026-08-04T06:49:38.8290850Z Uploaded bytes 377487360
build-and-qualify (chinese, darwin-arm64)	Run actions/upload-artifact@v4	2026-08-04T06:49:40.3118720Z Uploaded bytes 385875968
build-and-qualify (chinese, darwin-arm64)	Run actions/upload-artifact@v4	2026-08-04T06:49:43.6403220Z Uploaded bytes 394264576
build-and-qualify (chinese, darwin-arm64)	Run actions/upload-artifact@v4	2026-08-04T06:49:48.3692160Z Uploaded bytes 402653184
build-and-qualify (chinese, darwin-arm64)	Run actions/upload-artifact@v4	2026-08-04T06:49:50.6227650Z Uploaded bytes 411041792
build-and-qualify (chinese, darwin-arm64)	Run actions/upload-artifact@v4	2026-08-04T06:49:51.4026430Z Uploaded bytes 419430400
build-and-qualify (chinese, darwin-arm64)	Run actions/upload-artifact@v4	2026-08-04T06:49:51.8983100Z Uploaded bytes 427819008
build-and-qualify (chinese, darwin-arm64)	Run actions/upload-artifact@v4	2026-08-04T06:49:59.6745690Z Uploaded bytes 436207616
build-and-qualify (chinese, darwin-arm64)	Run actions/upload-artifact@v4	2026-08-04T06:50:00.4173540Z Uploaded bytes 444596224
build-and-qualify (chinese, darwin-arm64)	Run actions/upload-artifact@v4	2026-08-04T06:50:02.8574140Z Uploaded bytes 452984832
build-and-qualify (chinese, darwin-arm64)	Run actions/upload-artifact@v4	2026-08-04T06:50:04.0854820Z Uploaded bytes 461373440
build-and-qualify (chinese, darwin-arm64)	Run actions/upload-artifact@v4	2026-08-04T06:50:09.3277000Z Uploaded bytes 469762048
build-and-qualify (chinese, darwin-arm64)	Run actions/upload-artifact@v4	2026-08-04T06:50:09.6254390Z Uploaded bytes 478150656
build-and-qualify (chinese, darwin-arm64)	Run actions/upload-artifact@v4	2026-08-04T06:50:14.5793000Z Uploaded bytes 486539264
build-and-qualify (chinese, darwin-arm64)	Run actions/upload-artifact@v4	2026-08-04T06:50:16.9003590Z Uploaded bytes 494927872
build-and-qualify (chinese, darwin-arm64)	Run actions/upload-artifact@v4	2026-08-04T06:50:18.8309650Z Uploaded bytes 503316480
build-and-qualify (chinese, darwin-arm64)	Run actions/upload-artifact@v4	2026-08-04T06:50:19.1634030Z Uploaded bytes 511705088
build-and-qualify (chinese, darwin-arm64)	Run actions/upload-artifact@v4	2026-08-04T06:50:24.9585010Z Uploaded bytes 520093696
build-and-qualify (chinese, darwin-arm64)	Run actions/upload-artifact@v4	2026-08-04T06:50:27.4545110Z Uploaded bytes 528482304
build-and-qualify (chinese, darwin-arm64)	Run actions/upload-artifact@v4	2026-08-04T06:50:29.0063650Z Uploaded bytes 536870912
build-and-qualify (chinese, darwin-arm64)	Run actions/upload-artifact@v4	2026-08-04T06:50:31.2381990Z Uploaded bytes 545259520
build-and-qualify (chinese, darwin-arm64)	Run actions/upload-artifact@v4	2026-08-04T06:50:34.3695070Z Uploaded bytes 553648128
build-and-qualify (chinese, darwin-arm64)	Run actions/upload-artifact@v4	2026-08-04T06:50:36.4123540Z Uploaded bytes 562036736
build-and-qualify (chinese, darwin-arm64)	Run actions/upload-artifact@v4	2026-08-04T06:50:38.1903200Z Uploaded bytes 570425344
build-and-qualify (chinese, darwin-arm64)	Run actions/upload-artifact@v4	2026-08-04T06:50:45.2089220Z Uploaded bytes 578813952
build-and-qualify (chinese, darwin-arm64)	Run actions/upload-artifact@v4	2026-08-04T06:50:45.3984630Z Uploaded bytes 587202560
build-and-qualify (chinese, darwin-arm64)	Run actions/upload-artifact@v4	2026-08-04T06:50:46.7840380Z Uploaded bytes 595591168
build-and-qualify (chinese, darwin-arm64)	Run actions/upload-artifact@v4	2026-08-04T06:50:47.0779290Z Uploaded bytes 603979776
build-and-qualify (chinese, darwin-arm64)	Run actions/upload-artifact@v4	2026-08-04T06:50:54.4178100Z Uploaded bytes 612368384
build-and-qualify (chinese, darwin-arm64)	Run actions/upload-artifact@v4	2026-08-04T06:50:56.9298170Z Uploaded bytes 620756992
build-and-qualify (chinese, darwin-arm64)	Run actions/upload-artifact@v4	2026-08-04T06:50:57.7984060Z Uploaded bytes 629145600
build-and-qualify (chinese, darwin-arm64)	Run actions/upload-artifact@v4	2026-08-04T06:50:58.0857250Z Uploaded bytes 637534208
build-and-qualify (chinese, darwin-arm64)	Run actions/upload-artifact@v4	2026-08-04T06:51:04.9066170Z Uploaded bytes 645922816
build-and-qualify (chinese, darwin-arm64)	Run actions/upload-artifact@v4	2026-08-04T06:51:05.1411440Z Uploaded bytes 654311424
build-and-qualify (chinese, darwin-arm64)	Run actions/upload-artifact@v4	2026-08-04T06:51:10.6666420Z Uploaded bytes 662700032
build-and-qualify (chinese, darwin-arm64)	Run actions/upload-artifact@v4	2026-08-04T06:51:11.7370940Z Uploaded bytes 671088640
build-and-qualify (chinese, darwin-arm64)	Run actions/upload-artifact@v4	2026-08-04T06:51:12.4274760Z Uploaded bytes 679477248
build-and-qualify (chinese, darwin-arm64)	Run actions/upload-artifact@v4	2026-08-04T06:51:15.3834680Z Uploaded bytes 687865856
build-and-qualify (chinese, darwin-arm64)	Run actions/upload-artifact@v4	2026-08-04T06:51:18.5323830Z Uploaded bytes 696254464
build-and-qualify (chinese, darwin-arm64)	Run actions/upload-artifact@v4	2026-08-04T06:51:21.7176640Z Uploaded bytes 704643072
build-and-qualify (chinese, darwin-arm64)	Run actions/upload-artifact@v4	2026-08-04T06:51:25.3524600Z Uploaded bytes 713031680
build-and-qualify (chinese, darwin-arm64)	Run actions/upload-artifact@v4	2026-08-04T06:51:25.5669220Z Uploaded bytes 721420288
build-and-qualify (chinese, darwin-arm64)	Run actions/upload-artifact@v4	2026-08-04T06:51:28.6711180Z Uploaded bytes 729808896
build-and-qualify (chinese, darwin-arm64)	Run actions/upload-artifact@v4	2026-08-04T06:51:33.0020460Z Uploaded bytes 738197504
build-and-qualify (chinese, darwin-arm64)	Run actions/upload-artifact@v4	2026-08-04T06:51:35.8360150Z Uploaded bytes 746586112
build-and-qualify (chinese, darwin-arm64)	Run actions/upload-artifact@v4	2026-08-04T06:51:37.4045640Z Uploaded bytes 754974720
build-and-qualify (chinese, darwin-arm64)	Run actions/upload-artifact@v4	2026-08-04T06:51:38.3201970Z Uploaded bytes 763363328
build-and-qualify (chinese, darwin-arm64)	Run actions/upload-artifact@v4	2026-08-04T06:51:44.1000220Z Uploaded bytes 771751936
build-and-qualify (chinese, darwin-arm64)	Run actions/upload-artifact@v4	2026-08-04T06:51:44.9606700Z Uploaded bytes 780140544
build-and-qualify (chinese, darwin-arm64)	Run actions/upload-artifact@v4	2026-08-04T06:51:47.1473570Z Uploaded bytes 788529152
build-and-qualify (chinese, darwin-arm64)	Run actions/upload-artifact@v4	2026-08-04T06:51:49.2483190Z Uploaded bytes 796917760
build-and-qualify (chinese, darwin-arm64)	Run actions/upload-artifact@v4	2026-08-04T06:51:55.4466150Z Uploaded bytes 805306368
build-and-qualify (chinese, darwin-arm64)	Run actions/upload-artifact@v4	2026-08-04T06:51:56.0743490Z Uploaded bytes 813694976
build-and-qualify (chinese, darwin-arm64)	Run actions/upload-artifact@v4	2026-08-04T06:51:57.0890920Z Uploaded bytes 822083584
build-and-qualify (chinese, darwin-arm64)	Run actions/upload-artifact@v4	2026-08-04T06:52:00.2037820Z Uploaded bytes 830472192
build-and-qualify (chinese, darwin-arm64)	Run actions/upload-artifact@v4	2026-08-04T06:52:04.8539840Z Uploaded bytes 838860800
build-and-qualify (chinese, darwin-arm64)	Run actions/upload-artifact@v4	2026-08-04T06:52:05.4780500Z Uploaded bytes 847249408
build-and-qualify (chinese, darwin-arm64)	Run actions/upload-artifact@v4	2026-08-04T06:52:07.1161710Z Uploaded bytes 855638016
build-and-qualify (chinese, darwin-arm64)	Run actions/upload-artifact@v4	2026-08-04T06:52:14.8147990Z Uploaded bytes 864026624
build-and-qualify (chinese, darwin-arm64)	Run actions/upload-artifact@v4	2026-08-04T06:52:14.8243960Z Uploaded bytes 872415232
build-and-qualify (chinese, darwin-arm64)	Run actions/upload-artifact@v4	2026-08-04T06:52:15.4273680Z Uploaded bytes 880803840
build-and-qualify (chinese, darwin-arm64)	Run actions/upload-artifact@v4	2026-08-04T06:52:15.6966650Z Uploaded bytes 889192448
build-and-qualify (chinese, darwin-arm64)	Run actions/upload-artifact@v4	2026-08-04T06:52:24.9075940Z Uploaded bytes 897581056
build-and-qualify (chinese, darwin-arm64)	Run actions/upload-artifact@v4	2026-08-04T06:52:25.1223330Z Uploaded bytes 905969664
build-and-qualify (chinese, darwin-arm64)	Run actions/upload-artifact@v4	2026-08-04T06:52:26.0350550Z Uploaded bytes 914358272
build-and-qualify (chinese, darwin-arm64)	Run actions/upload-artifact@v4	2026-08-04T06:52:26.6909550Z Uploaded bytes 922746880
build-and-qualify (chinese, darwin-arm64)	Run actions/upload-artifact@v4	2026-08-04T06:52:34.8601550Z Uploaded bytes 931135488
build-and-qualify (chinese, darwin-arm64)	Run actions/upload-artifact@v4	2026-08-04T06:52:35.4567910Z Uploaded bytes 939524096
build-and-qualify (chinese, darwin-arm64)	Run actions/upload-artifact@v4	2026-08-04T06:52:35.9394870Z Uploaded bytes 947912704
build-and-qualify (chinese, darwin-arm64)	Run actions/upload-artifact@v4	2026-08-04T06:52:38.2676540Z Uploaded bytes 956301312
build-and-qualify (chinese, darwin-arm64)	Run actions/upload-artifact@v4	2026-08-04T06:52:44.5172010Z Uploaded bytes 964689920
build-and-qualify (chinese, darwin-arm64)	Run actions/upload-artifact@v4	2026-08-04T06:52:45.5642020Z Uploaded bytes 973078528
build-and-qualify (chinese, darwin-arm64)	Run actions/upload-artifact@v4	2026-08-04T06:52:47.0382150Z Uploaded bytes 981467136
build-and-qualify (chinese, darwin-arm64)	Run actions/upload-artifact@v4	2026-08-04T06:52:51.3590710Z Uploaded bytes 989855744
build-and-qualify (chinese, darwin-arm64)	Run actions/upload-artifact@v4	2026-08-04T06:52:51.8583710Z Uploaded bytes 998244352
build-and-qualify (chinese, darwin-arm64)	Run actions/upload-artifact@v4	2026-08-04T06:52:56.9051470Z Uploaded bytes 1006632960
build-and-qualify (chinese, darwin-arm64)	Run actions/upload-artifact@v4	2026-08-04T06:52:58.6984970Z Uploaded bytes 1015021568
build-and-qualify (chinese, darwin-arm64)	Run actions/upload-artifact@v4	2026-08-04T06:53:01.2937060Z Uploaded bytes 1023410176
build-and-qualify (chinese, darwin-arm64)	Run actions/upload-artifact@v4	2026-08-04T06:53:01.8767350Z Uploaded bytes 1031798784
build-and-qualify (chinese, darwin-arm64)	Run actions/upload-artifact@v4	2026-08-04T06:53:05.3464500Z Uploaded bytes 1040187392
build-and-qualify (chinese, darwin-arm64)	Run actions/upload-artifact@v4	2026-08-04T06:53:09.1532100Z Uploaded bytes 1048576000
build-and-qualify (chinese, darwin-arm64)	Run actions/upload-artifact@v4	2026-08-04T06:53:12.0397760Z Uploaded bytes 1056964608
build-and-qualify (chinese, darwin-arm64)	Run actions/upload-artifact@v4	2026-08-04T06:53:16.8357840Z Uploaded bytes 1065353216
build-and-qualify (chinese, darwin-arm64)	Run actions/upload-artifact@v4	2026-08-04T06:53:17.8602510Z Uploaded bytes 1073741824
build-and-qualify (chinese, darwin-arm64)	Run actions/upload-artifact@v4	2026-08-04T06:53:20.5205340Z Uploaded bytes 1082130432
build-and-qualify (chinese, darwin-arm64)	Run actions/upload-artifact@v4	2026-08-04T06:53:24.8827790Z Uploaded bytes 1090519040
build-and-qualify (chinese, darwin-arm64)	Run actions/upload-artifact@v4	2026-08-04T06:53:31.3578600Z Uploaded bytes 1098907648
build-and-qualify (chinese, darwin-arm64)	Run actions/upload-artifact@v4	2026-08-04T06:53:32.0345580Z Uploaded bytes 1107296256
build-and-qualify (chinese, darwin-arm64)	Run actions/upload-artifact@v4	2026-08-04T06:53:33.4847670Z Uploaded bytes 1115684864
build-and-qualify (chinese, darwin-arm64)	Run actions/upload-artifact@v4	2026-08-04T06:53:33.5349130Z Uploaded bytes 1124073472
build-and-qualify (chinese, darwin-arm64)	Run actions/upload-artifact@v4	2026-08-04T06:53:41.8565660Z Uploaded bytes 1132462080
build-and-qualify (chinese, darwin-arm64)	Run actions/upload-artifact@v4	2026-08-04T06:53:42.5600900Z Uploaded bytes 1140850688
build-and-qualify (chinese, darwin-arm64)	Run actions/upload-artifact@v4	2026-08-04T06:53:44.4634980Z Uploaded bytes 1149239296
build-and-qualify (chinese, darwin-arm64)	Run actions/upload-artifact@v4	2026-08-04T06:53:45.0567530Z Uploaded bytes 1157627904
build-and-qualify (chinese, darwin-arm64)	Run actions/upload-artifact@v4	2026-08-04T06:53:50.9918150Z Uploaded bytes 1166016512
build-and-qualify (chinese, darwin-arm64)	Run actions/upload-artifact@v4	2026-08-04T06:53:53.5126430Z Uploaded bytes 1174405120
build-and-qualify (chinese, darwin-arm64)	Run actions/upload-artifact@v4	2026-08-04T06:53:53.7735020Z Uploaded bytes 1182793728
build-and-qualify (chinese, darwin-arm64)	Run actions/upload-artifact@v4	2026-08-04T06:53:56.6887370Z Uploaded bytes 1191182336
build-and-qualify (chinese, darwin-arm64)	Run actions/upload-artifact@v4	2026-08-04T06:54:02.2790190Z Uploaded bytes 1199570944
build-and-qualify (chinese, darwin-arm64)	Run actions/upload-artifact@v4	2026-08-04T06:54:02.6323900Z Uploaded bytes 1207959552
build-and-qualify (chinese, darwin-arm64)	Run actions/upload-artifact@v4	2026-08-04T06:54:03.3016530Z Uploaded bytes 1216348160
build-and-qualify (chinese, darwin-arm64)	Run actions/upload-artifact@v4	2026-08-04T06:54:07.7232430Z Uploaded bytes 1224736768
build-and-qualify (chinese, darwin-arm64)	Run actions/upload-artifact@v4	2026-08-04T06:54:13.6396210Z Uploaded bytes 1233125376
build-and-qualify (chinese, darwin-arm64)	Run actions/upload-artifact@v4	2026-08-04T06:54:13.9794510Z Uploaded bytes 1241513984
build-and-qualify (chinese, darwin-arm64)	Run actions/upload-artifact@v4	2026-08-04T06:54:15.2148570Z Uploaded bytes 1249902592
build-and-qualify (chinese, darwin-arm64)	Run actions/upload-artifact@v4	2026-08-04T06:54:16.8144940Z Uploaded bytes 1258291200
build-and-qualify (chinese, darwin-arm64)	Run actions/upload-artifact@v4	2026-08-04T06:54:23.4014140Z Uploaded bytes 1266679808
build-and-qualify (chinese, darwin-arm64)	Run actions/upload-artifact@v4	2026-08-04T06:54:23.6036690Z Uploaded bytes 1275068416
build-and-qualify (chinese, darwin-arm64)	Run actions/upload-artifact@v4	2026-08-04T06:54:27.8811300Z Uploaded bytes 1283457024
build-and-qualify (chinese, darwin-arm64)	Run actions/upload-artifact@v4	2026-08-04T06:54:28.0882170Z Uploaded bytes 1291845632
build-and-qualify (chinese, darwin-arm64)	Run actions/upload-artifact@v4	2026-08-04T06:54:31.9900940Z Uploaded bytes 1300234240
build-and-qualify (chinese, darwin-arm64)	Run actions/upload-artifact@v4	2026-08-04T06:54:35.4169230Z Uploaded bytes 1308622848
build-and-qualify (chinese, darwin-arm64)	Run actions/upload-artifact@v4	2026-08-04T06:54:36.7090090Z Uploaded bytes 1317011456
build-and-qualify (chinese, darwin-arm64)	Run actions/upload-artifact@v4	2026-08-04T06:54:40.2282370Z Uploaded bytes 1325400064
build-and-qualify (chinese, darwin-arm64)	Run actions/upload-artifact@v4	2026-08-04T06:54:43.7543150Z Uploaded bytes 1333788672
build-and-qualify (chinese, darwin-arm64)	Run actions/upload-artifact@v4	2026-08-04T06:54:44.2434560Z Uploaded bytes 1342177280
build-and-qualify (chinese, darwin-arm64)	Run actions/upload-artifact@v4	2026-08-04T06:54:48.1387890Z Uploaded bytes 1350565888
build-and-qualify (chinese, darwin-arm64)	Run actions/upload-artifact@v4	2026-08-04T06:54:49.1834320Z Uploaded bytes 1358954496
build-and-qualify (chinese, darwin-arm64)	Run actions/upload-artifact@v4	2026-08-04T06:54:53.4866160Z Uploaded bytes 1367343104
build-and-qualify (chinese, darwin-arm64)	Run actions/upload-artifact@v4	2026-08-04T06:54:55.9336240Z Uploaded bytes 1375731712
build-and-qualify (chinese, darwin-arm64)	Run actions/upload-artifact@v4	2026-08-04T06:54:59.2950700Z Uploaded bytes 1384120320
build-and-qualify (chinese, darwin-arm64)	Run actions/upload-artifact@v4	2026-08-04T06:55:00.8918070Z Uploaded bytes 1392508928
build-and-qualify (chinese, darwin-arm64)	Run actions/upload-artifact@v4	2026-08-04T06:55:01.5456930Z Uploaded bytes 1400897536
build-and-qualify (chinese, darwin-arm64)	Run actions/upload-artifact@v4	2026-08-04T06:55:07.6417500Z Uploaded bytes 1409286144
build-and-qualify (chinese, darwin-arm64)	Run actions/upload-artifact@v4	2026-08-04T06:55:08.5556630Z Uploaded bytes 1417674752
build-and-qualify (chinese, darwin-arm64)	Run actions/upload-artifact@v4	2026-08-04T06:55:10.4968060Z Uploaded bytes 1426063360
build-and-qualify (chinese, darwin-arm64)	Run actions/upload-artifact@v4	2026-08-04T06:55:13.5641550Z Uploaded bytes 1434451968
build-and-qualify (chinese, darwin-arm64)	Run actions/upload-artifact@v4	2026-08-04T06:55:17.8425590Z Uploaded bytes 1442840576
build-and-qualify (chinese, darwin-arm64)	Run actions/upload-artifact@v4	2026-08-04T06:55:19.5116900Z Uploaded bytes 1451229184
build-and-qualify (chinese, darwin-arm64)	Run actions/upload-artifact@v4	2026-08-04T06:55:21.2694770Z Uploaded bytes 1459617792
build-and-qualify (chinese, darwin-arm64)	Run actions/upload-artifact@v4	2026-08-04T06:55:23.8904400Z Uploaded bytes 1468006400
build-and-qualify (chinese, darwin-arm64)	Run actions/upload-artifact@v4	2026-08-04T06:55:27.5767940Z Uploaded bytes 1476395008
build-and-qualify (chinese, darwin-arm64)	Run actions/upload-artifact@v4	2026-08-04T06:55:30.9134810Z Uploaded bytes 1484783616
build-and-qualify (chinese, darwin-arm64)	Run actions/upload-artifact@v4	2026-08-04T06:55:31.2583250Z Uploaded bytes 1493172224
build-and-qualify (chinese, darwin-arm64)	Run actions/upload-artifact@v4	2026-08-04T06:55:35.4253640Z Uploaded bytes 1501560832
build-and-qualify (chinese, darwin-arm64)	Run actions/upload-artifact@v4	2026-08-04T06:55:36.6869230Z Uploaded bytes 1509949440
build-and-qualify (chinese, darwin-arm64)	Run actions/upload-artifact@v4	2026-08-04T06:55:41.5229130Z Uploaded bytes 1518338048
build-and-qualify (chinese, darwin-arm64)	Run actions/upload-artifact@v4	2026-08-04T06:55:43.7182080Z Uploaded bytes 1526726656
build-and-qualify (chinese, darwin-arm64)	Run actions/upload-artifact@v4	2026-08-04T06:55:44.5392390Z Uploaded bytes 1535115264
build-and-qualify (chinese, darwin-arm64)	Run actions/upload-artifact@v4	2026-08-04T06:55:48.9051430Z Uploaded bytes 1543503872
build-and-qualify (chinese, darwin-arm64)	Run actions/upload-artifact@v4	2026-08-04T06:55:48.9362840Z Uploaded bytes 1551892480
build-and-qualify (chinese, darwin-arm64)	Run actions/upload-artifact@v4	2026-08-04T06:55:55.8728660Z Uploaded bytes 1560281088
build-and-qualify (chinese, darwin-arm64)	Run actions/upload-artifact@v4	2026-08-04T06:55:57.8712160Z Uploaded bytes 1568669696
build-and-qualify (chinese, darwin-arm64)	Run actions/upload-artifact@v4	2026-08-04T06:55:58.2957010Z Uploaded bytes 1577058304
build-and-qualify (chinese, darwin-arm64)	Run actions/upload-artifact@v4	2026-08-04T06:56:00.4960880Z Uploaded bytes 1585446912
build-and-qualify (chinese, darwin-arm64)	Run actions/upload-artifact@v4	2026-08-04T06:56:02.1988130Z Uploaded bytes 1593835520
build-and-qualify (chinese, darwin-arm64)	Run actions/upload-artifact@v4	2026-08-04T06:56:08.1747280Z Uploaded bytes 1602224128
build-and-qualify (chinese, darwin-arm64)	Run actions/upload-artifact@v4	2026-08-04T06:56:09.7321320Z Uploaded bytes 1610612736
build-and-qualify (chinese, darwin-arm64)	Run actions/upload-artifact@v4	2026-08-04T06:56:11.8897180Z Uploaded bytes 1619001344
build-and-qualify (chinese, darwin-arm64)	Run actions/upload-artifact@v4	2026-08-04T06:56:14.7640780Z Uploaded bytes 1627389952
build-and-qualify (chinese, darwin-arm64)	Run actions/upload-artifact@v4	2026-08-04T06:56:17.5939020Z Uploaded bytes 1635778560
build-and-qualify (chinese, darwin-arm64)	Run actions/upload-artifact@v4	2026-08-04T06:56:18.6572840Z Uploaded bytes 1644167168
build-and-qualify (chinese, darwin-arm64)	Run actions/upload-artifact@v4	2026-08-04T06:56:20.3106330Z Uploaded bytes 1652555776
build-and-qualify (chinese, darwin-arm64)	Run actions/upload-artifact@v4	2026-08-04T06:56:26.8075140Z Uploaded bytes 1660944384
build-and-qualify (chinese, darwin-arm64)	Run actions/upload-artifact@v4	2026-08-04T06:56:29.4776750Z Uploaded bytes 1669332992
build-and-qualify (chinese, darwin-arm64)	Run actions/upload-artifact@v4	2026-08-04T06:56:30.0109960Z Uploaded bytes 1677721600
build-and-qualify (chinese, darwin-arm64)	Run actions/upload-artifact@v4	2026-08-04T06:56:30.0708960Z Uploaded bytes 1686110208
build-and-qualify (chinese, darwin-arm64)	Run actions/upload-artifact@v4	2026-08-04T06:56:34.5250030Z Uploaded bytes 1694498816
build-and-qualify (chinese, darwin-arm64)	Run actions/upload-artifact@v4	2026-08-04T06:56:41.0038440Z Uploaded bytes 1702887424
build-and-qualify (chinese, darwin-arm64)	Run actions/upload-artifact@v4	2026-08-04T06:56:42.9238830Z Uploaded bytes 1711276032
build-and-qualify (chinese, darwin-arm64)	Run actions/upload-artifact@v4	2026-08-04T06:56:43.6242230Z Uploaded bytes 1719664640
build-and-qualify (chinese, darwin-arm64)	Run actions/upload-artifact@v4	2026-08-04T06:56:45.2020830Z Uploaded bytes 1728053248
build-and-qualify (chinese, darwin-arm64)	Run actions/upload-artifact@v4	2026-08-04T06:56:47.8516440Z Uploaded bytes 1736441856
build-and-qualify (chinese, darwin-arm64)	Run actions/upload-artifact@v4	2026-08-04T06:56:54.6350240Z Uploaded bytes 1744830464
build-and-qualify (chinese, darwin-arm64)	Run actions/upload-artifact@v4	2026-08-04T06:56:55.1120360Z Uploaded bytes 1753219072
build-and-qualify (chinese, darwin-arm64)	Run actions/upload-artifact@v4	2026-08-04T06:56:56.2319780Z Uploaded bytes 1761607680
build-and-qualify (chinese, darwin-arm64)	Run actions/upload-artifact@v4	2026-08-04T06:56:57.9656740Z Uploaded bytes 1769996288
build-and-qualify (chinese, darwin-arm64)	Run actions/upload-artifact@v4	2026-08-04T06:57:03.8591330Z Uploaded bytes 1778384896
build-and-qualify (chinese, darwin-arm64)	Run actions/upload-artifact@v4	2026-08-04T06:57:06.7062190Z Uploaded bytes 1786773504
build-and-qualify (chinese, darwin-arm64)	Run actions/upload-artifact@v4	2026-08-04T06:57:07.5739650Z Uploaded bytes 1795162112
build-and-qualify (chinese, darwin-arm64)	Run actions/upload-artifact@v4	2026-08-04T06:57:08.4891550Z Uploaded bytes 1803550720
build-and-qualify (chinese, darwin-arm64)	Run actions/upload-artifact@v4	2026-08-04T06:57:13.3407520Z Uploaded bytes 1811939328
build-and-qualify (chinese, darwin-arm64)	Run actions/upload-artifact@v4	2026-08-04T06:57:16.8498580Z Uploaded bytes 1820327936
build-and-qualify (chinese, darwin-arm64)	Run actions/upload-artifact@v4	2026-08-04T06:57:21.5219170Z Uploaded bytes 1828716544
build-and-qualify (chinese, darwin-arm64)	Run actions/upload-artifact@v4	2026-08-04T06:57:21.9307900Z Uploaded bytes 1837105152
build-and-qualify (chinese, darwin-arm64)	Run actions/upload-artifact@v4	2026-08-04T06:57:22.5718150Z Uploaded bytes 1845493760
build-and-qualify (chinese, darwin-arm64)	Run actions/upload-artifact@v4	2026-08-04T06:57:23.4314520Z Uploaded bytes 1853882368
build-and-qualify (chinese, darwin-arm64)	Run actions/upload-artifact@v4	2026-08-04T06:57:31.8156360Z Uploaded bytes 1862270976
build-and-qualify (chinese, darwin-arm64)	Run actions/upload-artifact@v4	2026-08-04T06:57:32.3378190Z Uploaded bytes 1870659584
build-and-qualify (chinese, darwin-arm64)	Run actions/upload-artifact@v4	2026-08-04T06:57:33.8152030Z Uploaded bytes 1879048192
build-and-qualify (chinese, darwin-arm64)	Run actions/upload-artifact@v4	2026-08-04T06:57:34.9702550Z Uploaded bytes 1887436800
build-and-qualify (chinese, darwin-arm64)	Run actions/upload-artifact@v4	2026-08-04T06:57:41.4831640Z Uploaded bytes 1895825408
build-and-qualify (chinese, darwin-arm64)	Run actions/upload-artifact@v4	2026-08-04T06:57:45.1999340Z Uploaded bytes 1904214016
build-and-qualify (chinese, darwin-arm64)	Run actions/upload-artifact@v4	2026-08-04T06:57:45.9860360Z Uploaded bytes 1912602624
build-and-qualify (chinese, darwin-arm64)	Run actions/upload-artifact@v4	2026-08-04T06:57:46.0359650Z Uploaded bytes 1920991232
build-and-qualify (chinese, darwin-arm64)	Run actions/upload-artifact@v4	2026-08-04T06:57:49.0054950Z Uploaded bytes 1929379840
build-and-qualify (chinese, darwin-arm64)	Run actions/upload-artifact@v4	2026-08-04T06:57:55.2243970Z Uploaded bytes 1937768448
build-and-qualify (chinese, darwin-arm64)	Run actions/upload-artifact@v4	2026-08-04T06:57:56.9769040Z Uploaded bytes 1946157056
build-and-qualify (chinese, darwin-arm64)	Run actions/upload-artifact@v4	2026-08-04T06:57:57.9226740Z Uploaded bytes 1954545664
build-and-qualify (chinese, darwin-arm64)	Run actions/upload-artifact@v4	2026-08-04T06:57:59.8246230Z Uploaded bytes 1962934272
build-and-qualify (chinese, darwin-arm64)	Run actions/upload-artifact@v4	2026-08-04T06:58:06.7914900Z Uploaded bytes 1971322880
build-and-qualify (chinese, darwin-arm64)	Run actions/upload-artifact@v4	2026-08-04T06:58:07.2647520Z Uploaded bytes 1979711488
build-and-qualify (chinese, darwin-arm64)	Run actions/upload-artifact@v4	2026-08-04T06:58:08.7249570Z Uploaded bytes 1988100096
build-and-qualify (chinese, darwin-arm64)	Run actions/upload-artifact@v4	2026-08-04T06:58:09.3382350Z Uploaded bytes 1996488704
build-and-qualify (chinese, darwin-arm64)	Run actions/upload-artifact@v4	2026-08-04T06:58:17.2805320Z Uploaded bytes 2004877312
build-and-qualify (chinese, darwin-arm64)	Run actions/upload-artifact@v4	2026-08-04T06:58:17.4304930Z Uploaded bytes 2013265920
build-and-qualify (chinese, darwin-arm64)	Run actions/upload-artifact@v4	2026-08-04T06:58:20.8676520Z Uploaded bytes 2021654528
build-and-qualify (chinese, darwin-arm64)	Run actions/upload-artifact@v4	2026-08-04T06:58:20.9283200Z Uploaded bytes 2030043136
build-and-qualify (chinese, darwin-arm64)	Run actions/upload-artifact@v4	2026-08-04T06:58:24.9533560Z Uploaded bytes 2038431744
build-and-qualify (chinese, darwin-arm64)	Run actions/upload-artifact@v4	2026-08-04T06:58:27.9383520Z Uploaded bytes 2046820352
build-and-qualify (chinese, darwin-arm64)	Run actions/upload-artifact@v4	2026-08-04T06:58:30.0062120Z Uploaded bytes 2055208960
build-and-qualify (chinese, darwin-arm64)	Run actions/upload-artifact@v4	2026-08-04T06:58:35.4242480Z Uploaded bytes 2063597568
build-and-qualify (chinese, darwin-arm64)	Run actions/upload-artifact@v4	2026-08-04T06:58:35.9380710Z Uploaded bytes 2071986176
build-and-qualify (chinese, darwin-arm64)	Run actions/upload-artifact@v4	2026-08-04T06:58:37.7611100Z Uploaded bytes 2080374784
build-and-qualify (chinese, darwin-arm64)	Run actions/upload-artifact@v4	2026-08-04T06:58:39.0953070Z Uploaded bytes 2088763392
build-and-qualify (chinese, darwin-arm64)	Run actions/upload-artifact@v4	2026-08-04T06:58:46.7887110Z Uploaded bytes 2097152000
build-and-qualify (chinese, darwin-arm64)	Run actions/upload-artifact@v4	2026-08-04T06:58:47.2073150Z Uploaded bytes 2105540608
build-and-qualify (chinese, darwin-arm64)	Run actions/upload-artifact@v4	2026-08-04T06:58:48.1392510Z Uploaded bytes 2113929216
build-and-qualify (chinese, darwin-arm64)	Run actions/upload-artifact@v4	2026-08-04T06:58:50.4531640Z Uploaded bytes 2122317824
build-and-qualify (chinese, darwin-arm64)	Run actions/upload-artifact@v4	2026-08-04T06:58:55.9684250Z Uploaded bytes 2130706432
build-and-qualify (chinese, darwin-arm64)	Run actions/upload-artifact@v4	2026-08-04T06:58:58.8979530Z Uploaded bytes 2139095040
build-and-qualify (chinese, darwin-arm64)	Run actions/upload-artifact@v4	2026-08-04T06:59:00.0955800Z Uploaded bytes 2147483648
build-and-qualify (chinese, darwin-arm64)	Run actions/upload-artifact@v4	2026-08-04T06:59:02.5107720Z Uploaded bytes 2155872256
build-and-qualify (chinese, darwin-arm64)	Run actions/upload-artifact@v4	2026-08-04T06:59:02.5197280Z Uploaded bytes 2164260864
build-and-qualify (chinese, darwin-arm64)	Run actions/upload-artifact@v4	2026-08-04T06:59:10.4080920Z Uploaded bytes 2172649472
build-and-qualify (chinese, darwin-arm64)	Run actions/upload-artifact@v4	2026-08-04T06:59:11.0585490Z Uploaded bytes 2181038080
build-and-qualify (chinese, darwin-arm64)	Run actions/upload-artifact@v4	2026-08-04T06:59:14.3615220Z Uploaded bytes 2189426688
build-and-qualify (chinese, darwin-arm64)	Run actions/upload-artifact@v4	2026-08-04T06:59:15.0912830Z Uploaded bytes 2197815296
build-and-qualify (chinese, darwin-arm64)	Run actions/upload-artifact@v4	2026-08-04T06:59:19.5536750Z Uploaded bytes 2206203904
build-and-qualify (chinese, darwin-arm64)	Run actions/upload-artifact@v4	2026-08-04T06:59:20.9224940Z Uploaded bytes 2214592512
build-and-qualify (chinese, darwin-arm64)	Run actions/upload-artifact@v4	2026-08-04T06:59:25.6095220Z Uploaded bytes 2222981120
build-and-qualify (chinese, darwin-arm64)	Run actions/upload-artifact@v4	2026-08-04T06:59:26.3662720Z Uploaded bytes 2231369728
build-and-qualify (chinese, darwin-arm64)	Run actions/upload-artifact@v4	2026-08-04T06:59:30.6055190Z Uploaded bytes 2239758336
build-and-qualify (chinese, darwin-arm64)	Run actions/upload-artifact@v4	2026-08-04T06:59:31.3922080Z Uploaded bytes 2248146944
build-and-qualify (chinese, darwin-arm64)	Run actions/upload-artifact@v4	2026-08-04T06:59:33.0352300Z Uploaded bytes 2256535552
build-and-qualify (chinese, darwin-arm64)	Run actions/upload-artifact@v4	2026-08-04T06:59:38.5465010Z Uploaded bytes 2264924160
build-and-qualify (chinese, darwin-arm64)	Run actions/upload-artifact@v4	2026-08-04T06:59:41.0449080Z Uploaded bytes 2273312768
build-and-qualify (chinese, darwin-arm64)	Run actions/upload-artifact@v4	2026-08-04T06:59:41.6125600Z Uploaded bytes 2281701376
build-and-qualify (chinese, darwin-arm64)	Run actions/upload-artifact@v4	2026-08-04T06:59:45.5290370Z Uploaded bytes 2290089984
build-and-qualify (chinese, darwin-arm64)	Run actions/upload-artifact@v4	2026-08-04T06:59:47.6440040Z Uploaded bytes 2298478592
build-and-qualify (chinese, darwin-arm64)	Run actions/upload-artifact@v4	2026-08-04T06:59:52.1434980Z Uploaded bytes 2306867200
build-and-qualify (chinese, darwin-arm64)	Run actions/upload-artifact@v4	2026-08-04T06:59:52.2205360Z Uploaded bytes 2315255808
build-and-qualify (chinese, darwin-arm64)	Run actions/upload-artifact@v4	2026-08-04T06:59:54.1261350Z Uploaded bytes 2323644416
build-and-qualify (chinese, darwin-arm64)	Run actions/upload-artifact@v4	2026-08-04T07:00:00.5192760Z Uploaded bytes 2332033024
build-and-qualify (chinese, darwin-arm64)	Run actions/upload-artifact@v4	2026-08-04T07:00:03.0615060Z Uploaded bytes 2340421632
build-and-qualify (chinese, darwin-arm64)	Run actions/upload-artifact@v4	2026-08-04T07:00:03.0802760Z Uploaded bytes 2348810240
build-and-qualify (chinese, darwin-arm64)	Run actions/upload-artifact@v4	2026-08-04T07:00:03.5366110Z Uploaded bytes 2357198848
build-and-qualify (chinese, darwin-arm64)	Run actions/upload-artifact@v4	2026-08-04T07:00:11.8994590Z Uploaded bytes 2365587456
build-and-qualify (chinese, darwin-arm64)	Run actions/upload-artifact@v4	2026-08-04T07:00:13.3476740Z Uploaded bytes 2373976064
build-and-qualify (chinese, darwin-arm64)	Run actions/upload-artifact@v4	2026-08-04T07:00:14.2098400Z Uploaded bytes 2382364672
build-and-qualify (chinese, darwin-arm64)	Run actions/upload-artifact@v4	2026-08-04T07:00:14.6564170Z Uploaded bytes 2390753280
build-and-qualify (chinese, darwin-arm64)	Run actions/upload-artifact@v4	2026-08-04T07:00:24.0942630Z Uploaded bytes 2399141888
build-and-qualify (chinese, darwin-arm64)	Run actions/upload-artifact@v4	2026-08-04T07:00:24.1594280Z Uploaded bytes 2407530496
build-and-qualify (chinese, darwin-arm64)	Run actions/upload-artifact@v4	2026-08-04T07:00:25.0301860Z Uploaded bytes 2415919104
build-and-qualify (chinese, darwin-arm64)	Run actions/upload-artifact@v4	2026-08-04T07:00:25.0944390Z Uploaded bytes 2424307712
build-and-qualify (chinese, darwin-arm64)	Run actions/upload-artifact@v4	2026-08-04T07:00:33.1214090Z Uploaded bytes 2432696320
build-and-qualify (chinese, darwin-arm64)	Run actions/upload-artifact@v4	2026-08-04T07:00:34.0285340Z Uploaded bytes 2441084928
build-and-qualify (chinese, darwin-arm64)	Run actions/upload-artifact@v4	2026-08-04T07:00:36.3562940Z Uploaded bytes 2449473536
build-and-qualify (chinese, darwin-arm64)	Run actions/upload-artifact@v4	2026-08-04T07:00:36.7484620Z Uploaded bytes 2457862144
build-and-qualify (chinese, darwin-arm64)	Run actions/upload-artifact@v4	2026-08-04T07:00:42.1738550Z Uploaded bytes 2466250752
build-and-qualify (chinese, darwin-arm64)	Run actions/upload-artifact@v4	2026-08-04T07:00:44.2195360Z Uploaded bytes 2474639360
build-and-qualify (chinese, darwin-arm64)	Run actions/upload-artifact@v4	2026-08-04T07:00:46.1875370Z Uploaded bytes 2483027968
build-and-qualify (chinese, darwin-arm64)	Run actions/upload-artifact@v4	2026-08-04T07:00:50.5114160Z Uploaded bytes 2491416576
build-and-qualify (chinese, darwin-arm64)	Run actions/upload-artifact@v4	2026-08-04T07:00:50.5179310Z Uploaded bytes 2499805184
build-and-qualify (chinese, darwin-arm64)	Run actions/upload-artifact@v4	2026-08-04T07:00:52.3433970Z Uploaded bytes 2508193792
build-and-qualify (chinese, darwin-arm64)	Run actions/upload-artifact@v4	2026-08-04T07:00:53.9024220Z Uploaded bytes 2509784418
build-and-qualify (chinese, darwin-arm64)	Run actions/upload-artifact@v4	2026-08-04T07:00:54.0243270Z Finished uploading artifact content to blob storage!
build-and-qualify (chinese, darwin-arm64)	Run actions/upload-artifact@v4	2026-08-04T07:00:54.0345510Z SHA256 digest of uploaded artifact zip is 20e832de6a065082fee43e3fee40399e527c938336b1e0fade6ea155b77f27fc
build-and-qualify (chinese, darwin-arm64)	Run actions/upload-artifact@v4	2026-08-04T07:00:54.0346040Z Finalizing artifact upload
build-and-qualify (chinese, darwin-arm64)	Run actions/upload-artifact@v4	2026-08-04T07:00:54.7129640Z Artifact qualified-chinese-darwin-arm64.zip successfully finalized. Artifact ID 8883129087
build-and-qualify (chinese, darwin-arm64)	Run actions/upload-artifact@v4	2026-08-04T07:00:54.7131110Z Artifact qualified-chinese-darwin-arm64 has been successfully uploaded! Final size is 2509784418 bytes. Artifact ID is 8883129087
build-and-qualify (chinese, darwin-arm64)	Run actions/upload-artifact@v4	2026-08-04T07:00:54.7132600Z Artifact download URL: https://github.com/AutoByteus/autobyteus-voice-runtime/actions/runs/30883225852/artifacts/8883129087
build-and-qualify (chinese, darwin-arm64)	Stop job-owned sleep prevention	﻿2026-08-04T07:00:54.7217540Z ##[group]Run if test -f "$RUNNER_TEMP/voice-caffeinate.pid"; then
build-and-qualify (chinese, darwin-arm64)	Stop job-owned sleep prevention	2026-08-04T07:00:54.7217970Z [36;1mif test -f "$RUNNER_TEMP/voice-caffeinate.pid"; then[0m
build-and-qualify (chinese, darwin-arm64)	Stop job-owned sleep prevention	2026-08-04T07:00:54.7218330Z [36;1m  kill "$(cat "$RUNNER_TEMP/voice-caffeinate.pid")" 2>/dev/null || true[0m
build-and-qualify (chinese, darwin-arm64)	Stop job-owned sleep prevention	2026-08-04T07:00:54.7218640Z [36;1mfi[0m
build-and-qualify (chinese, darwin-arm64)	Stop job-owned sleep prevention	2026-08-04T07:00:54.7656380Z shell: /bin/bash --noprofile --norc -e -o pipefail {0}
build-and-qualify (chinese, darwin-arm64)	Stop job-owned sleep prevention	2026-08-04T07:00:54.7656660Z env:
build-and-qualify (chinese, darwin-arm64)	Stop job-owned sleep prevention	2026-08-04T07:00:54.7656810Z   VOICE_RELEASE_TAG_INPUT: v1.0.0
build-and-qualify (chinese, darwin-arm64)	Stop job-owned sleep prevention	2026-08-04T07:00:54.7657010Z   VOICE_RUNTIME_VERSION_INPUT: 1.0.0
build-and-qualify (chinese, darwin-arm64)	Stop job-owned sleep prevention	2026-08-04T07:00:54.7657210Z   VOICE_QUALIFICATION_RUN_ID_INPUT: 
build-and-qualify (chinese, darwin-arm64)	Stop job-owned sleep prevention	2026-08-04T07:00:54.7657390Z ##[endgroup]
build-and-qualify (chinese, darwin-arm64)	Post Run actions/checkout@v4	﻿2026-08-04T07:00:54.8061200Z Node 20 is being deprecated. This workflow is running with Node 24 by default. If you need to temporarily use Node 20, you can set the ACTIONS_ALLOW_USE_UNSECURE_NODE_VERSION=true environment variable. For more information see: https://github.blog/changelog/2025-09-19-deprecation-of-node-20-on-github-actions-runners/
build-and-qualify (chinese, darwin-arm64)	Post Run actions/checkout@v4	2026-08-04T07:00:54.8062180Z Post job cleanup.
build-and-qualify (chinese, darwin-arm64)	Post Run actions/checkout@v4	2026-08-04T07:00:54.8880260Z [command]/usr/bin/git version
build-and-qualify (chinese, darwin-arm64)	Post Run actions/checkout@v4	2026-08-04T07:00:54.9080030Z git version 2.50.1 (Apple Git-155)
build-and-qualify (chinese, darwin-arm64)	Post Run actions/checkout@v4	2026-08-04T07:00:54.9103620Z Temporarily overriding HOME='/private/tmp/autobyteus-actions-runner-voice-v2.336.0-20260804-retry2/_work/_temp/e9305e28-4f99-4d19-af6e-9a39c632075a' before making global git config changes
build-and-qualify (chinese, darwin-arm64)	Post Run actions/checkout@v4	2026-08-04T07:00:54.9104560Z Adding repository directory to the temporary git global config as a safe directory
build-and-qualify (chinese, darwin-arm64)	Post Run actions/checkout@v4	2026-08-04T07:00:54.9109750Z [command]/usr/bin/git config --global --add safe.directory /private/tmp/autobyteus-actions-runner-voice-v2.336.0-20260804-retry2/_work/autobyteus-voice-runtime/autobyteus-voice-runtime
build-and-qualify (chinese, darwin-arm64)	Post Run actions/checkout@v4	2026-08-04T07:00:55.1805750Z [command]/usr/bin/git config --local --name-only --get-regexp core\.sshCommand
build-and-qualify (chinese, darwin-arm64)	Post Run actions/checkout@v4	2026-08-04T07:00:55.2015450Z [command]/usr/bin/git submodule foreach --recursive sh -c "git config --local --name-only --get-regexp 'core\.sshCommand' && git config --local --unset-all 'core.sshCommand' || :"
build-and-qualify (chinese, darwin-arm64)	Post Run actions/checkout@v4	2026-08-04T07:00:55.3297620Z [command]/usr/bin/git config --local --name-only --get-regexp http\.https\:\/\/github\.com\/\.extraheader
build-and-qualify (chinese, darwin-arm64)	Post Run actions/checkout@v4	2026-08-04T07:00:55.3478580Z http.https://github.com/.extraheader
build-and-qualify (chinese, darwin-arm64)	Post Run actions/checkout@v4	2026-08-04T07:00:55.3486430Z [command]/usr/bin/git config --local --unset-all http.https://github.com/.extraheader
build-and-qualify (chinese, darwin-arm64)	Post Run actions/checkout@v4	2026-08-04T07:00:55.3683740Z [command]/usr/bin/git submodule foreach --recursive sh -c "git config --local --name-only --get-regexp 'http\.https\:\/\/github\.com\/\.extraheader' && git config --local --unset-all 'http.https://github.com/.extraheader' || :"
build-and-qualify (chinese, darwin-arm64)	Post Run actions/checkout@v4	2026-08-04T07:00:55.4804360Z [command]/usr/bin/git config --local --name-only --get-regexp ^includeIf\.gitdir:
build-and-qualify (chinese, darwin-arm64)	Post Run actions/checkout@v4	2026-08-04T07:00:55.5005310Z [command]/usr/bin/git submodule foreach --recursive git config --local --show-origin --name-only --get-regexp remote.origin.url
build-and-qualify (chinese, darwin-arm64)	Complete job	﻿2026-08-04T07:00:55.6208080Z Cleaning up orphan processes
build-and-qualify (chinese, darwin-arm64)	Complete job	2026-08-04T07:00:56.6214990Z ##[warning]Node.js 20 is deprecated. The following actions target Node.js 20 but are being forced to run on Node.js 24: actions/checkout@v4, actions/upload-artifact@v4. For more information see: https://github.blog/changelog/2025-09-19-deprecation-of-node-20-on-github-actions-runners/
build-and-qualify (english, darwin-arm64)	Set up job	﻿2026-08-04T06:13:10.1708350Z Current runner version: '2.336.0'
build-and-qualify (english, darwin-arm64)	Set up job	2026-08-04T06:13:10.1713770Z Runner name: 'voice-m1-max-20260804-retry2'
build-and-qualify (english, darwin-arm64)	Set up job	2026-08-04T06:13:10.1714240Z Runner group name: 'Default'
build-and-qualify (english, darwin-arm64)	Set up job	2026-08-04T06:13:10.1714830Z Machine name: 'MacBookPro'
build-and-qualify (english, darwin-arm64)	Set up job	2026-08-04T06:13:10.1717010Z ##[group]GITHUB_TOKEN Permissions
build-and-qualify (english, darwin-arm64)	Set up job	2026-08-04T06:13:10.1718230Z Actions: read
build-and-qualify (english, darwin-arm64)	Set up job	2026-08-04T06:13:10.1718550Z Contents: write
build-and-qualify (english, darwin-arm64)	Set up job	2026-08-04T06:13:10.1718870Z Metadata: read
build-and-qualify (english, darwin-arm64)	Set up job	2026-08-04T06:13:10.1719180Z ##[endgroup]
build-and-qualify (english, darwin-arm64)	Set up job	2026-08-04T06:13:10.1720320Z Secret source: Actions
build-and-qualify (english, darwin-arm64)	Set up job	2026-08-04T06:13:10.1720880Z Prepare workflow directory
build-and-qualify (english, darwin-arm64)	Set up job	2026-08-04T06:13:10.2279020Z Prepare all required actions
build-and-qualify (english, darwin-arm64)	Set up job	2026-08-04T06:13:10.2316590Z Getting action download info
build-and-qualify (english, darwin-arm64)	Set up job	2026-08-04T06:13:10.8789420Z Download action repository 'actions/checkout@v4' (SHA:11d5960a326750d5838078e36cf38b85af677262)
build-and-qualify (english, darwin-arm64)	Set up job	2026-08-04T06:13:11.3205840Z Download action repository 'actions/upload-artifact@v4' (SHA:ea165f8d65b6e75b540449e92b4886f43607fa02)
build-and-qualify (english, darwin-arm64)	Set up job	2026-08-04T06:13:12.0974660Z Complete job name: build-and-qualify (english, darwin-arm64)
build-and-qualify (english, darwin-arm64)	Run actions/checkout@v4	﻿2026-08-04T06:13:12.1573810Z Node 20 is being deprecated. This workflow is running with Node 24 by default. If you need to temporarily use Node 20, you can set the ACTIONS_ALLOW_USE_UNSECURE_NODE_VERSION=true environment variable. For more information see: https://github.blog/changelog/2025-09-19-deprecation-of-node-20-on-github-actions-runners/
build-and-qualify (english, darwin-arm64)	Run actions/checkout@v4	2026-08-04T06:13:12.1581170Z ##[group]Run actions/checkout@v4
build-and-qualify (english, darwin-arm64)	Run actions/checkout@v4	2026-08-04T06:13:12.1581890Z with:
build-and-qualify (english, darwin-arm64)	Run actions/checkout@v4	2026-08-04T06:13:12.1582410Z   fetch-depth: 0
build-and-qualify (english, darwin-arm64)	Run actions/checkout@v4	2026-08-04T06:13:12.1583050Z   repository: AutoByteus/autobyteus-voice-runtime
build-and-qualify (english, darwin-arm64)	Run actions/checkout@v4	2026-08-04T06:13:12.1588480Z   token: ***
build-and-qualify (english, darwin-arm64)	Run actions/checkout@v4	2026-08-04T06:13:12.1589100Z   ssh-strict: true
build-and-qualify (english, darwin-arm64)	Run actions/checkout@v4	2026-08-04T06:13:12.1589690Z   ssh-user: git
build-and-qualify (english, darwin-arm64)	Run actions/checkout@v4	2026-08-04T06:13:12.1590270Z   persist-credentials: true
build-and-qualify (english, darwin-arm64)	Run actions/checkout@v4	2026-08-04T06:13:12.1590900Z   clean: true
build-and-qualify (english, darwin-arm64)	Run actions/checkout@v4	2026-08-04T06:13:12.1591470Z   sparse-checkout-cone-mode: true
build-and-qualify (english, darwin-arm64)	Run actions/checkout@v4	2026-08-04T06:13:12.1592140Z   fetch-tags: false
build-and-qualify (english, darwin-arm64)	Run actions/checkout@v4	2026-08-04T06:13:12.1592700Z   show-progress: true
build-and-qualify (english, darwin-arm64)	Run actions/checkout@v4	2026-08-04T06:13:12.1593280Z   lfs: false
build-and-qualify (english, darwin-arm64)	Run actions/checkout@v4	2026-08-04T06:13:12.1593840Z   submodules: false
build-and-qualify (english, darwin-arm64)	Run actions/checkout@v4	2026-08-04T06:13:12.1594450Z   set-safe-directory: true
build-and-qualify (english, darwin-arm64)	Run actions/checkout@v4	2026-08-04T06:13:12.1595080Z   allow-unsafe-pr-checkout: false
build-and-qualify (english, darwin-arm64)	Run actions/checkout@v4	2026-08-04T06:13:12.1595920Z env:
build-and-qualify (english, darwin-arm64)	Run actions/checkout@v4	2026-08-04T06:13:12.1596450Z   VOICE_RELEASE_TAG_INPUT: v1.0.0
build-and-qualify (english, darwin-arm64)	Run actions/checkout@v4	2026-08-04T06:13:12.1597120Z   VOICE_RUNTIME_VERSION_INPUT: 1.0.0
build-and-qualify (english, darwin-arm64)	Run actions/checkout@v4	2026-08-04T06:13:12.1597810Z   VOICE_QUALIFICATION_RUN_ID_INPUT: 
build-and-qualify (english, darwin-arm64)	Run actions/checkout@v4	2026-08-04T06:13:12.1598460Z ##[endgroup]
build-and-qualify (english, darwin-arm64)	Run actions/checkout@v4	2026-08-04T06:13:12.2605140Z Syncing repository: AutoByteus/autobyteus-voice-runtime
build-and-qualify (english, darwin-arm64)	Run actions/checkout@v4	2026-08-04T06:13:12.2607230Z ##[group]Getting Git version info
build-and-qualify (english, darwin-arm64)	Run actions/checkout@v4	2026-08-04T06:13:12.2608910Z Working directory is '/private/tmp/autobyteus-actions-runner-voice-v2.336.0-20260804-retry2/_work/autobyteus-voice-runtime/autobyteus-voice-runtime'
build-and-qualify (english, darwin-arm64)	Run actions/checkout@v4	2026-08-04T06:13:12.2611070Z [command]/usr/bin/git version
build-and-qualify (english, darwin-arm64)	Run actions/checkout@v4	2026-08-04T06:13:12.2743960Z git version 2.50.1 (Apple Git-155)
build-and-qualify (english, darwin-arm64)	Run actions/checkout@v4	2026-08-04T06:13:12.2757490Z ##[endgroup]
build-and-qualify (english, darwin-arm64)	Run actions/checkout@v4	2026-08-04T06:13:12.2772250Z Temporarily overriding HOME='/private/tmp/autobyteus-actions-runner-voice-v2.336.0-20260804-retry2/_work/_temp/f016f04a-bd6d-43e0-ae8c-5efadeb5cb18' before making global git config changes
build-and-qualify (english, darwin-arm64)	Run actions/checkout@v4	2026-08-04T06:13:12.2774820Z Adding repository directory to the temporary git global config as a safe directory
build-and-qualify (english, darwin-arm64)	Run actions/checkout@v4	2026-08-04T06:13:12.2777100Z [command]/usr/bin/git config --global --add safe.directory /private/tmp/autobyteus-actions-runner-voice-v2.336.0-20260804-retry2/_work/autobyteus-voice-runtime/autobyteus-voice-runtime
build-and-qualify (english, darwin-arm64)	Run actions/checkout@v4	2026-08-04T06:13:12.3751290Z [command]/usr/bin/git config --local --get remote.origin.url
build-and-qualify (english, darwin-arm64)	Run actions/checkout@v4	2026-08-04T06:13:12.3968380Z https://github.com/AutoByteus/autobyteus-voice-runtime
build-and-qualify (english, darwin-arm64)	Run actions/checkout@v4	2026-08-04T06:13:12.3980800Z ##[group]Removing previously created refs, to avoid conflicts
build-and-qualify (english, darwin-arm64)	Run actions/checkout@v4	2026-08-04T06:13:12.3984260Z [command]/usr/bin/git rev-parse --symbolic-full-name --verify --quiet HEAD
build-and-qualify (english, darwin-arm64)	Run actions/checkout@v4	2026-08-04T06:13:12.4217930Z refs/heads/main
build-and-qualify (english, darwin-arm64)	Run actions/checkout@v4	2026-08-04T06:13:12.4229220Z [command]/usr/bin/git checkout --detach
build-and-qualify (english, darwin-arm64)	Run actions/checkout@v4	2026-08-04T06:13:12.5981650Z HEAD is now at 5932090 Merge voice runtime post-archive release fix
build-and-qualify (english, darwin-arm64)	Run actions/checkout@v4	2026-08-04T06:13:12.6218940Z [command]/usr/bin/git branch --delete --force main
build-and-qualify (english, darwin-arm64)	Run actions/checkout@v4	2026-08-04T06:13:12.6429500Z Deleted branch main (was 5932090).
build-and-qualify (english, darwin-arm64)	Run actions/checkout@v4	2026-08-04T06:13:12.6642030Z ##[endgroup]
build-and-qualify (english, darwin-arm64)	Run actions/checkout@v4	2026-08-04T06:13:12.6643860Z [command]/usr/bin/git submodule status
build-and-qualify (english, darwin-arm64)	Run actions/checkout@v4	2026-08-04T06:13:12.8096560Z ##[group]Cleaning the repository
build-and-qualify (english, darwin-arm64)	Run actions/checkout@v4	2026-08-04T06:13:12.8114610Z [command]/usr/bin/git clean -ffdx
build-and-qualify (english, darwin-arm64)	Run actions/checkout@v4	2026-08-04T06:13:12.8378000Z [command]/usr/bin/git reset --hard HEAD
build-and-qualify (english, darwin-arm64)	Run actions/checkout@v4	2026-08-04T06:13:12.8638790Z HEAD is now at 5932090 Merge voice runtime post-archive release fix
build-and-qualify (english, darwin-arm64)	Run actions/checkout@v4	2026-08-04T06:13:12.8647140Z ##[endgroup]
build-and-qualify (english, darwin-arm64)	Run actions/checkout@v4	2026-08-04T06:13:12.8648280Z ##[group]Disabling automatic garbage collection
build-and-qualify (english, darwin-arm64)	Run actions/checkout@v4	2026-08-04T06:13:12.8649210Z [command]/usr/bin/git config --local gc.auto 0
build-and-qualify (english, darwin-arm64)	Run actions/checkout@v4	2026-08-04T06:13:12.9236550Z ##[endgroup]
build-and-qualify (english, darwin-arm64)	Run actions/checkout@v4	2026-08-04T06:13:12.9237720Z ##[group]Setting up auth
build-and-qualify (english, darwin-arm64)	Run actions/checkout@v4	2026-08-04T06:13:12.9241050Z [command]/usr/bin/git config --local --name-only --get-regexp core\.sshCommand
build-and-qualify (english, darwin-arm64)	Run actions/checkout@v4	2026-08-04T06:13:12.9474360Z [command]/usr/bin/git submodule foreach --recursive sh -c "git config --local --name-only --get-regexp 'core\.sshCommand' && git config --local --unset-all 'core.sshCommand' || :"
build-and-qualify (english, darwin-arm64)	Run actions/checkout@v4	2026-08-04T06:13:13.0667520Z [command]/usr/bin/git config --local --name-only --get-regexp http\.https\:\/\/github\.com\/\.extraheader
build-and-qualify (english, darwin-arm64)	Run actions/checkout@v4	2026-08-04T06:13:13.0863990Z [command]/usr/bin/git submodule foreach --recursive sh -c "git config --local --name-only --get-regexp 'http\.https\:\/\/github\.com\/\.extraheader' && git config --local --unset-all 'http.https://github.com/.extraheader' || :"
build-and-qualify (english, darwin-arm64)	Run actions/checkout@v4	2026-08-04T06:13:13.1892550Z [command]/usr/bin/git config --local --name-only --get-regexp ^includeIf\.gitdir:
build-and-qualify (english, darwin-arm64)	Run actions/checkout@v4	2026-08-04T06:13:13.2087080Z [command]/usr/bin/git submodule foreach --recursive git config --local --show-origin --name-only --get-regexp remote.origin.url
build-and-qualify (english, darwin-arm64)	Run actions/checkout@v4	2026-08-04T06:13:13.3167160Z [command]/usr/bin/git config --local http.https://github.com/.extraheader AUTHORIZATION: basic ***
build-and-qualify (english, darwin-arm64)	Run actions/checkout@v4	2026-08-04T06:13:13.3370770Z ##[endgroup]
build-and-qualify (english, darwin-arm64)	Run actions/checkout@v4	2026-08-04T06:13:13.3371820Z ##[group]Fetching the repository
build-and-qualify (english, darwin-arm64)	Run actions/checkout@v4	2026-08-04T06:13:13.3377490Z [command]/usr/bin/git -c protocol.version=2 fetch --prune --no-recurse-submodules --unshallow origin +refs/heads/*:refs/remotes/origin/* +refs/tags/*:refs/tags/*
build-and-qualify (english, darwin-arm64)	Run actions/checkout@v4	2026-08-04T06:13:14.4522720Z From https://github.com/AutoByteus/autobyteus-voice-runtime
build-and-qualify (english, darwin-arm64)	Run actions/checkout@v4	2026-08-04T06:13:14.4526450Z  * [new branch]      codex/voice-input-bilingual-runtime -> origin/codex/voice-input-bilingual-runtime
build-and-qualify (english, darwin-arm64)	Run actions/checkout@v4	2026-08-04T06:13:14.4534930Z  * [new branch]      codex/voice-input-runtime-reliability -> origin/codex/voice-input-runtime-reliability
build-and-qualify (english, darwin-arm64)	Run actions/checkout@v4	2026-08-04T06:13:14.4540730Z  * [new branch]      codex/voice-input-runtime-reliability-postarchive-fix -> origin/codex/voice-input-runtime-reliability-postarchive-fix
build-and-qualify (english, darwin-arm64)	Run actions/checkout@v4	2026-08-04T06:13:14.4544460Z  * [new tag]         v0.1.1     -> v0.1.1
build-and-qualify (english, darwin-arm64)	Run actions/checkout@v4	2026-08-04T06:13:14.4547040Z  * [new tag]         v0.2.0     -> v0.2.0
build-and-qualify (english, darwin-arm64)	Run actions/checkout@v4	2026-08-04T06:13:14.4549500Z  * [new tag]         v0.3.0     -> v0.3.0
build-and-qualify (english, darwin-arm64)	Run actions/checkout@v4	2026-08-04T06:13:14.4694010Z [command]/usr/bin/git branch --list --remote origin/main
build-and-qualify (english, darwin-arm64)	Run actions/checkout@v4	2026-08-04T06:13:14.4873400Z   origin/main
build-and-qualify (english, darwin-arm64)	Run actions/checkout@v4	2026-08-04T06:13:14.4881780Z [command]/usr/bin/git rev-parse refs/remotes/origin/main
build-and-qualify (english, darwin-arm64)	Run actions/checkout@v4	2026-08-04T06:13:14.5067180Z 5932090580d106648fa64375c7d8bd9ec2e23bff
build-and-qualify (english, darwin-arm64)	Run actions/checkout@v4	2026-08-04T06:13:14.5069720Z ##[endgroup]
build-and-qualify (english, darwin-arm64)	Run actions/checkout@v4	2026-08-04T06:13:14.5070080Z ##[group]Determining the checkout info
build-and-qualify (english, darwin-arm64)	Run actions/checkout@v4	2026-08-04T06:13:14.5070940Z ##[endgroup]
build-and-qualify (english, darwin-arm64)	Run actions/checkout@v4	2026-08-04T06:13:14.5075750Z [command]/usr/bin/git sparse-checkout disable
build-and-qualify (english, darwin-arm64)	Run actions/checkout@v4	2026-08-04T06:13:14.5349160Z [command]/usr/bin/git config --local --unset-all extensions.worktreeConfig
build-and-qualify (english, darwin-arm64)	Run actions/checkout@v4	2026-08-04T06:13:14.5535860Z ##[group]Checking out the ref
build-and-qualify (english, darwin-arm64)	Run actions/checkout@v4	2026-08-04T06:13:14.5540710Z [command]/usr/bin/git checkout --progress --force -B main refs/remotes/origin/main
build-and-qualify (english, darwin-arm64)	Run actions/checkout@v4	2026-08-04T06:13:14.5832350Z Switched to a new branch 'main'
build-and-qualify (english, darwin-arm64)	Run actions/checkout@v4	2026-08-04T06:13:14.5837170Z branch 'main' set up to track 'origin/main'.
build-and-qualify (english, darwin-arm64)	Run actions/checkout@v4	2026-08-04T06:13:14.5844340Z ##[endgroup]
build-and-qualify (english, darwin-arm64)	Run actions/checkout@v4	2026-08-04T06:13:14.6085180Z [command]/usr/bin/git log -1 --format=%H
build-and-qualify (english, darwin-arm64)	Run actions/checkout@v4	2026-08-04T06:13:14.6387650Z 5932090580d106648fa64375c7d8bd9ec2e23bff
build-and-qualify (english, darwin-arm64)	Verify source and closed toolchain	﻿2026-08-04T06:13:14.6699380Z ##[group]Run test "$(node --version)" = v22.23.1
build-and-qualify (english, darwin-arm64)	Verify source and closed toolchain	2026-08-04T06:13:14.6699770Z [36;1mtest "$(node --version)" = v22.23.1[0m
build-and-qualify (english, darwin-arm64)	Verify source and closed toolchain	2026-08-04T06:13:14.6700330Z [36;1mtest "$(shasum -a 256 contracts/catalog/current-release-matrix-v1.json | cut -d' ' -f1)" = "f3f57336d2598bc7c78ba0d8a10e6ad4da77c16b10274533986f29571d6de76d"[0m
build-and-qualify (english, darwin-arm64)	Verify source and closed toolchain	2026-08-04T06:13:14.6700920Z [36;1mnode build/verify-go-toolchain.mjs --go "$VOICE_GO"[0m
build-and-qualify (english, darwin-arm64)	Verify source and closed toolchain	2026-08-04T06:13:14.6701270Z [36;1mtest "$("$VOICE_CMAKE" --version | head -1)" = "cmake version 4.3.3"[0m
build-and-qualify (english, darwin-arm64)	Verify source and closed toolchain	2026-08-04T06:13:14.6701590Z [36;1mnpm ci --ignore-scripts[0m
build-and-qualify (english, darwin-arm64)	Verify source and closed toolchain	2026-08-04T06:13:14.6701810Z [36;1mnpm run check[0m
build-and-qualify (english, darwin-arm64)	Verify source and closed toolchain	2026-08-04T06:13:14.6770850Z shell: /bin/bash --noprofile --norc -e -o pipefail {0}
build-and-qualify (english, darwin-arm64)	Verify source and closed toolchain	2026-08-04T06:13:14.6771170Z env:
build-and-qualify (english, darwin-arm64)	Verify source and closed toolchain	2026-08-04T06:13:14.6771350Z   VOICE_RELEASE_TAG_INPUT: v1.0.0
build-and-qualify (english, darwin-arm64)	Verify source and closed toolchain	2026-08-04T06:13:14.6771580Z   VOICE_RUNTIME_VERSION_INPUT: 1.0.0
build-and-qualify (english, darwin-arm64)	Verify source and closed toolchain	2026-08-04T06:13:14.6771800Z   VOICE_QUALIFICATION_RUN_ID_INPUT: 
build-and-qualify (english, darwin-arm64)	Verify source and closed toolchain	2026-08-04T06:13:14.6772010Z ##[endgroup]
build-and-qualify (english, darwin-arm64)	Verify source and closed toolchain	2026-08-04T06:13:17.7692170Z {"schemaVersion":1,"version":"go version go1.26.5 darwin/arm64","host":{"platform":"darwin","architecture":"arm64"},"archive":{"fileName":"go1.26.5.darwin-arm64.tar.gz","sha256":"efb87ff28af9a188d0536ef5d42e63dd52ba8263cd7344a993cc48dd11dedb6a","sizeBytes":64738542},"rootIdentity":{"manifestFileName":"darwin-arm64.json","manifestSha256":"675d0ddbda6f6994975a17821aae5d6628aca94ca5fb6210ef1d00a850a6bce9","treeSha256":"27fd7f0918282550923f1820c890432b262feb7e574cb6bfd3c9f4962cdbb9ee","fileCount":15026,"totalSizeBytes":228637077}}
build-and-qualify (english, darwin-arm64)	Verify source and closed toolchain	2026-08-04T06:13:19.0601210Z 
build-and-qualify (english, darwin-arm64)	Verify source and closed toolchain	2026-08-04T06:13:19.0601650Z added 8 packages, and audited 9 packages in 1s
build-and-qualify (english, darwin-arm64)	Verify source and closed toolchain	2026-08-04T06:13:19.0601910Z 
build-and-qualify (english, darwin-arm64)	Verify source and closed toolchain	2026-08-04T06:13:19.0602030Z 3 packages are looking for funding
build-and-qualify (english, darwin-arm64)	Verify source and closed toolchain	2026-08-04T06:13:19.0602300Z   run `npm fund` for details
build-and-qualify (english, darwin-arm64)	Verify source and closed toolchain	2026-08-04T06:13:19.0605410Z 
build-and-qualify (english, darwin-arm64)	Verify source and closed toolchain	2026-08-04T06:13:19.0605630Z found 0 vulnerabilities
build-and-qualify (english, darwin-arm64)	Verify source and closed toolchain	2026-08-04T06:13:19.1848310Z 
build-and-qualify (english, darwin-arm64)	Verify source and closed toolchain	2026-08-04T06:13:19.1848920Z > @autobyteus/voice-input-runtime@1.0.0 check
build-and-qualify (english, darwin-arm64)	Verify source and closed toolchain	2026-08-04T06:13:19.1849440Z > npm run check:js && npm run check:python && npm run check:go && npm run check:evidence && npm test
build-and-qualify (english, darwin-arm64)	Verify source and closed toolchain	2026-08-04T06:13:19.1849870Z 
build-and-qualify (english, darwin-arm64)	Verify source and closed toolchain	2026-08-04T06:13:19.3449380Z 
build-and-qualify (english, darwin-arm64)	Verify source and closed toolchain	2026-08-04T06:13:19.3450000Z > @autobyteus/voice-input-runtime@1.0.0 check:js
build-and-qualify (english, darwin-arm64)	Verify source and closed toolchain	2026-08-04T06:13:19.3450380Z > node tooling/check-source.mjs
build-and-qualify (english, darwin-arm64)	Verify source and closed toolchain	2026-08-04T06:13:19.3450760Z 
build-and-qualify (english, darwin-arm64)	Verify source and closed toolchain	2026-08-04T06:13:19.6163810Z 
build-and-qualify (english, darwin-arm64)	Verify source and closed toolchain	2026-08-04T06:13:19.6164380Z > @autobyteus/voice-input-runtime@1.0.0 check:python
build-and-qualify (english, darwin-arm64)	Verify source and closed toolchain	2026-08-04T06:13:19.6164960Z > python3 -m unittest discover -s tests/providers -p '*_test.py' && python3 -m compileall -q providers
build-and-qualify (english, darwin-arm64)	Verify source and closed toolchain	2026-08-04T06:13:19.6165720Z 
build-and-qualify (english, darwin-arm64)	Verify source and closed toolchain	2026-08-04T06:13:20.2610020Z .......
build-and-qualify (english, darwin-arm64)	Verify source and closed toolchain	2026-08-04T06:13:20.2610590Z ----------------------------------------------------------------------
build-and-qualify (english, darwin-arm64)	Verify source and closed toolchain	2026-08-04T06:13:20.2611400Z Ran 7 tests in 0.061s
build-and-qualify (english, darwin-arm64)	Verify source and closed toolchain	2026-08-04T06:13:20.2611620Z 
build-and-qualify (english, darwin-arm64)	Verify source and closed toolchain	2026-08-04T06:13:20.2611740Z OK
build-and-qualify (english, darwin-arm64)	Verify source and closed toolchain	2026-08-04T06:13:20.4729950Z 
build-and-qualify (english, darwin-arm64)	Verify source and closed toolchain	2026-08-04T06:13:20.4730580Z > @autobyteus/voice-input-runtime@1.0.0 check:go
build-and-qualify (english, darwin-arm64)	Verify source and closed toolchain	2026-08-04T06:13:20.4730900Z > node tooling/check-go.mjs
build-and-qualify (english, darwin-arm64)	Verify source and closed toolchain	2026-08-04T06:13:20.4731160Z 
build-and-qualify (english, darwin-arm64)	Verify source and closed toolchain	2026-08-04T06:13:22.9029000Z ?   	github.com/AutoByteus/autobyteus-voice-runtime/launcher/cmd/voice-provider-launcher	[no test files]
build-and-qualify (english, darwin-arm64)	Verify source and closed toolchain	2026-08-04T06:13:23.7470020Z ok  	github.com/AutoByteus/autobyteus-voice-runtime/launcher/internal	0.582s
build-and-qualify (english, darwin-arm64)	Verify source and closed toolchain	2026-08-04T06:13:23.7470630Z ?   	github.com/AutoByteus/autobyteus-voice-runtime/launcher/internal/embeddedplan	[no test files]
build-and-qualify (english, darwin-arm64)	Verify source and closed toolchain	2026-08-04T06:13:23.7471160Z ok  	github.com/AutoByteus/autobyteus-voice-runtime/packaging/archive	0.340s
build-and-qualify (english, darwin-arm64)	Verify source and closed toolchain	2026-08-04T06:13:23.7471690Z ?   	github.com/AutoByteus/autobyteus-voice-runtime/packaging/cmd/provider-package-tool	[no test files]
build-and-qualify (english, darwin-arm64)	Verify source and closed toolchain	2026-08-04T06:13:23.8835230Z 
build-and-qualify (english, darwin-arm64)	Verify source and closed toolchain	2026-08-04T06:13:23.8835870Z > @autobyteus/voice-input-runtime@1.0.0 check:evidence
build-and-qualify (english, darwin-arm64)	Verify source and closed toolchain	2026-08-04T06:13:23.8836400Z > node tooling/verify-english-preservation.mjs && node tooling/verify-chinese-qualification.mjs
build-and-qualify (english, darwin-arm64)	Verify source and closed toolchain	2026-08-04T06:13:23.8836710Z 
build-and-qualify (english, darwin-arm64)	Verify source and closed toolchain	2026-08-04T06:13:24.0057090Z English preservation v2 authority reproduced byte-identically.
build-and-qualify (english, darwin-arm64)	Verify source and closed toolchain	2026-08-04T06:13:24.1496040Z Chinese v2 scoring/trust and Profile Resource Policy verified.
build-and-qualify (english, darwin-arm64)	Verify source and closed toolchain	2026-08-04T06:13:24.2669840Z 
build-and-qualify (english, darwin-arm64)	Verify source and closed toolchain	2026-08-04T06:13:24.2670350Z > @autobyteus/voice-input-runtime@1.0.0 test
build-and-qualify (english, darwin-arm64)	Verify source and closed toolchain	2026-08-04T06:13:24.2670650Z > node --test tests/**/*.test.mjs
build-and-qualify (english, darwin-arm64)	Verify source and closed toolchain	2026-08-04T06:13:24.2670790Z 
build-and-qualify (english, darwin-arm64)	Verify source and closed toolchain	2026-08-04T06:13:24.3278190Z TAP version 13
build-and-qualify (english, darwin-arm64)	Verify source and closed toolchain	2026-08-04T06:13:24.5522950Z # Subtest: byte framing accepts every split and coalesced canonical records
build-and-qualify (english, darwin-arm64)	Verify source and closed toolchain	2026-08-04T06:13:24.5548550Z ok 1 - byte framing accepts every split and coalesced canonical records
build-and-qualify (english, darwin-arm64)	Verify source and closed toolchain	2026-08-04T06:13:24.5555410Z   ---
build-and-qualify (english, darwin-arm64)	Verify source and closed toolchain	2026-08-04T06:13:24.5555770Z   duration_ms: 12.450542
build-and-qualify (english, darwin-arm64)	Verify source and closed toolchain	2026-08-04T06:13:24.5556010Z   type: 'test'
build-and-qualify (english, darwin-arm64)	Verify source and closed toolchain	2026-08-04T06:13:24.5556210Z   ...
build-and-qualify (english, darwin-arm64)	Verify source and closed toolchain	2026-08-04T06:13:24.5556580Z # Subtest: invalid, oversized, noncanonical, and truncated prefixed lines fail
build-and-qualify (english, darwin-arm64)	Verify source and closed toolchain	2026-08-04T06:13:24.5557040Z ok 2 - invalid, oversized, noncanonical, and truncated prefixed lines fail
build-and-qualify (english, darwin-arm64)	Verify source and closed toolchain	2026-08-04T06:13:24.5557410Z   ---
build-and-qualify (english, darwin-arm64)	Verify source and closed toolchain	2026-08-04T06:13:24.5557580Z   duration_ms: 1.68475
build-and-qualify (english, darwin-arm64)	Verify source and closed toolchain	2026-08-04T06:13:24.5557780Z   type: 'test'
build-and-qualify (english, darwin-arm64)	Verify source and closed toolchain	2026-08-04T06:13:24.5557970Z   ...
build-and-qualify (english, darwin-arm64)	Verify source and closed toolchain	2026-08-04T06:13:24.5558250Z # Subtest: worker duration and qualification receipt clocks remain separate
build-and-qualify (english, darwin-arm64)	Verify source and closed toolchain	2026-08-04T06:13:24.5558660Z ok 3 - worker duration and qualification receipt clocks remain separate
build-and-qualify (english, darwin-arm64)	Verify source and closed toolchain	2026-08-04T06:13:24.5558970Z   ---
build-and-qualify (english, darwin-arm64)	Verify source and closed toolchain	2026-08-04T06:13:24.5559120Z   duration_ms: 0.455125
build-and-qualify (english, darwin-arm64)	Verify source and closed toolchain	2026-08-04T06:13:24.5559320Z   type: 'test'
build-and-qualify (english, darwin-arm64)	Verify source and closed toolchain	2026-08-04T06:13:24.5559460Z   ...
build-and-qualify (english, darwin-arm64)	Verify source and closed toolchain	2026-08-04T06:13:24.5559720Z # Subtest: diagnostic receipt time is captured at LF consumption
build-and-qualify (english, darwin-arm64)	Verify source and closed toolchain	2026-08-04T06:13:24.5560080Z ok 4 - diagnostic receipt time is captured at LF consumption
build-and-qualify (english, darwin-arm64)	Verify source and closed toolchain	2026-08-04T06:13:24.5560360Z   ---
build-and-qualify (english, darwin-arm64)	Verify source and closed toolchain	2026-08-04T06:13:24.5560510Z   duration_ms: 0.96825
build-and-qualify (english, darwin-arm64)	Verify source and closed toolchain	2026-08-04T06:13:24.5560700Z   type: 'test'
build-and-qualify (english, darwin-arm64)	Verify source and closed toolchain	2026-08-04T06:13:24.5560860Z   ...
build-and-qualify (english, darwin-arm64)	Verify source and closed toolchain	2026-08-04T06:13:24.5561170Z # Subtest: closed RSS windows retain contained, crossings, touching, and shared samples
build-and-qualify (english, darwin-arm64)	Verify source and closed toolchain	2026-08-04T06:13:24.5561640Z ok 5 - closed RSS windows retain contained, crossings, touching, and shared samples
build-and-qualify (english, darwin-arm64)	Verify source and closed toolchain	2026-08-04T06:13:24.5562020Z   ---
build-and-qualify (english, darwin-arm64)	Verify source and closed toolchain	2026-08-04T06:13:24.5562190Z   duration_ms: 1.14425
build-and-qualify (english, darwin-arm64)	Verify source and closed toolchain	2026-08-04T06:13:24.5562370Z   type: 'test'
build-and-qualify (english, darwin-arm64)	Verify source and closed toolchain	2026-08-04T06:13:24.5562590Z   ...
build-and-qualify (english, darwin-arm64)	Verify source and closed toolchain	2026-08-04T06:13:24.5562860Z # Subtest: invalid windows, ordering, and worker regression fail closed
build-and-qualify (english, darwin-arm64)	Verify source and closed toolchain	2026-08-04T06:13:24.5563240Z ok 6 - invalid windows, ordering, and worker regression fail closed
build-and-qualify (english, darwin-arm64)	Verify source and closed toolchain	2026-08-04T06:13:24.5563550Z   ---
build-and-qualify (english, darwin-arm64)	Verify source and closed toolchain	2026-08-04T06:13:24.5563790Z   duration_ms: 0.351459
build-and-qualify (english, darwin-arm64)	Verify source and closed toolchain	2026-08-04T06:13:24.5563980Z   type: 'test'
build-and-qualify (english, darwin-arm64)	Verify source and closed toolchain	2026-08-04T06:13:24.5564140Z   ...
build-and-qualify (english, darwin-arm64)	Verify source and closed toolchain	2026-08-04T06:13:24.5564430Z # Subtest: failed partial preparation is retained and unrelated stderr is redacted
build-and-qualify (english, darwin-arm64)	Verify source and closed toolchain	2026-08-04T06:13:24.5564920Z ok 7 - failed partial preparation is retained and unrelated stderr is redacted
build-and-qualify (english, darwin-arm64)	Verify source and closed toolchain	2026-08-04T06:13:24.5577430Z   ---
build-and-qualify (english, darwin-arm64)	Verify source and closed toolchain	2026-08-04T06:13:24.5577700Z   duration_ms: 0.415666
build-and-qualify (english, darwin-arm64)	Verify source and closed toolchain	2026-08-04T06:13:24.5577890Z   type: 'test'
build-and-qualify (english, darwin-arm64)	Verify source and closed toolchain	2026-08-04T06:13:24.5578060Z   ...
build-and-qualify (english, darwin-arm64)	Verify source and closed toolchain	2026-08-04T06:13:24.5578350Z # Subtest: successful preparation with no RSS coverage fails durable evidence
build-and-qualify (english, darwin-arm64)	Verify source and closed toolchain	2026-08-04T06:13:24.5578790Z ok 8 - successful preparation with no RSS coverage fails durable evidence
build-and-qualify (english, darwin-arm64)	Verify source and closed toolchain	2026-08-04T06:13:24.5579100Z   ---
build-and-qualify (english, darwin-arm64)	Verify source and closed toolchain	2026-08-04T06:13:24.5579270Z   duration_ms: 0.733375
build-and-qualify (english, darwin-arm64)	Verify source and closed toolchain	2026-08-04T06:13:24.5579450Z   type: 'test'
build-and-qualify (english, darwin-arm64)	Verify source and closed toolchain	2026-08-04T06:13:24.5579640Z   ...
build-and-qualify (english, darwin-arm64)	Verify source and closed toolchain	2026-08-04T06:13:24.5653400Z # Subtest: written evidence revalidates and recomputes
build-and-qualify (english, darwin-arm64)	Verify source and closed toolchain	2026-08-04T06:13:24.5654230Z ok 9 - written evidence revalidates and recomputes
build-and-qualify (english, darwin-arm64)	Verify source and closed toolchain	2026-08-04T06:13:24.5654500Z   ---
build-and-qualify (english, darwin-arm64)	Verify source and closed toolchain	2026-08-04T06:13:24.5654680Z   duration_ms: 14.851583
build-and-qualify (english, darwin-arm64)	Verify source and closed toolchain	2026-08-04T06:13:24.5654880Z   type: 'test'
build-and-qualify (english, darwin-arm64)	Verify source and closed toolchain	2026-08-04T06:13:24.5655060Z   ...
build-and-qualify (english, darwin-arm64)	Verify source and closed toolchain	2026-08-04T06:13:24.5703060Z # Subtest: qualification binding rejects evidence from another attempt identity
build-and-qualify (english, darwin-arm64)	Verify source and closed toolchain	2026-08-04T06:13:24.5704000Z ok 10 - qualification binding rejects evidence from another attempt identity
build-and-qualify (english, darwin-arm64)	Verify source and closed toolchain	2026-08-04T06:13:24.5704330Z   ---
build-and-qualify (english, darwin-arm64)	Verify source and closed toolchain	2026-08-04T06:13:24.5704500Z   duration_ms: 5.333625
build-and-qualify (english, darwin-arm64)	Verify source and closed toolchain	2026-08-04T06:13:24.5704720Z   type: 'test'
build-and-qualify (english, darwin-arm64)	Verify source and closed toolchain	2026-08-04T06:13:24.5704880Z   ...
build-and-qualify (english, darwin-arm64)	Verify source and closed toolchain	2026-08-04T06:13:24.5808620Z # Subtest: session follows ready, request, and bounded shutdown
build-and-qualify (english, darwin-arm64)	Verify source and closed toolchain	2026-08-04T06:13:24.5810050Z ok 11 - session follows ready, request, and bounded shutdown
build-and-qualify (english, darwin-arm64)	Verify source and closed toolchain	2026-08-04T06:13:24.5810320Z   ---
build-and-qualify (english, darwin-arm64)	Verify source and closed toolchain	2026-08-04T06:13:24.5810490Z   duration_ms: 2.7155
build-and-qualify (english, darwin-arm64)	Verify source and closed toolchain	2026-08-04T06:13:24.5810660Z   type: 'test'
build-and-qualify (english, darwin-arm64)	Verify source and closed toolchain	2026-08-04T06:13:24.5810840Z   ...
build-and-qualify (english, darwin-arm64)	Verify source and closed toolchain	2026-08-04T06:13:24.5811120Z # Subtest: malformed protocol terminally fails and awaits termination
build-and-qualify (english, darwin-arm64)	Verify source and closed toolchain	2026-08-04T06:13:24.5811530Z ok 12 - malformed protocol terminally fails and awaits termination
build-and-qualify (english, darwin-arm64)	Verify source and closed toolchain	2026-08-04T06:13:24.5811810Z   ---
build-and-qualify (english, darwin-arm64)	Verify source and closed toolchain	2026-08-04T06:13:24.5811980Z   duration_ms: 0.4985
build-and-qualify (english, darwin-arm64)	Verify source and closed toolchain	2026-08-04T06:13:24.5812170Z   type: 'test'
build-and-qualify (english, darwin-arm64)	Verify source and closed toolchain	2026-08-04T06:13:24.5812320Z   ...
build-and-qualify (english, darwin-arm64)	Verify source and closed toolchain	2026-08-04T06:13:24.5812550Z # Subtest: hello timeout terminally fails and awaits termination
build-and-qualify (english, darwin-arm64)	Verify source and closed toolchain	2026-08-04T06:13:24.5812910Z ok 13 - hello timeout terminally fails and awaits termination
build-and-qualify (english, darwin-arm64)	Verify source and closed toolchain	2026-08-04T06:13:24.5813180Z   ---
build-and-qualify (english, darwin-arm64)	Verify source and closed toolchain	2026-08-04T06:13:24.5813340Z   duration_ms: 20.449875
build-and-qualify (english, darwin-arm64)	Verify source and closed toolchain	2026-08-04T06:13:24.5813520Z   type: 'test'
build-and-qualify (english, darwin-arm64)	Verify source and closed toolchain	2026-08-04T06:13:24.5813690Z   ...
build-and-qualify (english, darwin-arm64)	Verify source and closed toolchain	2026-08-04T06:13:24.5813910Z # Subtest: write failure terminally fails without replay
build-and-qualify (english, darwin-arm64)	Verify source and closed toolchain	2026-08-04T06:13:24.5814260Z ok 14 - write failure terminally fails without replay
build-and-qualify (english, darwin-arm64)	Verify source and closed toolchain	2026-08-04T06:13:24.5814510Z   ---
build-and-qualify (english, darwin-arm64)	Verify source and closed toolchain	2026-08-04T06:13:24.5814660Z   duration_ms: 0.646
build-and-qualify (english, darwin-arm64)	Verify source and closed toolchain	2026-08-04T06:13:24.5814850Z   type: 'test'
build-and-qualify (english, darwin-arm64)	Verify source and closed toolchain	2026-08-04T06:13:24.5815020Z   ...
build-and-qualify (english, darwin-arm64)	Verify source and closed toolchain	2026-08-04T06:13:24.5815300Z # Subtest: terminal failure escalates once when graceful termination is ignored
build-and-qualify (english, darwin-arm64)	Verify source and closed toolchain	2026-08-04T06:13:24.5815730Z ok 15 - terminal failure escalates once when graceful termination is ignored
build-and-qualify (english, darwin-arm64)	Verify source and closed toolchain	2026-08-04T06:13:24.5816060Z   ---
build-and-qualify (english, darwin-arm64)	Verify source and closed toolchain	2026-08-04T06:13:24.5816240Z   duration_ms: 21.107042
build-and-qualify (english, darwin-arm64)	Verify source and closed toolchain	2026-08-04T06:13:24.5816430Z   type: 'test'
build-and-qualify (english, darwin-arm64)	Verify source and closed toolchain	2026-08-04T06:13:24.5816590Z   ...
build-and-qualify (english, darwin-arm64)	Verify source and closed toolchain	2026-08-04T06:13:24.5816890Z # Subtest: statefully decodes UTF-8 and line delimiters split at every byte
build-and-qualify (english, darwin-arm64)	Verify source and closed toolchain	2026-08-04T06:13:24.5817310Z ok 16 - statefully decodes UTF-8 and line delimiters split at every byte
build-and-qualify (english, darwin-arm64)	Verify source and closed toolchain	2026-08-04T06:13:24.5817630Z   ---
build-and-qualify (english, darwin-arm64)	Verify source and closed toolchain	2026-08-04T06:13:24.5817790Z   duration_ms: 3.680333
build-and-qualify (english, darwin-arm64)	Verify source and closed toolchain	2026-08-04T06:13:24.5817980Z   type: 'test'
build-and-qualify (english, darwin-arm64)	Verify source and closed toolchain	2026-08-04T06:13:24.5818140Z   ...
build-and-qualify (english, darwin-arm64)	Verify source and closed toolchain	2026-08-04T06:13:24.5818390Z # Subtest: truncated UTF-8 on stdout termination fails the session
build-and-qualify (english, darwin-arm64)	Verify source and closed toolchain	2026-08-04T06:13:24.5818770Z ok 17 - truncated UTF-8 on stdout termination fails the session
build-and-qualify (english, darwin-arm64)	Verify source and closed toolchain	2026-08-04T06:13:24.5819040Z   ---
build-and-qualify (english, darwin-arm64)	Verify source and closed toolchain	2026-08-04T06:13:24.5819190Z   duration_ms: 0.617042
build-and-qualify (english, darwin-arm64)	Verify source and closed toolchain	2026-08-04T06:13:24.5819370Z   type: 'test'
build-and-qualify (english, darwin-arm64)	Verify source and closed toolchain	2026-08-04T06:13:24.5819510Z   ...
build-and-qualify (english, darwin-arm64)	Verify source and closed toolchain	2026-08-04T06:13:24.5819780Z # Subtest: session forwards exact raw stderr chunks without interpreting framing
build-and-qualify (english, darwin-arm64)	Verify source and closed toolchain	2026-08-04T06:13:24.5820220Z ok 18 - session forwards exact raw stderr chunks without interpreting framing
build-and-qualify (english, darwin-arm64)	Verify source and closed toolchain	2026-08-04T06:13:24.5820510Z   ---
build-and-qualify (english, darwin-arm64)	Verify source and closed toolchain	2026-08-04T06:13:24.5820670Z   duration_ms: 0.606625
build-and-qualify (english, darwin-arm64)	Verify source and closed toolchain	2026-08-04T06:13:24.5820830Z   type: 'test'
build-and-qualify (english, darwin-arm64)	Verify source and closed toolchain	2026-08-04T06:13:24.5820990Z   ...
build-and-qualify (english, darwin-arm64)	Verify source and closed toolchain	2026-08-04T06:13:30.1866240Z # Subtest: CommonCrypto streaming digest matches exact boundary payloads
build-and-qualify (english, darwin-arm64)	Verify source and closed toolchain	2026-08-04T06:13:30.1866790Z ok 19 - CommonCrypto streaming digest matches exact boundary payloads
build-and-qualify (english, darwin-arm64)	Verify source and closed toolchain	2026-08-04T06:13:30.1867060Z   ---
build-and-qualify (english, darwin-arm64)	Verify source and closed toolchain	2026-08-04T06:13:30.1867260Z   duration_ms: 5815.806625
build-and-qualify (english, darwin-arm64)	Verify source and closed toolchain	2026-08-04T06:13:30.1867480Z   type: 'test'
build-and-qualify (english, darwin-arm64)	Verify source and closed toolchain	2026-08-04T06:13:30.1867650Z   ...
build-and-qualify (english, darwin-arm64)	Verify source and closed toolchain	2026-08-04T06:13:30.3970100Z # Subtest: integrity owner is bounded, Apple-only, and classifies failures
build-and-qualify (english, darwin-arm64)	Verify source and closed toolchain	2026-08-04T06:13:30.3970660Z ok 20 - integrity owner is bounded, Apple-only, and classifies failures
build-and-qualify (english, darwin-arm64)	Verify source and closed toolchain	2026-08-04T06:13:30.3970970Z   ---
build-and-qualify (english, darwin-arm64)	Verify source and closed toolchain	2026-08-04T06:13:30.3971160Z   duration_ms: 210.560375
build-and-qualify (english, darwin-arm64)	Verify source and closed toolchain	2026-08-04T06:13:30.3971380Z   type: 'test'
build-and-qualify (english, darwin-arm64)	Verify source and closed toolchain	2026-08-04T06:13:30.3971550Z   ...
build-and-qualify (english, darwin-arm64)	Verify source and closed toolchain	2026-08-04T06:13:30.5299960Z # Subtest: preparation emitter writes exact private canonical lines
build-and-qualify (english, darwin-arm64)	Verify source and closed toolchain	2026-08-04T06:13:30.5300500Z ok 21 - preparation emitter writes exact private canonical lines
build-and-qualify (english, darwin-arm64)	Verify source and closed toolchain	2026-08-04T06:13:30.5300770Z   ---
build-and-qualify (english, darwin-arm64)	Verify source and closed toolchain	2026-08-04T06:13:30.5300950Z   duration_ms: 133.451208
build-and-qualify (english, darwin-arm64)	Verify source and closed toolchain	2026-08-04T06:13:30.5301120Z   type: 'test'
build-and-qualify (english, darwin-arm64)	Verify source and closed toolchain	2026-08-04T06:13:30.5301300Z   ...
build-and-qualify (english, darwin-arm64)	Verify source and closed toolchain	2026-08-04T06:13:30.5362510Z # Subtest: cleanup removes a verified read-only package tree
build-and-qualify (english, darwin-arm64)	Verify source and closed toolchain	2026-08-04T06:13:30.5362920Z ok 22 - cleanup removes a verified read-only package tree
build-and-qualify (english, darwin-arm64)	Verify source and closed toolchain	2026-08-04T06:13:30.5364010Z   ---
build-and-qualify (english, darwin-arm64)	Verify source and closed toolchain	2026-08-04T06:13:30.5364250Z   duration_ms: 14.155834
build-and-qualify (english, darwin-arm64)	Verify source and closed toolchain	2026-08-04T06:13:30.5364440Z   type: 'test'
build-and-qualify (english, darwin-arm64)	Verify source and closed toolchain	2026-08-04T06:13:30.5364580Z   ...
build-and-qualify (english, darwin-arm64)	Verify source and closed toolchain	2026-08-04T06:13:30.5364870Z # Subtest: internal target mapping covers every supported Node and Go tuple
build-and-qualify (english, darwin-arm64)	Verify source and closed toolchain	2026-08-04T06:13:30.5365300Z ok 23 - internal target mapping covers every supported Node and Go tuple
build-and-qualify (english, darwin-arm64)	Verify source and closed toolchain	2026-08-04T06:13:30.5365600Z   ---
build-and-qualify (english, darwin-arm64)	Verify source and closed toolchain	2026-08-04T06:13:30.5365780Z   duration_ms: 1.092417
build-and-qualify (english, darwin-arm64)	Verify source and closed toolchain	2026-08-04T06:13:30.5365960Z   type: 'test'
build-and-qualify (english, darwin-arm64)	Verify source and closed toolchain	2026-08-04T06:13:30.5366140Z   ...
build-and-qualify (english, darwin-arm64)	Verify source and closed toolchain	2026-08-04T06:13:30.5366390Z # Subtest: every supported Go root manifest is bound to its locked archive
build-and-qualify (english, darwin-arm64)	Verify source and closed toolchain	2026-08-04T06:13:30.5366820Z ok 24 - every supported Go root manifest is bound to its locked archive
build-and-qualify (english, darwin-arm64)	Verify source and closed toolchain	2026-08-04T06:13:30.5367150Z   ---
build-and-qualify (english, darwin-arm64)	Verify source and closed toolchain	2026-08-04T06:13:30.5367330Z   duration_ms: 49.953875
build-and-qualify (english, darwin-arm64)	Verify source and closed toolchain	2026-08-04T06:13:30.5367510Z   type: 'test'
build-and-qualify (english, darwin-arm64)	Verify source and closed toolchain	2026-08-04T06:13:30.5367670Z   ...
build-and-qualify (english, darwin-arm64)	Verify source and closed toolchain	2026-08-04T06:13:30.5367950Z # Subtest: version-preserving fake Go compiler is rejected by exact bytes
build-and-qualify (english, darwin-arm64)	Verify source and closed toolchain	2026-08-04T06:13:30.5368390Z ok 25 - version-preserving fake Go compiler is rejected by exact bytes
build-and-qualify (english, darwin-arm64)	Verify source and closed toolchain	2026-08-04T06:13:30.5368700Z   ---
build-and-qualify (english, darwin-arm64)	Verify source and closed toolchain	2026-08-04T06:13:30.5368870Z   duration_ms: 14.645458
build-and-qualify (english, darwin-arm64)	Verify source and closed toolchain	2026-08-04T06:13:30.5369100Z   type: 'test'
build-and-qualify (english, darwin-arm64)	Verify source and closed toolchain	2026-08-04T06:13:30.5369240Z   ...
build-and-qualify (english, darwin-arm64)	Verify source and closed toolchain	2026-08-04T06:13:30.5369530Z # Subtest: official locked Go front binary without its sibling root is rejected
build-and-qualify (english, darwin-arm64)	Verify source and closed toolchain	2026-08-04T06:13:30.5369990Z ok 26 - official locked Go front binary without its sibling root is rejected
build-and-qualify (english, darwin-arm64)	Verify source and closed toolchain	2026-08-04T06:13:30.5370660Z   ---
build-and-qualify (english, darwin-arm64)	Verify source and closed toolchain	2026-08-04T06:13:30.5370910Z   duration_ms: 73.258542
build-and-qualify (english, darwin-arm64)	Verify source and closed toolchain	2026-08-04T06:13:30.5371110Z   type: 'test'
build-and-qualify (english, darwin-arm64)	Verify source and closed toolchain	2026-08-04T06:13:30.5371270Z   ...
build-and-qualify (english, darwin-arm64)	Verify source and closed toolchain	2026-08-04T06:13:30.5371550Z # Subtest: exact Go front binary is rejected when a sibling tool is missing
build-and-qualify (english, darwin-arm64)	Verify source and closed toolchain	2026-08-04T06:13:30.5371990Z ok 27 - exact Go front binary is rejected when a sibling tool is missing
build-and-qualify (english, darwin-arm64)	Verify source and closed toolchain	2026-08-04T06:13:30.5372300Z   ---
build-and-qualify (english, darwin-arm64)	Verify source and closed toolchain	2026-08-04T06:13:30.5372470Z   duration_ms: 35.919167
build-and-qualify (english, darwin-arm64)	Verify source and closed toolchain	2026-08-04T06:13:30.5372640Z   type: 'test'
build-and-qualify (english, darwin-arm64)	Verify source and closed toolchain	2026-08-04T06:13:30.5372810Z   ...
build-and-qualify (english, darwin-arm64)	Verify source and closed toolchain	2026-08-04T06:13:30.5373090Z # Subtest: exact Go front binary is rejected when a sibling tool is modified
build-and-qualify (english, darwin-arm64)	Verify source and closed toolchain	2026-08-04T06:13:30.5373490Z ok 28 - exact Go front binary is rejected when a sibling tool is modified
build-and-qualify (english, darwin-arm64)	Verify source and closed toolchain	2026-08-04T06:13:30.5373780Z   ---
build-and-qualify (english, darwin-arm64)	Verify source and closed toolchain	2026-08-04T06:13:30.5373950Z   duration_ms: 17.858
build-and-qualify (english, darwin-arm64)	Verify source and closed toolchain	2026-08-04T06:13:30.5374210Z   type: 'test'
build-and-qualify (english, darwin-arm64)	Verify source and closed toolchain	2026-08-04T06:13:30.5374400Z   ...
build-and-qualify (english, darwin-arm64)	Verify source and closed toolchain	2026-08-04T06:13:30.5374660Z # Subtest: inherited alternate GOROOT is rejected before Go execution
build-and-qualify (english, darwin-arm64)	Verify source and closed toolchain	2026-08-04T06:13:30.5375070Z ok 29 - inherited alternate GOROOT is rejected before Go execution
build-and-qualify (english, darwin-arm64)	Verify source and closed toolchain	2026-08-04T06:13:30.5375340Z   ---
build-and-qualify (english, darwin-arm64)	Verify source and closed toolchain	2026-08-04T06:13:30.5375520Z   duration_ms: 10.350791
build-and-qualify (english, darwin-arm64)	Verify source and closed toolchain	2026-08-04T06:13:30.5375690Z   type: 'test'
build-and-qualify (english, darwin-arm64)	Verify source and closed toolchain	2026-08-04T06:13:30.5375840Z   ...
build-and-qualify (english, darwin-arm64)	Verify source and closed toolchain	2026-08-04T06:13:30.5376080Z # Subtest: inherited GOCACHEPROG is rejected before verified Go invocation
build-and-qualify (english, darwin-arm64)	Verify source and closed toolchain	2026-08-04T06:13:30.5376480Z ok 30 - inherited GOCACHEPROG is rejected before verified Go invocation
build-and-qualify (english, darwin-arm64)	Verify source and closed toolchain	2026-08-04T06:13:30.5376760Z   ---
build-and-qualify (english, darwin-arm64)	Verify source and closed toolchain	2026-08-04T06:13:30.5376900Z   duration_ms: 45.8845
build-and-qualify (english, darwin-arm64)	Verify source and closed toolchain	2026-08-04T06:13:30.5377070Z   type: 'test'
build-and-qualify (english, darwin-arm64)	Verify source and closed toolchain	2026-08-04T06:13:30.5377240Z   ...
build-and-qualify (english, darwin-arm64)	Verify source and closed toolchain	2026-08-04T06:13:30.5377500Z # Subtest: locked native source rejects a modified tree at the same commit
build-and-qualify (english, darwin-arm64)	Verify source and closed toolchain	2026-08-04T06:13:30.5377910Z ok 31 - locked native source rejects a modified tree at the same commit
build-and-qualify (english, darwin-arm64)	Verify source and closed toolchain	2026-08-04T06:13:30.5378180Z   ---
build-and-qualify (english, darwin-arm64)	Verify source and closed toolchain	2026-08-04T06:13:30.5378330Z   duration_ms: 407.020291
build-and-qualify (english, darwin-arm64)	Verify source and closed toolchain	2026-08-04T06:13:30.5378530Z   type: 'test'
build-and-qualify (english, darwin-arm64)	Verify source and closed toolchain	2026-08-04T06:13:30.5378660Z   ...
build-and-qualify (english, darwin-arm64)	Verify source and closed toolchain	2026-08-04T06:13:30.5378940Z # Subtest: wheelhouse rejects target wheel bytes changed without a version change
build-and-qualify (english, darwin-arm64)	Verify source and closed toolchain	2026-08-04T06:13:30.5379370Z ok 32 - wheelhouse rejects target wheel bytes changed without a version change
build-and-qualify (english, darwin-arm64)	Verify source and closed toolchain	2026-08-04T06:13:30.5379650Z   ---
build-and-qualify (english, darwin-arm64)	Verify source and closed toolchain	2026-08-04T06:13:30.5379790Z   duration_ms: 4.317834
build-and-qualify (english, darwin-arm64)	Verify source and closed toolchain	2026-08-04T06:13:30.5379960Z   type: 'test'
build-and-qualify (english, darwin-arm64)	Verify source and closed toolchain	2026-08-04T06:13:30.5380090Z   ...
build-and-qualify (english, darwin-arm64)	Verify source and closed toolchain	2026-08-04T06:13:30.5380360Z # Subtest: operator-materialized Python trees are not accepted as build inputs
build-and-qualify (english, darwin-arm64)	Verify source and closed toolchain	2026-08-04T06:13:30.5380810Z ok 33 - operator-materialized Python trees are not accepted as build inputs
build-and-qualify (english, darwin-arm64)	Verify source and closed toolchain	2026-08-04T06:13:30.5381760Z   ---
build-and-qualify (english, darwin-arm64)	Verify source and closed toolchain	2026-08-04T06:13:30.5381910Z   duration_ms: 1.3355
build-and-qualify (english, darwin-arm64)	Verify source and closed toolchain	2026-08-04T06:13:30.5382070Z   type: 'test'
build-and-qualify (english, darwin-arm64)	Verify source and closed toolchain	2026-08-04T06:13:30.5382210Z   ...
build-and-qualify (english, darwin-arm64)	Verify source and closed toolchain	2026-08-04T06:13:30.5382490Z # Subtest: the exact locked topology becomes a closed relocatable reproducible tree
build-and-qualify (english, darwin-arm64)	Verify source and closed toolchain	2026-08-04T06:13:30.5382930Z ok 34 - the exact locked topology becomes a closed relocatable reproducible tree
build-and-qualify (english, darwin-arm64)	Verify source and closed toolchain	2026-08-04T06:13:30.5383230Z   ---
build-and-qualify (english, darwin-arm64)	Verify source and closed toolchain	2026-08-04T06:13:30.5383380Z   duration_ms: 190.612917
build-and-qualify (english, darwin-arm64)	Verify source and closed toolchain	2026-08-04T06:13:30.5383550Z   type: 'test'
build-and-qualify (english, darwin-arm64)	Verify source and closed toolchain	2026-08-04T06:13:30.5383680Z   ...
build-and-qualify (english, darwin-arm64)	Verify source and closed toolchain	2026-08-04T06:13:30.5383920Z # Subtest: unsafe, incomplete, and unexpected archive entries fail closed
build-and-qualify (english, darwin-arm64)	Verify source and closed toolchain	2026-08-04T06:13:30.5384230Z     # Subtest: absolute link
build-and-qualify (english, darwin-arm64)	Verify source and closed toolchain	2026-08-04T06:13:30.5384420Z     ok 1 - absolute link
build-and-qualify (english, darwin-arm64)	Verify source and closed toolchain	2026-08-04T06:13:30.5384590Z       ---
build-and-qualify (english, darwin-arm64)	Verify source and closed toolchain	2026-08-04T06:13:30.5384740Z       duration_ms: 24.619
build-and-qualify (english, darwin-arm64)	Verify source and closed toolchain	2026-08-04T06:13:30.5384910Z       type: 'test'
build-and-qualify (english, darwin-arm64)	Verify source and closed toolchain	2026-08-04T06:13:30.5385050Z       ...
build-and-qualify (english, darwin-arm64)	Verify source and closed toolchain	2026-08-04T06:13:30.5385200Z     # Subtest: escaping link
build-and-qualify (english, darwin-arm64)	Verify source and closed toolchain	2026-08-04T06:13:30.5385400Z     ok 2 - escaping link
build-and-qualify (english, darwin-arm64)	Verify source and closed toolchain	2026-08-04T06:13:30.5385570Z       ---
build-and-qualify (english, darwin-arm64)	Verify source and closed toolchain	2026-08-04T06:13:30.5385720Z       duration_ms: 22.782083
build-and-qualify (english, darwin-arm64)	Verify source and closed toolchain	2026-08-04T06:13:30.5385900Z       type: 'test'
build-and-qualify (english, darwin-arm64)	Verify source and closed toolchain	2026-08-04T06:13:30.5386050Z       ...
build-and-qualify (english, darwin-arm64)	Verify source and closed toolchain	2026-08-04T06:13:30.5386190Z     # Subtest: dangling link
build-and-qualify (english, darwin-arm64)	Verify source and closed toolchain	2026-08-04T06:13:30.5386370Z     ok 3 - dangling link
build-and-qualify (english, darwin-arm64)	Verify source and closed toolchain	2026-08-04T06:13:30.5386530Z       ---
build-and-qualify (english, darwin-arm64)	Verify source and closed toolchain	2026-08-04T06:13:30.5386680Z       duration_ms: 45.892375
build-and-qualify (english, darwin-arm64)	Verify source and closed toolchain	2026-08-04T06:13:30.5386860Z       type: 'test'
build-and-qualify (english, darwin-arm64)	Verify source and closed toolchain	2026-08-04T06:13:30.5387000Z       ...
build-and-qualify (english, darwin-arm64)	Verify source and closed toolchain	2026-08-04T06:13:30.5387140Z     # Subtest: cyclic link
build-and-qualify (english, darwin-arm64)	Verify source and closed toolchain	2026-08-04T06:13:30.5387310Z     ok 4 - cyclic link
build-and-qualify (english, darwin-arm64)	Verify source and closed toolchain	2026-08-04T06:13:30.5387460Z       ---
build-and-qualify (english, darwin-arm64)	Verify source and closed toolchain	2026-08-04T06:13:30.5387610Z       duration_ms: 21.399666
build-and-qualify (english, darwin-arm64)	Verify source and closed toolchain	2026-08-04T06:13:30.5387780Z       type: 'test'
build-and-qualify (english, darwin-arm64)	Verify source and closed toolchain	2026-08-04T06:13:30.5387930Z       ...
build-and-qualify (english, darwin-arm64)	Verify source and closed toolchain	2026-08-04T06:13:30.5388080Z     # Subtest: unexpected link
build-and-qualify (english, darwin-arm64)	Verify source and closed toolchain	2026-08-04T06:13:30.5388270Z     ok 5 - unexpected link
build-and-qualify (english, darwin-arm64)	Verify source and closed toolchain	2026-08-04T06:13:30.5388450Z       ---
build-and-qualify (english, darwin-arm64)	Verify source and closed toolchain	2026-08-04T06:13:30.5388600Z       duration_ms: 15.00025
build-and-qualify (english, darwin-arm64)	Verify source and closed toolchain	2026-08-04T06:13:30.5388780Z       type: 'test'
build-and-qualify (english, darwin-arm64)	Verify source and closed toolchain	2026-08-04T06:13:30.5388920Z       ...
build-and-qualify (english, darwin-arm64)	Verify source and closed toolchain	2026-08-04T06:13:30.5389080Z     # Subtest: missing approved link
build-and-qualify (english, darwin-arm64)	Verify source and closed toolchain	2026-08-04T06:13:30.5389300Z     ok 6 - missing approved link
build-and-qualify (english, darwin-arm64)	Verify source and closed toolchain	2026-08-04T06:13:30.5389480Z       ---
build-and-qualify (english, darwin-arm64)	Verify source and closed toolchain	2026-08-04T06:13:30.5389620Z       duration_ms: 14.753834
build-and-qualify (english, darwin-arm64)	Verify source and closed toolchain	2026-08-04T06:13:30.5389800Z       type: 'test'
build-and-qualify (english, darwin-arm64)	Verify source and closed toolchain	2026-08-04T06:13:30.5389940Z       ...
build-and-qualify (english, darwin-arm64)	Verify source and closed toolchain	2026-08-04T06:13:30.5390080Z     # Subtest: special entry
build-and-qualify (english, darwin-arm64)	Verify source and closed toolchain	2026-08-04T06:13:30.5390270Z     ok 7 - special entry
build-and-qualify (english, darwin-arm64)	Verify source and closed toolchain	2026-08-04T06:13:30.5390430Z       ---
build-and-qualify (english, darwin-arm64)	Verify source and closed toolchain	2026-08-04T06:13:30.5390580Z       duration_ms: 18.625791
build-and-qualify (english, darwin-arm64)	Verify source and closed toolchain	2026-08-04T06:13:30.5390750Z       type: 'test'
build-and-qualify (english, darwin-arm64)	Verify source and closed toolchain	2026-08-04T06:13:30.5390900Z       ...
build-and-qualify (english, darwin-arm64)	Verify source and closed toolchain	2026-08-04T06:13:30.5391020Z     1..7
build-and-qualify (english, darwin-arm64)	Verify source and closed toolchain	2026-08-04T06:13:30.5391260Z ok 35 - unsafe, incomplete, and unexpected archive entries fail closed
build-and-qualify (english, darwin-arm64)	Verify source and closed toolchain	2026-08-04T06:13:30.5391530Z   ---
build-and-qualify (english, darwin-arm64)	Verify source and closed toolchain	2026-08-04T06:13:30.5391670Z   duration_ms: 164.6905
build-and-qualify (english, darwin-arm64)	Verify source and closed toolchain	2026-08-04T06:13:30.5391830Z   type: 'test'
build-and-qualify (english, darwin-arm64)	Verify source and closed toolchain	2026-08-04T06:13:30.5391970Z   ...
build-and-qualify (english, darwin-arm64)	Verify source and closed toolchain	2026-08-04T06:13:30.5392270Z # Subtest: Python closure excludes dependency tests and development headers coherently
build-and-qualify (english, darwin-arm64)	Verify source and closed toolchain	2026-08-04T06:13:30.5392740Z ok 36 - Python closure excludes dependency tests and development headers coherently
build-and-qualify (english, darwin-arm64)	Verify source and closed toolchain	2026-08-04T06:13:30.5393040Z   ---
build-and-qualify (english, darwin-arm64)	Verify source and closed toolchain	2026-08-04T06:13:30.5393190Z   duration_ms: 32.63525
build-and-qualify (english, darwin-arm64)	Verify source and closed toolchain	2026-08-04T06:13:30.5393480Z   type: 'test'
build-and-qualify (english, darwin-arm64)	Verify source and closed toolchain	2026-08-04T06:13:30.5393620Z   ...
build-and-qualify (english, darwin-arm64)	Verify source and closed toolchain	2026-08-04T06:13:30.5393950Z # Subtest: the complete observed staged manifest passes the canonical Go validator after closure
build-and-qualify (english, darwin-arm64)	Verify source and closed toolchain	2026-08-04T06:13:30.5394460Z ok 37 - the complete observed staged manifest passes the canonical Go validator after closure
build-and-qualify (english, darwin-arm64)	Verify source and closed toolchain	2026-08-04T06:13:30.5394790Z   ---
build-and-qualify (english, darwin-arm64)	Verify source and closed toolchain	2026-08-04T06:13:30.5394930Z   duration_ms: 5649.702708
build-and-qualify (english, darwin-arm64)	Verify source and closed toolchain	2026-08-04T06:13:30.5395100Z   type: 'test'
build-and-qualify (english, darwin-arm64)	Verify source and closed toolchain	2026-08-04T06:13:30.5395240Z   ...
build-and-qualify (english, darwin-arm64)	Verify source and closed toolchain	2026-08-04T06:13:30.5395510Z # Subtest: reproducibility proof requires byte-identical archives and reports
build-and-qualify (english, darwin-arm64)	Verify source and closed toolchain	2026-08-04T06:13:30.5395940Z ok 38 - reproducibility proof requires byte-identical archives and reports
build-and-qualify (english, darwin-arm64)	Verify source and closed toolchain	2026-08-04T06:13:30.5396740Z   ---
build-and-qualify (english, darwin-arm64)	Verify source and closed toolchain	2026-08-04T06:13:30.5396890Z   duration_ms: 134.711042
build-and-qualify (english, darwin-arm64)	Verify source and closed toolchain	2026-08-04T06:13:30.5397060Z   type: 'test'
build-and-qualify (english, darwin-arm64)	Verify source and closed toolchain	2026-08-04T06:13:30.5397200Z   ...
build-and-qualify (english, darwin-arm64)	Verify source and closed toolchain	2026-08-04T06:13:30.5397490Z # Subtest: the exact Xcode clang++ alias links C++ while its identical clang target does not
build-and-qualify (english, darwin-arm64)	Verify source and closed toolchain	2026-08-04T06:13:30.5397970Z ok 39 - the exact Xcode clang++ alias links C++ while its identical clang target does not
build-and-qualify (english, darwin-arm64)	Verify source and closed toolchain	2026-08-04T06:13:30.5398690Z   ---
build-and-qualify (english, darwin-arm64)	Verify source and closed toolchain	2026-08-04T06:13:30.5399020Z   duration_ms: 2798.9115
build-and-qualify (english, darwin-arm64)	Verify source and closed toolchain	2026-08-04T06:13:30.5399230Z   type: 'test'
build-and-qualify (english, darwin-arm64)	Verify source and closed toolchain	2026-08-04T06:13:30.5399390Z   ...
build-and-qualify (english, darwin-arm64)	Verify source and closed toolchain	2026-08-04T06:13:30.5399690Z # Subtest: the clang++ alias rejects target, byte, topology, and directory drift
build-and-qualify (english, darwin-arm64)	Verify source and closed toolchain	2026-08-04T06:13:30.5400140Z ok 40 - the clang++ alias rejects target, byte, topology, and directory drift
build-and-qualify (english, darwin-arm64)	Verify source and closed toolchain	2026-08-04T06:13:30.5400460Z   ---
build-and-qualify (english, darwin-arm64)	Verify source and closed toolchain	2026-08-04T06:13:30.5400620Z   duration_ms: 160.962083
build-and-qualify (english, darwin-arm64)	Verify source and closed toolchain	2026-08-04T06:13:30.5401070Z   type: 'test'
build-and-qualify (english, darwin-arm64)	Verify source and closed toolchain	2026-08-04T06:13:30.5401250Z   ...
build-and-qualify (english, darwin-arm64)	Verify source and closed toolchain	2026-08-04T06:13:30.5401590Z # Subtest: native build overrides are rejected case-insensitively before use
build-and-qualify (english, darwin-arm64)	Verify source and closed toolchain	2026-08-04T06:13:30.5402200Z ok 41 - native build overrides are rejected case-insensitively before use
build-and-qualify (english, darwin-arm64)	Verify source and closed toolchain	2026-08-04T06:13:30.5409540Z   ---
build-and-qualify (english, darwin-arm64)	Verify source and closed toolchain	2026-08-04T06:13:30.5409760Z   duration_ms: 0.871834
build-and-qualify (english, darwin-arm64)	Verify source and closed toolchain	2026-08-04T06:13:30.5409940Z   type: 'test'
build-and-qualify (english, darwin-arm64)	Verify source and closed toolchain	2026-08-04T06:13:30.5410100Z   ...
build-and-qualify (english, darwin-arm64)	Verify source and closed toolchain	2026-08-04T06:13:30.5410370Z # Subtest: the production environment owner accepts the preflight CMake symlink
build-and-qualify (english, darwin-arm64)	Verify source and closed toolchain	2026-08-04T06:13:30.5410830Z ok 42 - the production environment owner accepts the preflight CMake symlink
build-and-qualify (english, darwin-arm64)	Verify source and closed toolchain	2026-08-04T06:13:30.5411120Z   ---
build-and-qualify (english, darwin-arm64)	Verify source and closed toolchain	2026-08-04T06:13:30.5411270Z   duration_ms: 431.165416
build-and-qualify (english, darwin-arm64)	Verify source and closed toolchain	2026-08-04T06:13:30.5411440Z   type: 'test'
build-and-qualify (english, darwin-arm64)	Verify source and closed toolchain	2026-08-04T06:13:30.5411570Z   ...
build-and-qualify (english, darwin-arm64)	Verify source and closed toolchain	2026-08-04T06:13:30.5411860Z # Subtest: the Xcode ranlib alias retains invocation semantics and authenticated topology
build-and-qualify (english, darwin-arm64)	Verify source and closed toolchain	2026-08-04T06:13:30.5412340Z ok 43 - the Xcode ranlib alias retains invocation semantics and authenticated topology
build-and-qualify (english, darwin-arm64)	Verify source and closed toolchain	2026-08-04T06:13:30.5412650Z   ---
build-and-qualify (english, darwin-arm64)	Verify source and closed toolchain	2026-08-04T06:13:30.5412800Z   duration_ms: 335.552416
build-and-qualify (english, darwin-arm64)	Verify source and closed toolchain	2026-08-04T06:13:30.5412980Z   type: 'test'
build-and-qualify (english, darwin-arm64)	Verify source and closed toolchain	2026-08-04T06:13:30.5413120Z   ...
build-and-qualify (english, darwin-arm64)	Verify source and closed toolchain	2026-08-04T06:13:30.5413760Z # Subtest: the canonical sandboxed package entry consumes outside-authorized preflight without sudo spawn
build-and-qualify (english, darwin-arm64)	Verify source and closed toolchain	2026-08-04T06:13:30.5414400Z ok 44 - the canonical sandboxed package entry consumes outside-authorized preflight without sudo spawn
build-and-qualify (english, darwin-arm64)	Verify source and closed toolchain	2026-08-04T06:13:30.5414770Z   ---
build-and-qualify (english, darwin-arm64)	Verify source and closed toolchain	2026-08-04T06:13:30.5414930Z   duration_ms: 856.303542
build-and-qualify (english, darwin-arm64)	Verify source and closed toolchain	2026-08-04T06:13:30.5415100Z   type: 'test'
build-and-qualify (english, darwin-arm64)	Verify source and closed toolchain	2026-08-04T06:13:30.5415240Z   ...
build-and-qualify (english, darwin-arm64)	Verify source and closed toolchain	2026-08-04T06:13:30.5415580Z # Subtest: the trusted PATH is closed and rechecks every selected tool
build-and-qualify (english, darwin-arm64)	Verify source and closed toolchain	2026-08-04T06:13:30.5415980Z ok 45 - the trusted PATH is closed and rechecks every selected tool
build-and-qualify (english, darwin-arm64)	Verify source and closed toolchain	2026-08-04T06:13:30.5416240Z   ---
build-and-qualify (english, darwin-arm64)	Verify source and closed toolchain	2026-08-04T06:13:30.5416390Z   duration_ms: 69.703541
build-and-qualify (english, darwin-arm64)	Verify source and closed toolchain	2026-08-04T06:13:30.5416560Z   type: 'test'
build-and-qualify (english, darwin-arm64)	Verify source and closed toolchain	2026-08-04T06:13:30.5416700Z   ...
build-and-qualify (english, darwin-arm64)	Verify source and closed toolchain	2026-08-04T06:13:30.5416970Z # Subtest: trusted executable bytes and explicit CMake configuration are bound
build-and-qualify (english, darwin-arm64)	Verify source and closed toolchain	2026-08-04T06:13:30.5417390Z ok 46 - trusted executable bytes and explicit CMake configuration are bound
build-and-qualify (english, darwin-arm64)	Verify source and closed toolchain	2026-08-04T06:13:30.5417690Z   ---
build-and-qualify (english, darwin-arm64)	Verify source and closed toolchain	2026-08-04T06:13:30.5417830Z   duration_ms: 6.186
build-and-qualify (english, darwin-arm64)	Verify source and closed toolchain	2026-08-04T06:13:30.5417990Z   type: 'test'
build-and-qualify (english, darwin-arm64)	Verify source and closed toolchain	2026-08-04T06:13:30.5418120Z   ...
build-and-qualify (english, darwin-arm64)	Verify source and closed toolchain	2026-08-04T06:13:30.5418350Z # Subtest: resolved CMake selection must match the bound environment
build-and-qualify (english, darwin-arm64)	Verify source and closed toolchain	2026-08-04T06:13:30.5418720Z ok 47 - resolved CMake selection must match the bound environment
build-and-qualify (english, darwin-arm64)	Verify source and closed toolchain	2026-08-04T06:13:30.5418980Z   ---
build-and-qualify (english, darwin-arm64)	Verify source and closed toolchain	2026-08-04T06:13:30.5419130Z   duration_ms: 7.077042
build-and-qualify (english, darwin-arm64)	Verify source and closed toolchain	2026-08-04T06:13:30.5419300Z   type: 'test'
build-and-qualify (english, darwin-arm64)	Verify source and closed toolchain	2026-08-04T06:13:30.5419430Z   ...
build-and-qualify (english, darwin-arm64)	Verify source and closed toolchain	2026-08-04T06:13:30.5419650Z # Subtest: every current package builder consumes the trusted owner
build-and-qualify (english, darwin-arm64)	Verify source and closed toolchain	2026-08-04T06:13:30.5419990Z ok 48 - every current package builder consumes the trusted owner
build-and-qualify (english, darwin-arm64)	Verify source and closed toolchain	2026-08-04T06:13:30.5420240Z   ---
build-and-qualify (english, darwin-arm64)	Verify source and closed toolchain	2026-08-04T06:13:30.5420380Z   duration_ms: 1.888333
build-and-qualify (english, darwin-arm64)	Verify source and closed toolchain	2026-08-04T06:13:30.5420540Z   type: 'test'
build-and-qualify (english, darwin-arm64)	Verify source and closed toolchain	2026-08-04T06:13:30.5420670Z   ...
build-and-qualify (english, darwin-arm64)	Verify source and closed toolchain	2026-08-04T06:13:30.5420940Z # Subtest: the locked Metal sed pipeline runs through only the authenticated closed PATH
build-and-qualify (english, darwin-arm64)	Verify source and closed toolchain	2026-08-04T06:13:30.5421890Z ok 49 - the locked Metal sed pipeline runs through only the authenticated closed PATH
build-and-qualify (english, darwin-arm64)	Verify source and closed toolchain	2026-08-04T06:13:30.5422200Z   ---
build-and-qualify (english, darwin-arm64)	Verify source and closed toolchain	2026-08-04T06:13:30.5422350Z   duration_ms: 788.674459
build-and-qualify (english, darwin-arm64)	Verify source and closed toolchain	2026-08-04T06:13:30.5422520Z   type: 'test'
build-and-qualify (english, darwin-arm64)	Verify source and closed toolchain	2026-08-04T06:13:30.5422660Z   ...
build-and-qualify (english, darwin-arm64)	Verify source and closed toolchain	2026-08-04T06:13:32.2678590Z # Subtest: pinned launcher build is byte deterministic and rejects public argv
build-and-qualify (english, darwin-arm64)	Verify source and closed toolchain	2026-08-04T06:13:32.2679140Z ok 50 - pinned launcher build is byte deterministic and rejects public argv
build-and-qualify (english, darwin-arm64)	Verify source and closed toolchain	2026-08-04T06:13:32.2679780Z   ---
build-and-qualify (english, darwin-arm64)	Verify source and closed toolchain	2026-08-04T06:13:32.2679980Z   duration_ms: 7706.436458
build-and-qualify (english, darwin-arm64)	Verify source and closed toolchain	2026-08-04T06:13:32.2680160Z   type: 'test'
build-and-qualify (english, darwin-arm64)	Verify source and closed toolchain	2026-08-04T06:13:32.2680310Z   ...
build-and-qualify (english, darwin-arm64)	Verify source and closed toolchain	2026-08-04T06:13:32.2731390Z # Subtest: relocated public launcher bootstraps the contained Python import root
build-and-qualify (english, darwin-arm64)	Verify source and closed toolchain	2026-08-04T06:13:32.2732020Z ok 51 - relocated public launcher bootstraps the contained Python import root
build-and-qualify (english, darwin-arm64)	Verify source and closed toolchain	2026-08-04T06:13:32.2732330Z   ---
build-and-qualify (english, darwin-arm64)	Verify source and closed toolchain	2026-08-04T06:13:32.2732490Z   duration_ms: 5855.055375
build-and-qualify (english, darwin-arm64)	Verify source and closed toolchain	2026-08-04T06:13:32.2732700Z   type: 'test'
build-and-qualify (english, darwin-arm64)	Verify source and closed toolchain	2026-08-04T06:13:32.2732850Z   ...
build-and-qualify (english, darwin-arm64)	Verify source and closed toolchain	2026-08-04T06:13:32.2733040Z # Subtest: launcher fixtures obey exact schema
build-and-qualify (english, darwin-arm64)	Verify source and closed toolchain	2026-08-04T06:13:32.2733300Z ok 52 - launcher fixtures obey exact schema
build-and-qualify (english, darwin-arm64)	Verify source and closed toolchain	2026-08-04T06:13:32.2733500Z   ---
build-and-qualify (english, darwin-arm64)	Verify source and closed toolchain	2026-08-04T06:13:32.2733650Z   duration_ms: 39.31525
build-and-qualify (english, darwin-arm64)	Verify source and closed toolchain	2026-08-04T06:13:32.2733820Z   type: 'test'
build-and-qualify (english, darwin-arm64)	Verify source and closed toolchain	2026-08-04T06:13:32.2733960Z   ...
build-and-qualify (english, darwin-arm64)	Verify source and closed toolchain	2026-08-04T06:13:32.2734130Z # Subtest: startup fixtures obey exact schema
build-and-qualify (english, darwin-arm64)	Verify source and closed toolchain	2026-08-04T06:13:32.2734400Z ok 53 - startup fixtures obey exact schema
build-and-qualify (english, darwin-arm64)	Verify source and closed toolchain	2026-08-04T06:13:32.2734600Z   ---
build-and-qualify (english, darwin-arm64)	Verify source and closed toolchain	2026-08-04T06:13:32.2734750Z   duration_ms: 18.597625
build-and-qualify (english, darwin-arm64)	Verify source and closed toolchain	2026-08-04T06:13:32.2734920Z   type: 'test'
build-and-qualify (english, darwin-arm64)	Verify source and closed toolchain	2026-08-04T06:13:32.2735060Z   ...
build-and-qualify (english, darwin-arm64)	Verify source and closed toolchain	2026-08-04T06:13:32.2735230Z # Subtest: protocol fixtures obey exact schema
build-and-qualify (english, darwin-arm64)	Verify source and closed toolchain	2026-08-04T06:13:32.2735480Z ok 54 - protocol fixtures obey exact schema
build-and-qualify (english, darwin-arm64)	Verify source and closed toolchain	2026-08-04T06:13:32.2735690Z   ---
build-and-qualify (english, darwin-arm64)	Verify source and closed toolchain	2026-08-04T06:13:32.2735840Z   duration_ms: 29.103666
build-and-qualify (english, darwin-arm64)	Verify source and closed toolchain	2026-08-04T06:13:32.2736020Z   type: 'test'
build-and-qualify (english, darwin-arm64)	Verify source and closed toolchain	2026-08-04T06:13:32.2736150Z   ...
build-and-qualify (english, darwin-arm64)	Verify source and closed toolchain	2026-08-04T06:13:32.2736340Z # Subtest: all public schemas compile strictly
build-and-qualify (english, darwin-arm64)	Verify source and closed toolchain	2026-08-04T06:13:32.2736600Z ok 55 - all public schemas compile strictly
build-and-qualify (english, darwin-arm64)	Verify source and closed toolchain	2026-08-04T06:13:32.2736800Z   ---
build-and-qualify (english, darwin-arm64)	Verify source and closed toolchain	2026-08-04T06:13:32.2736960Z   duration_ms: 390.825334
build-and-qualify (english, darwin-arm64)	Verify source and closed toolchain	2026-08-04T06:13:32.2737160Z   type: 'test'
build-and-qualify (english, darwin-arm64)	Verify source and closed toolchain	2026-08-04T06:13:32.2737300Z   ...
build-and-qualify (english, darwin-arm64)	Verify source and closed toolchain	2026-08-04T06:13:32.2737760Z # Subtest: Build Input path policy accepts the exact current Chinese source path set
build-and-qualify (english, darwin-arm64)	Verify source and closed toolchain	2026-08-04T06:13:32.2738250Z ok 56 - Build Input path policy accepts the exact current Chinese source path set
build-and-qualify (english, darwin-arm64)	Verify source and closed toolchain	2026-08-04T06:13:32.2738550Z   ---
build-and-qualify (english, darwin-arm64)	Verify source and closed toolchain	2026-08-04T06:13:32.2739020Z   duration_ms: 12.563542
build-and-qualify (english, darwin-arm64)	Verify source and closed toolchain	2026-08-04T06:13:32.2739230Z   type: 'test'
build-and-qualify (english, darwin-arm64)	Verify source and closed toolchain	2026-08-04T06:13:32.2739380Z   ...
build-and-qualify (english, darwin-arm64)	Verify source and closed toolchain	2026-08-04T06:13:32.2739660Z # Subtest: Build Input path policy rejects aliases, unsafe syntax, and collisions
build-and-qualify (english, darwin-arm64)	Verify source and closed toolchain	2026-08-04T06:13:32.2740100Z ok 57 - Build Input path policy rejects aliases, unsafe syntax, and collisions
build-and-qualify (english, darwin-arm64)	Verify source and closed toolchain	2026-08-04T06:13:32.2740400Z   ---
build-and-qualify (english, darwin-arm64)	Verify source and closed toolchain	2026-08-04T06:13:32.2740540Z   duration_ms: 0.547334
build-and-qualify (english, darwin-arm64)	Verify source and closed toolchain	2026-08-04T06:13:32.2740740Z   type: 'test'
build-and-qualify (english, darwin-arm64)	Verify source and closed toolchain	2026-08-04T06:13:32.2740870Z   ...
build-and-qualify (english, darwin-arm64)	Verify source and closed toolchain	2026-08-04T06:13:32.2741270Z # Subtest: aggregate verifier accepts the exact retained API-REV-016 Chinese manifest
build-and-qualify (english, darwin-arm64)	Verify source and closed toolchain	2026-08-04T06:13:32.2742060Z ok 58 - aggregate verifier accepts the exact retained API-REV-016 Chinese manifest
build-and-qualify (english, darwin-arm64)	Verify source and closed toolchain	2026-08-04T06:13:32.2742630Z   ---
build-and-qualify (english, darwin-arm64)	Verify source and closed toolchain	2026-08-04T06:13:32.2742870Z   duration_ms: 13.275708
build-and-qualify (english, darwin-arm64)	Verify source and closed toolchain	2026-08-04T06:13:32.2743160Z   type: 'test'
build-and-qualify (english, darwin-arm64)	Verify source and closed toolchain	2026-08-04T06:13:32.2743390Z   ...
build-and-qualify (english, darwin-arm64)	Verify source and closed toolchain	2026-08-04T06:13:32.2743840Z # Subtest: aggregate verifier retains canonical unsafe-path and record rejection
build-and-qualify (english, darwin-arm64)	Verify source and closed toolchain	2026-08-04T06:13:32.2744590Z ok 59 - aggregate verifier retains canonical unsafe-path and record rejection
build-and-qualify (english, darwin-arm64)	Verify source and closed toolchain	2026-08-04T06:13:32.2745090Z   ---
build-and-qualify (english, darwin-arm64)	Verify source and closed toolchain	2026-08-04T06:13:32.2745320Z   duration_ms: 4.658625
build-and-qualify (english, darwin-arm64)	Verify source and closed toolchain	2026-08-04T06:13:32.2745600Z   type: 'test'
build-and-qualify (english, darwin-arm64)	Verify source and closed toolchain	2026-08-04T06:13:32.2745840Z   ...
build-and-qualify (english, darwin-arm64)	Verify source and closed toolchain	2026-08-04T06:13:32.2746280Z # Subtest: package verification rejects an unsafe Build Input manifest record
build-and-qualify (english, darwin-arm64)	Verify source and closed toolchain	2026-08-04T06:13:32.2746990Z ok 60 - package verification rejects an unsafe Build Input manifest record
build-and-qualify (english, darwin-arm64)	Verify source and closed toolchain	2026-08-04T06:13:32.2748650Z   ---
build-and-qualify (english, darwin-arm64)	Verify source and closed toolchain	2026-08-04T06:13:32.2748900Z   duration_ms: 7.240833
build-and-qualify (english, darwin-arm64)	Verify source and closed toolchain	2026-08-04T06:13:32.2749170Z   type: 'test'
build-and-qualify (english, darwin-arm64)	Verify source and closed toolchain	2026-08-04T06:13:32.2749410Z   ...
build-and-qualify (english, darwin-arm64)	Verify source and closed toolchain	2026-08-04T06:13:32.2749800Z # Subtest: materialized current Chinese routing paths pass the package verifier unchanged
build-and-qualify (english, darwin-arm64)	Verify source and closed toolchain	2026-08-04T06:13:32.2750320Z ok 61 - materialized current Chinese routing paths pass the package verifier unchanged
build-and-qualify (english, darwin-arm64)	Verify source and closed toolchain	2026-08-04T06:13:32.2750630Z   ---
build-and-qualify (english, darwin-arm64)	Verify source and closed toolchain	2026-08-04T06:13:32.2750780Z   duration_ms: 1011.100292
build-and-qualify (english, darwin-arm64)	Verify source and closed toolchain	2026-08-04T06:13:32.2750950Z   type: 'test'
build-and-qualify (english, darwin-arm64)	Verify source and closed toolchain	2026-08-04T06:13:32.2751080Z   ...
build-and-qualify (english, darwin-arm64)	Verify source and closed toolchain	2026-08-04T06:13:32.2751340Z # Subtest: Current Release Matrix is the sole exact two-entry current authority
build-and-qualify (english, darwin-arm64)	Verify source and closed toolchain	2026-08-04T06:13:32.2751760Z ok 62 - Current Release Matrix is the sole exact two-entry current authority
build-and-qualify (english, darwin-arm64)	Verify source and closed toolchain	2026-08-04T06:13:32.2752050Z   ---
build-and-qualify (english, darwin-arm64)	Verify source and closed toolchain	2026-08-04T06:13:32.2752350Z   duration_ms: 4.546875
build-and-qualify (english, darwin-arm64)	Verify source and closed toolchain	2026-08-04T06:13:32.2753130Z   type: 'test'
build-and-qualify (english, darwin-arm64)	Verify source and closed toolchain	2026-08-04T06:13:32.2753280Z   ...
build-and-qualify (english, darwin-arm64)	Verify source and closed toolchain	2026-08-04T06:13:32.2753570Z # Subtest: materializer creates a closed deterministic tree from a clean exact repository
build-and-qualify (english, darwin-arm64)	Verify source and closed toolchain	2026-08-04T06:13:32.2754090Z ok 63 - materializer creates a closed deterministic tree from a clean exact repository
build-and-qualify (english, darwin-arm64)	Verify source and closed toolchain	2026-08-04T06:13:32.2754410Z   ---
build-and-qualify (english, darwin-arm64)	Verify source and closed toolchain	2026-08-04T06:13:32.2754550Z   duration_ms: 477.011708
build-and-qualify (english, darwin-arm64)	Verify source and closed toolchain	2026-08-04T06:13:32.2754720Z   type: 'test'
build-and-qualify (english, darwin-arm64)	Verify source and closed toolchain	2026-08-04T06:13:32.2754870Z   ...
build-and-qualify (english, darwin-arm64)	Verify source and closed toolchain	2026-08-04T06:13:32.2755180Z # Subtest: branch projection is release-neutral, exact, and independently byte-recomputed
build-and-qualify (english, darwin-arm64)	Verify source and closed toolchain	2026-08-04T06:13:32.2755650Z ok 64 - branch projection is release-neutral, exact, and independently byte-recomputed
build-and-qualify (english, darwin-arm64)	Verify source and closed toolchain	2026-08-04T06:13:32.2755970Z   ---
build-and-qualify (english, darwin-arm64)	Verify source and closed toolchain	2026-08-04T06:13:32.2756120Z   duration_ms: 484.832833
build-and-qualify (english, darwin-arm64)	Verify source and closed toolchain	2026-08-04T06:13:32.2756280Z   type: 'test'
build-and-qualify (english, darwin-arm64)	Verify source and closed toolchain	2026-08-04T06:13:32.2756420Z   ...
build-and-qualify (english, darwin-arm64)	Verify source and closed toolchain	2026-08-04T06:13:32.2756740Z # Subtest: release chain is acyclic and published verification is a separate always-written result
build-and-qualify (english, darwin-arm64)	Verify source and closed toolchain	2026-08-04T06:13:32.2757270Z ok 65 - release chain is acyclic and published verification is a separate always-written result
build-and-qualify (english, darwin-arm64)	Verify source and closed toolchain	2026-08-04T06:13:32.2757620Z   ---
build-and-qualify (english, darwin-arm64)	Verify source and closed toolchain	2026-08-04T06:13:32.2757770Z   duration_ms: 789.047959
build-and-qualify (english, darwin-arm64)	Verify source and closed toolchain	2026-08-04T06:13:32.2757930Z   type: 'test'
build-and-qualify (english, darwin-arm64)	Verify source and closed toolchain	2026-08-04T06:13:32.2758070Z   ...
build-and-qualify (english, darwin-arm64)	Verify source and closed toolchain	2026-08-04T06:13:32.2758360Z # Subtest: quarantine deletes only the failed GitHub Release and proves the tag is unchanged
build-and-qualify (english, darwin-arm64)	Verify source and closed toolchain	2026-08-04T06:13:32.2758860Z ok 66 - quarantine deletes only the failed GitHub Release and proves the tag is unchanged
build-and-qualify (english, darwin-arm64)	Verify source and closed toolchain	2026-08-04T06:13:32.2759180Z   ---
build-and-qualify (english, darwin-arm64)	Verify source and closed toolchain	2026-08-04T06:13:32.2759330Z   duration_ms: 349.135125
build-and-qualify (english, darwin-arm64)	Verify source and closed toolchain	2026-08-04T06:13:32.2759510Z   type: 'test'
build-and-qualify (english, darwin-arm64)	Verify source and closed toolchain	2026-08-04T06:13:32.2759650Z   ...
build-and-qualify (english, darwin-arm64)	Verify source and closed toolchain	2026-08-04T06:13:32.2759930Z # Subtest: workflow derives two current jobs and preserves post-publication separation
build-and-qualify (english, darwin-arm64)	Verify source and closed toolchain	2026-08-04T06:13:32.2760410Z ok 67 - workflow derives two current jobs and preserves post-publication separation
build-and-qualify (english, darwin-arm64)	Verify source and closed toolchain	2026-08-04T06:13:32.2760750Z   ---
build-and-qualify (english, darwin-arm64)	Verify source and closed toolchain	2026-08-04T06:13:32.2760890Z   duration_ms: 1.07375
build-and-qualify (english, darwin-arm64)	Verify source and closed toolchain	2026-08-04T06:13:32.2761070Z   type: 'test'
build-and-qualify (english, darwin-arm64)	Verify source and closed toolchain	2026-08-04T06:13:32.2761210Z   ...
build-and-qualify (english, darwin-arm64)	Verify source and closed toolchain	2026-08-04T06:13:32.2761480Z # Subtest: generated compliance is an exact recipe/provenance/policy/notice join
build-and-qualify (english, darwin-arm64)	Verify source and closed toolchain	2026-08-04T06:13:32.2762120Z ok 68 - generated compliance is an exact recipe/provenance/policy/notice join
build-and-qualify (english, darwin-arm64)	Verify source and closed toolchain	2026-08-04T06:13:32.2762430Z   ---
build-and-qualify (english, darwin-arm64)	Verify source and closed toolchain	2026-08-04T06:13:32.2762590Z   duration_ms: 87.563959
build-and-qualify (english, darwin-arm64)	Verify source and closed toolchain	2026-08-04T06:13:32.2762760Z   type: 'test'
build-and-qualify (english, darwin-arm64)	Verify source and closed toolchain	2026-08-04T06:13:32.2762900Z   ...
build-and-qualify (english, darwin-arm64)	Verify source and closed toolchain	2026-08-04T06:13:32.2763170Z # Subtest: qualification contract fixes Seatbelt and exact 30/30/100 trial sets
build-and-qualify (english, darwin-arm64)	Verify source and closed toolchain	2026-08-04T06:13:32.2763600Z ok 69 - qualification contract fixes Seatbelt and exact 30/30/100 trial sets
build-and-qualify (english, darwin-arm64)	Verify source and closed toolchain	2026-08-04T06:13:32.2763880Z   ---
build-and-qualify (english, darwin-arm64)	Verify source and closed toolchain	2026-08-04T06:13:32.2764030Z   duration_ms: 7.959458
build-and-qualify (english, darwin-arm64)	Verify source and closed toolchain	2026-08-04T06:13:32.2764190Z   type: 'test'
build-and-qualify (english, darwin-arm64)	Verify source and closed toolchain	2026-08-04T06:13:32.2764330Z   ...
build-and-qualify (english, darwin-arm64)	Verify source and closed toolchain	2026-08-04T06:13:32.2764620Z # Subtest: every current recipe repository-file byte still matches its reviewed digest
build-and-qualify (english, darwin-arm64)	Verify source and closed toolchain	2026-08-04T06:13:32.2765070Z ok 70 - every current recipe repository-file byte still matches its reviewed digest
build-and-qualify (english, darwin-arm64)	Verify source and closed toolchain	2026-08-04T06:13:32.2765360Z   ---
build-and-qualify (english, darwin-arm64)	Verify source and closed toolchain	2026-08-04T06:13:32.2765500Z   duration_ms: 25.367292
build-and-qualify (english, darwin-arm64)	Verify source and closed toolchain	2026-08-04T06:13:32.2766400Z   type: 'test'
build-and-qualify (english, darwin-arm64)	Verify source and closed toolchain	2026-08-04T06:13:32.2766540Z   ...
build-and-qualify (english, darwin-arm64)	Verify source and closed toolchain	2026-08-04T06:13:32.2766750Z # Subtest: the captured healthy pmset thermal state is normal
build-and-qualify (english, darwin-arm64)	Verify source and closed toolchain	2026-08-04T06:13:32.2767070Z ok 71 - the captured healthy pmset thermal state is normal
build-and-qualify (english, darwin-arm64)	Verify source and closed toolchain	2026-08-04T06:13:32.2767300Z   ---
build-and-qualify (english, darwin-arm64)	Verify source and closed toolchain	2026-08-04T06:13:32.2767430Z   duration_ms: 6.113458
build-and-qualify (english, darwin-arm64)	Verify source and closed toolchain	2026-08-04T06:13:32.2767590Z   type: 'test'
build-and-qualify (english, darwin-arm64)	Verify source and closed toolchain	2026-08-04T06:13:32.2767720Z   ...
build-and-qualify (english, darwin-arm64)	Verify source and closed toolchain	2026-08-04T06:13:32.2767950Z # Subtest: an affirmative thermal or performance warning is rejected
build-and-qualify (english, darwin-arm64)	Verify source and closed toolchain	2026-08-04T06:13:32.2768310Z ok 72 - an affirmative thermal or performance warning is rejected
build-and-qualify (english, darwin-arm64)	Verify source and closed toolchain	2026-08-04T06:13:32.2768770Z   ---
build-and-qualify (english, darwin-arm64)	Verify source and closed toolchain	2026-08-04T06:13:32.2768920Z   duration_ms: 0.786916
build-and-qualify (english, darwin-arm64)	Verify source and closed toolchain	2026-08-04T06:13:32.2769080Z   type: 'test'
build-and-qualify (english, darwin-arm64)	Verify source and closed toolchain	2026-08-04T06:13:32.2769220Z   ...
build-and-qualify (english, darwin-arm64)	Verify source and closed toolchain	2026-08-04T06:13:32.2769440Z # Subtest: unrecognized or malformed thermal state is rejected
build-and-qualify (english, darwin-arm64)	Verify source and closed toolchain	2026-08-04T06:13:32.2769770Z ok 73 - unrecognized or malformed thermal state is rejected
build-and-qualify (english, darwin-arm64)	Verify source and closed toolchain	2026-08-04T06:13:32.2770010Z   ---
build-and-qualify (english, darwin-arm64)	Verify source and closed toolchain	2026-08-04T06:13:32.2770160Z   duration_ms: 0.115459
build-and-qualify (english, darwin-arm64)	Verify source and closed toolchain	2026-08-04T06:13:32.2770330Z   type: 'test'
build-and-qualify (english, darwin-arm64)	Verify source and closed toolchain	2026-08-04T06:13:32.2770460Z   ...
build-and-qualify (english, darwin-arm64)	Verify source and closed toolchain	2026-08-04T06:13:32.2770760Z # Subtest: a post-attempt functional breach controls ledger, profile exit, and retained QSet
build-and-qualify (english, darwin-arm64)	Verify source and closed toolchain	2026-08-04T06:13:32.2771250Z ok 74 - a post-attempt functional breach controls ledger, profile exit, and retained QSet
build-and-qualify (english, darwin-arm64)	Verify source and closed toolchain	2026-08-04T06:13:32.2771560Z   ---
build-and-qualify (english, darwin-arm64)	Verify source and closed toolchain	2026-08-04T06:13:32.2771710Z   duration_ms: 973.492625
build-and-qualify (english, darwin-arm64)	Verify source and closed toolchain	2026-08-04T06:13:32.2771870Z   type: 'test'
build-and-qualify (english, darwin-arm64)	Verify source and closed toolchain	2026-08-04T06:13:32.2772020Z   ...
build-and-qualify (english, darwin-arm64)	Verify source and closed toolchain	2026-08-04T06:13:32.2772640Z # Subtest: functional preflight retains the true six-sample average and only classifies load
build-and-qualify (english, darwin-arm64)	Verify source and closed toolchain	2026-08-04T06:13:32.2773170Z ok 75 - functional preflight retains the true six-sample average and only classifies load
build-and-qualify (english, darwin-arm64)	Verify source and closed toolchain	2026-08-04T06:13:32.2773510Z   ---
build-and-qualify (english, darwin-arm64)	Verify source and closed toolchain	2026-08-04T06:13:32.2773660Z   duration_ms: 0.855458
build-and-qualify (english, darwin-arm64)	Verify source and closed toolchain	2026-08-04T06:13:32.2773830Z   type: 'test'
build-and-qualify (english, darwin-arm64)	Verify source and closed toolchain	2026-08-04T06:13:32.2773970Z   ...
build-and-qualify (english, darwin-arm64)	Verify source and closed toolchain	2026-08-04T06:13:32.2774200Z # Subtest: latency reference status cannot change functional authority
build-and-qualify (english, darwin-arm64)	Verify source and closed toolchain	2026-08-04T06:13:32.2774590Z ok 76 - latency reference status cannot change functional authority
build-and-qualify (english, darwin-arm64)	Verify source and closed toolchain	2026-08-04T06:13:32.2774850Z   ---
build-and-qualify (english, darwin-arm64)	Verify source and closed toolchain	2026-08-04T06:13:32.2774990Z   duration_ms: 0.153625
build-and-qualify (english, darwin-arm64)	Verify source and closed toolchain	2026-08-04T06:13:32.2775160Z   type: 'test'
build-and-qualify (english, darwin-arm64)	Verify source and closed toolchain	2026-08-04T06:13:32.2775300Z   ...
build-and-qualify (english, darwin-arm64)	Verify source and closed toolchain	2026-08-04T06:13:32.2775670Z # Subtest: missing timing observations cannot enter a passing functional chain
build-and-qualify (english, darwin-arm64)	Verify source and closed toolchain	2026-08-04T06:13:32.2776140Z ok 77 - missing timing observations cannot enter a passing functional chain
build-and-qualify (english, darwin-arm64)	Verify source and closed toolchain	2026-08-04T06:13:32.2776430Z   ---
build-and-qualify (english, darwin-arm64)	Verify source and closed toolchain	2026-08-04T06:13:32.2776570Z   duration_ms: 0.271541
build-and-qualify (english, darwin-arm64)	Verify source and closed toolchain	2026-08-04T06:13:32.2776730Z   type: 'test'
build-and-qualify (english, darwin-arm64)	Verify source and closed toolchain	2026-08-04T06:13:32.2776860Z   ...
build-and-qualify (english, darwin-arm64)	Verify source and closed toolchain	2026-08-04T06:13:32.2777140Z # Subtest: a failed prerequisite is durable Blocked evidence, not a load classification
build-and-qualify (english, darwin-arm64)	Verify source and closed toolchain	2026-08-04T06:13:32.2777600Z ok 78 - a failed prerequisite is durable Blocked evidence, not a load classification
build-and-qualify (english, darwin-arm64)	Verify source and closed toolchain	2026-08-04T06:13:32.2778130Z   ---
build-and-qualify (english, darwin-arm64)	Verify source and closed toolchain	2026-08-04T06:13:32.2778290Z   duration_ms: 34.754125
build-and-qualify (english, darwin-arm64)	Verify source and closed toolchain	2026-08-04T06:13:32.2778460Z   type: 'test'
build-and-qualify (english, darwin-arm64)	Verify source and closed toolchain	2026-08-04T06:13:32.2778600Z   ...
build-and-qualify (english, darwin-arm64)	Verify source and closed toolchain	2026-08-04T06:13:32.2778920Z # Subtest: Summary 2 forbids a reverse Assessment edge and Assessment 1 has no functional decision
build-and-qualify (english, darwin-arm64)	Verify source and closed toolchain	2026-08-04T06:13:32.2779460Z ok 79 - Summary 2 forbids a reverse Assessment edge and Assessment 1 has no functional decision
build-and-qualify (english, darwin-arm64)	Verify source and closed toolchain	2026-08-04T06:13:32.2779800Z   ---
build-and-qualify (english, darwin-arm64)	Verify source and closed toolchain	2026-08-04T06:13:32.2779930Z   duration_ms: 60.317209
build-and-qualify (english, darwin-arm64)	Verify source and closed toolchain	2026-08-04T06:13:32.2780110Z   type: 'test'
build-and-qualify (english, darwin-arm64)	Verify source and closed toolchain	2026-08-04T06:13:32.2780250Z   ...
build-and-qualify (english, darwin-arm64)	Verify source and closed toolchain	2026-08-04T06:13:32.2780540Z # Subtest: maintained-main proof rejects descendants and accepts equality or integration
build-and-qualify (english, darwin-arm64)	Verify source and closed toolchain	2026-08-04T06:13:32.2781010Z ok 80 - maintained-main proof rejects descendants and accepts equality or integration
build-and-qualify (english, darwin-arm64)	Verify source and closed toolchain	2026-08-04T06:13:32.2781330Z   ---
build-and-qualify (english, darwin-arm64)	Verify source and closed toolchain	2026-08-04T06:13:32.2781470Z   duration_ms: 648.014167
build-and-qualify (english, darwin-arm64)	Verify source and closed toolchain	2026-08-04T06:13:32.2781630Z   type: 'test'
build-and-qualify (english, darwin-arm64)	Verify source and closed toolchain	2026-08-04T06:13:32.2781770Z   ...
build-and-qualify (english, darwin-arm64)	Verify source and closed toolchain	2026-08-04T06:13:32.2782060Z # Subtest: performance evidence requires executed cold resets and meaningful warm samples
build-and-qualify (english, darwin-arm64)	Verify source and closed toolchain	2026-08-04T06:13:32.2782530Z ok 81 - performance evidence requires executed cold resets and meaningful warm samples
build-and-qualify (english, darwin-arm64)	Verify source and closed toolchain	2026-08-04T06:13:32.2783840Z   ---
build-and-qualify (english, darwin-arm64)	Verify source and closed toolchain	2026-08-04T06:13:32.2783990Z   duration_ms: 4.732834
build-and-qualify (english, darwin-arm64)	Verify source and closed toolchain	2026-08-04T06:13:32.2784160Z   type: 'test'
build-and-qualify (english, darwin-arm64)	Verify source and closed toolchain	2026-08-04T06:13:32.2784300Z   ...
build-and-qualify (english, darwin-arm64)	Verify source and closed toolchain	2026-08-04T06:13:32.2784600Z # Subtest: Profile Resource Policy closes the exact matrix without defaults
build-and-qualify (english, darwin-arm64)	Verify source and closed toolchain	2026-08-04T06:13:32.2785030Z ok 82 - Profile Resource Policy closes the exact matrix without defaults
build-and-qualify (english, darwin-arm64)	Verify source and closed toolchain	2026-08-04T06:13:32.2794330Z   ---
build-and-qualify (english, darwin-arm64)	Verify source and closed toolchain	2026-08-04T06:13:32.2794520Z   duration_ms: 24.04325
build-and-qualify (english, darwin-arm64)	Verify source and closed toolchain	2026-08-04T06:13:32.2794690Z   type: 'test'
build-and-qualify (english, darwin-arm64)	Verify source and closed toolchain	2026-08-04T06:13:32.2794830Z   ...
build-and-qualify (english, darwin-arm64)	Verify source and closed toolchain	2026-08-04T06:13:32.2795160Z # Subtest: Chinese 3,949,543,424-byte peak passes hard 4 GiB and misses only optimization
build-and-qualify (english, darwin-arm64)	Verify source and closed toolchain	2026-08-04T06:13:32.2795650Z ok 83 - Chinese 3,949,543,424-byte peak passes hard 4 GiB and misses only optimization
build-and-qualify (english, darwin-arm64)	Verify source and closed toolchain	2026-08-04T06:13:32.2795950Z   ---
build-and-qualify (english, darwin-arm64)	Verify source and closed toolchain	2026-08-04T06:13:32.2796090Z   duration_ms: 9.333875
build-and-qualify (english, darwin-arm64)	Verify source and closed toolchain	2026-08-04T06:13:32.2796250Z   type: 'test'
build-and-qualify (english, darwin-arm64)	Verify source and closed toolchain	2026-08-04T06:13:32.2796390Z   ...
build-and-qualify (english, darwin-arm64)	Verify source and closed toolchain	2026-08-04T06:13:32.2796590Z # Subtest: English retains the 2.5 GiB hard boundary
build-and-qualify (english, darwin-arm64)	Verify source and closed toolchain	2026-08-04T06:13:32.2796860Z ok 84 - English retains the 2.5 GiB hard boundary
build-and-qualify (english, darwin-arm64)	Verify source and closed toolchain	2026-08-04T06:13:32.2797070Z   ---
build-and-qualify (english, darwin-arm64)	Verify source and closed toolchain	2026-08-04T06:13:32.2797210Z   duration_ms: 12.61325
build-and-qualify (english, darwin-arm64)	Verify source and closed toolchain	2026-08-04T06:13:32.2797360Z   type: 'test'
build-and-qualify (english, darwin-arm64)	Verify source and closed toolchain	2026-08-04T06:13:32.2797490Z   ...
build-and-qualify (english, darwin-arm64)	Verify source and closed toolchain	2026-08-04T06:13:32.2797710Z # Subtest: policy bytes are matrix-bound and cannot be substituted
build-and-qualify (english, darwin-arm64)	Verify source and closed toolchain	2026-08-04T06:13:32.2798060Z ok 85 - policy bytes are matrix-bound and cannot be substituted
build-and-qualify (english, darwin-arm64)	Verify source and closed toolchain	2026-08-04T06:13:32.2798300Z   ---
build-and-qualify (english, darwin-arm64)	Verify source and closed toolchain	2026-08-04T06:13:32.2798440Z   duration_ms: 12.350833
build-and-qualify (english, darwin-arm64)	Verify source and closed toolchain	2026-08-04T06:13:32.2798600Z   type: 'test'
build-and-qualify (english, darwin-arm64)	Verify source and closed toolchain	2026-08-04T06:13:32.2798730Z   ...
build-and-qualify (english, darwin-arm64)	Verify source and closed toolchain	2026-08-04T06:13:32.2798940Z # Subtest: a started timeout is durable before and after failure
build-and-qualify (english, darwin-arm64)	Verify source and closed toolchain	2026-08-04T06:13:32.2799270Z ok 86 - a started timeout is durable before and after failure
build-and-qualify (english, darwin-arm64)	Verify source and closed toolchain	2026-08-04T06:13:32.2799500Z   ---
build-and-qualify (english, darwin-arm64)	Verify source and closed toolchain	2026-08-04T06:13:32.2799640Z   duration_ms: 9.668625
build-and-qualify (english, darwin-arm64)	Verify source and closed toolchain	2026-08-04T06:13:32.2799800Z   type: 'test'
build-and-qualify (english, darwin-arm64)	Verify source and closed toolchain	2026-08-04T06:13:32.2799930Z   ...
build-and-qualify (english, darwin-arm64)	Verify source and closed toolchain	2026-08-04T06:13:32.2800290Z # Subtest: production-shaped process loss retains ledger, Summary, and Assessment before terminal failure
build-and-qualify (english, darwin-arm64)	Verify source and closed toolchain	2026-08-04T06:13:32.2800860Z ok 87 - production-shaped process loss retains ledger, Summary, and Assessment before terminal failure
build-and-qualify (english, darwin-arm64)	Verify source and closed toolchain	2026-08-04T06:13:32.2801210Z   ---
build-and-qualify (english, darwin-arm64)	Verify source and closed toolchain	2026-08-04T06:13:32.2801360Z   duration_ms: 375.565917
build-and-qualify (english, darwin-arm64)	Verify source and closed toolchain	2026-08-04T06:13:32.2801530Z   type: 'test'
build-and-qualify (english, darwin-arm64)	Verify source and closed toolchain	2026-08-04T06:13:32.2801660Z   ...
build-and-qualify (english, darwin-arm64)	Verify source and closed toolchain	2026-08-04T06:13:32.2801980Z # Subtest: release schema rejects declarative pass records without raw identities and measurements
build-and-qualify (english, darwin-arm64)	Verify source and closed toolchain	2026-08-04T06:13:32.2802510Z ok 88 - release schema rejects declarative pass records without raw identities and measurements
build-and-qualify (english, darwin-arm64)	Verify source and closed toolchain	2026-08-04T06:13:32.2802830Z   ---
build-and-qualify (english, darwin-arm64)	Verify source and closed toolchain	2026-08-04T06:13:32.2802980Z   duration_ms: 55.975292
build-and-qualify (english, darwin-arm64)	Verify source and closed toolchain	2026-08-04T06:13:32.2803140Z   type: 'test'
build-and-qualify (english, darwin-arm64)	Verify source and closed toolchain	2026-08-04T06:13:32.2803280Z   ...
build-and-qualify (english, darwin-arm64)	Verify source and closed toolchain	2026-08-04T06:13:32.2803600Z # Subtest: candidate history retains selected and unsuccessful improvement lanes by exact digest
build-and-qualify (english, darwin-arm64)	Verify source and closed toolchain	2026-08-04T06:13:32.2804130Z ok 89 - candidate history retains selected and unsuccessful improvement lanes by exact digest
build-and-qualify (english, darwin-arm64)	Verify source and closed toolchain	2026-08-04T06:13:32.2804470Z   ---
build-and-qualify (english, darwin-arm64)	Verify source and closed toolchain	2026-08-04T06:13:32.2804610Z   duration_ms: 7.039292
build-and-qualify (english, darwin-arm64)	Verify source and closed toolchain	2026-08-04T06:13:32.2804780Z   type: 'test'
build-and-qualify (english, darwin-arm64)	Verify source and closed toolchain	2026-08-04T06:13:32.2804920Z   ...
build-and-qualify (english, darwin-arm64)	Verify source and closed toolchain	2026-08-04T06:13:32.2805180Z # Subtest: release workflow qualifies before creating a tag and has no tag trigger
build-and-qualify (english, darwin-arm64)	Verify source and closed toolchain	2026-08-04T06:13:32.2805620Z ok 90 - release workflow qualifies before creating a tag and has no tag trigger
build-and-qualify (english, darwin-arm64)	Verify source and closed toolchain	2026-08-04T06:13:32.2805910Z   ---
build-and-qualify (english, darwin-arm64)	Verify source and closed toolchain	2026-08-04T06:13:32.2806050Z   duration_ms: 0.841541
build-and-qualify (english, darwin-arm64)	Verify source and closed toolchain	2026-08-04T06:13:32.2806210Z   type: 'test'
build-and-qualify (english, darwin-arm64)	Verify source and closed toolchain	2026-08-04T06:13:32.2806360Z   ...
build-and-qualify (english, darwin-arm64)	Verify source and closed toolchain	2026-08-04T06:13:32.2806630Z # Subtest: the non-root preflight identifies execute-only sudo without reading it
build-and-qualify (english, darwin-arm64)	Verify source and closed toolchain	2026-08-04T06:13:32.2807050Z ok 91 - the non-root preflight identifies execute-only sudo without reading it
build-and-qualify (english, darwin-arm64)	Verify source and closed toolchain	2026-08-04T06:13:32.2807330Z   ---
build-and-qualify (english, darwin-arm64)	Verify source and closed toolchain	2026-08-04T06:13:32.2807470Z   duration_ms: 39.907166
build-and-qualify (english, darwin-arm64)	Verify source and closed toolchain	2026-08-04T06:13:32.2807640Z   type: 'test'
build-and-qualify (english, darwin-arm64)	Verify source and closed toolchain	2026-08-04T06:13:32.2807770Z   ...
build-and-qualify (english, darwin-arm64)	Verify source and closed toolchain	2026-08-04T06:13:32.2808640Z # Subtest: repository-owned baseline rejects wrong digest and semantic identities
build-and-qualify (english, darwin-arm64)	Verify source and closed toolchain	2026-08-04T06:13:32.2809070Z ok 92 - repository-owned baseline rejects wrong digest and semantic identities
build-and-qualify (english, darwin-arm64)	Verify source and closed toolchain	2026-08-04T06:13:32.2809360Z   ---
build-and-qualify (english, darwin-arm64)	Verify source and closed toolchain	2026-08-04T06:13:32.2809500Z   duration_ms: 23.719333
build-and-qualify (english, darwin-arm64)	Verify source and closed toolchain	2026-08-04T06:13:32.2809660Z   type: 'test'
build-and-qualify (english, darwin-arm64)	Verify source and closed toolchain	2026-08-04T06:13:32.2809820Z   ...
build-and-qualify (english, darwin-arm64)	Verify source and closed toolchain	2026-08-04T06:13:32.2810130Z # Subtest: English v2 authority replaces invalid final v1 files without changing the trust boundary
build-and-qualify (english, darwin-arm64)	Verify source and closed toolchain	2026-08-04T06:13:32.2810650Z ok 93 - English v2 authority replaces invalid final v1 files without changing the trust boundary
build-and-qualify (english, darwin-arm64)	Verify source and closed toolchain	2026-08-04T06:13:32.2810970Z   ---
build-and-qualify (english, darwin-arm64)	Verify source and closed toolchain	2026-08-04T06:13:32.2811100Z   duration_ms: 13.300208
build-and-qualify (english, darwin-arm64)	Verify source and closed toolchain	2026-08-04T06:13:32.2811260Z   type: 'test'
build-and-qualify (english, darwin-arm64)	Verify source and closed toolchain	2026-08-04T06:13:32.2811400Z   ...
build-and-qualify (english, darwin-arm64)	Verify source and closed toolchain	2026-08-04T06:13:32.2811650Z # Subtest: Chinese v2 trust is scoring-bound and active v1 cannot participate
build-and-qualify (english, darwin-arm64)	Verify source and closed toolchain	2026-08-04T06:13:32.2812050Z ok 94 - Chinese v2 trust is scoring-bound and active v1 cannot participate
build-and-qualify (english, darwin-arm64)	Verify source and closed toolchain	2026-08-04T06:13:32.2812330Z   ---
build-and-qualify (english, darwin-arm64)	Verify source and closed toolchain	2026-08-04T06:13:32.2812460Z   duration_ms: 26.54025
build-and-qualify (english, darwin-arm64)	Verify source and closed toolchain	2026-08-04T06:13:32.2812620Z   type: 'test'
build-and-qualify (english, darwin-arm64)	Verify source and closed toolchain	2026-08-04T06:13:32.2812750Z   ...
build-and-qualify (english, darwin-arm64)	Verify source and closed toolchain	2026-08-04T06:13:32.2813010Z # Subtest: checked-in corpus and baseline require 49 unique one-to-one identities
build-and-qualify (english, darwin-arm64)	Verify source and closed toolchain	2026-08-04T06:13:32.2813420Z ok 95 - checked-in corpus and baseline require 49 unique one-to-one identities
build-and-qualify (english, darwin-arm64)	Verify source and closed toolchain	2026-08-04T06:13:32.2813700Z   ---
build-and-qualify (english, darwin-arm64)	Verify source and closed toolchain	2026-08-04T06:13:32.2813840Z   duration_ms: 1.272917
build-and-qualify (english, darwin-arm64)	Verify source and closed toolchain	2026-08-04T06:13:32.2814000Z   type: 'test'
build-and-qualify (english, darwin-arm64)	Verify source and closed toolchain	2026-08-04T06:13:32.2814130Z   ...
build-and-qualify (english, darwin-arm64)	Verify source and closed toolchain	2026-08-04T06:13:32.2814460Z # Subtest: production corpus validator covers the English-v2 manifest shape and rejects duplicate identities
build-and-qualify (english, darwin-arm64)	Verify source and closed toolchain	2026-08-04T06:13:32.2815030Z ok 96 - production corpus validator covers the English-v2 manifest shape and rejects duplicate identities
build-and-qualify (english, darwin-arm64)	Verify source and closed toolchain	2026-08-04T06:13:32.2815380Z   ---
build-and-qualify (english, darwin-arm64)	Verify source and closed toolchain	2026-08-04T06:13:32.2815510Z   duration_ms: 219.299041
build-and-qualify (english, darwin-arm64)	Verify source and closed toolchain	2026-08-04T06:13:32.2815670Z   type: 'test'
build-and-qualify (english, darwin-arm64)	Verify source and closed toolchain	2026-08-04T06:13:32.2815810Z   ...
build-and-qualify (english, darwin-arm64)	Verify source and closed toolchain	2026-08-04T06:13:32.2816030Z # Subtest: English v2 authority rejects changed immutable source bytes
build-and-qualify (english, darwin-arm64)	Verify source and closed toolchain	2026-08-04T06:13:32.2816400Z ok 97 - English v2 authority rejects changed immutable source bytes
build-and-qualify (english, darwin-arm64)	Verify source and closed toolchain	2026-08-04T06:13:32.2816640Z   ---
build-and-qualify (english, darwin-arm64)	Verify source and closed toolchain	2026-08-04T06:13:32.2816780Z   duration_ms: 8.834
build-and-qualify (english, darwin-arm64)	Verify source and closed toolchain	2026-08-04T06:13:32.2816930Z   type: 'test'
build-and-qualify (english, darwin-arm64)	Verify source and closed toolchain	2026-08-04T06:13:32.2817060Z   ...
build-and-qualify (english, darwin-arm64)	Verify source and closed toolchain	2026-08-04T06:13:32.2817360Z # Subtest: English v2 reproduction rejects changed generated authority when five other outputs match
build-and-qualify (english, darwin-arm64)	Verify source and closed toolchain	2026-08-04T06:13:32.2817880Z ok 98 - English v2 reproduction rejects changed generated authority when five other outputs match
build-and-qualify (english, darwin-arm64)	Verify source and closed toolchain	2026-08-04T06:13:32.2818210Z   ---
build-and-qualify (english, darwin-arm64)	Verify source and closed toolchain	2026-08-04T06:13:32.2818340Z   duration_ms: 19.997334
build-and-qualify (english, darwin-arm64)	Verify source and closed toolchain	2026-08-04T06:13:32.2818500Z   type: 'test'
build-and-qualify (english, darwin-arm64)	Verify source and closed toolchain	2026-08-04T06:13:32.2818630Z   ...
build-and-qualify (english, darwin-arm64)	Verify source and closed toolchain	2026-08-04T06:13:32.2818860Z # Subtest: frozen Chinese scorer reproduces all 200 rows and 343/6580
build-and-qualify (english, darwin-arm64)	Verify source and closed toolchain	2026-08-04T06:13:32.2819200Z ok 99 - frozen Chinese scorer reproduces all 200 rows and 343/6580
build-and-qualify (english, darwin-arm64)	Verify source and closed toolchain	2026-08-04T06:13:32.2819450Z   ---
build-and-qualify (english, darwin-arm64)	Verify source and closed toolchain	2026-08-04T06:13:32.2819580Z   duration_ms: 25.042625
build-and-qualify (english, darwin-arm64)	Verify source and closed toolchain	2026-08-04T06:13:32.2819750Z   type: 'test'
build-and-qualify (english, darwin-arm64)	Verify source and closed toolchain	2026-08-04T06:13:32.2819880Z   ...
build-and-qualify (english, darwin-arm64)	Verify source and closed toolchain	2026-08-04T06:13:32.2820170Z # Subtest: Chinese scoring authority binds exact contract/map and excludes product punctuation
build-and-qualify (english, darwin-arm64)	Verify source and closed toolchain	2026-08-04T06:13:32.2820830Z ok 100 - Chinese scoring authority binds exact contract/map and excludes product punctuation
build-and-qualify (english, darwin-arm64)	Verify source and closed toolchain	2026-08-04T06:13:32.2821280Z   ---
build-and-qualify (english, darwin-arm64)	Verify source and closed toolchain	2026-08-04T06:13:32.2821470Z   duration_ms: 10.589917
build-and-qualify (english, darwin-arm64)	Verify source and closed toolchain	2026-08-04T06:13:32.2821700Z   type: 'test'
build-and-qualify (english, darwin-arm64)	Verify source and closed toolchain	2026-08-04T06:13:32.2821880Z   ...
build-and-qualify (english, darwin-arm64)	Verify source and closed toolchain	2026-08-04T06:13:32.2822200Z # Subtest: retained API-REV-014 raw text re-scores to exact 342/6580
build-and-qualify (english, darwin-arm64)	Verify source and closed toolchain	2026-08-04T06:13:32.2822700Z ok 101 - retained API-REV-014 raw text re-scores to exact 342/6580
build-and-qualify (english, darwin-arm64)	Verify source and closed toolchain	2026-08-04T06:13:32.2823050Z   ---
build-and-qualify (english, darwin-arm64)	Verify source and closed toolchain	2026-08-04T06:13:32.2823230Z   duration_ms: 8.330958
build-and-qualify (english, darwin-arm64)	Verify source and closed toolchain	2026-08-04T06:13:32.2823450Z   type: 'test'
build-and-qualify (english, darwin-arm64)	Verify source and closed toolchain	2026-08-04T06:13:32.2823630Z   ...
build-and-qualify (english, darwin-arm64)	Verify source and closed toolchain	2026-08-04T06:13:32.2823850Z # Subtest: normalization fixtures are exact
build-and-qualify (english, darwin-arm64)	Verify source and closed toolchain	2026-08-04T06:13:32.2824190Z ok 102 - normalization fixtures are exact
build-and-qualify (english, darwin-arm64)	Verify source and closed toolchain	2026-08-04T06:13:32.2824860Z   ---
build-and-qualify (english, darwin-arm64)	Verify source and closed toolchain	2026-08-04T06:13:32.2825050Z   duration_ms: 6.041917
build-and-qualify (english, darwin-arm64)	Verify source and closed toolchain	2026-08-04T06:13:32.2825260Z   type: 'test'
build-and-qualify (english, darwin-arm64)	Verify source and closed toolchain	2026-08-04T06:13:32.2825450Z   ...
build-and-qualify (english, darwin-arm64)	Verify source and closed toolchain	2026-08-04T06:13:32.2825740Z # Subtest: Chinese qualification CER is separate and symmetric
build-and-qualify (english, darwin-arm64)	Verify source and closed toolchain	2026-08-04T06:13:32.2826210Z ok 103 - Chinese qualification CER is separate and symmetric
build-and-qualify (english, darwin-arm64)	Verify source and closed toolchain	2026-08-04T06:13:32.2826550Z   ---
build-and-qualify (english, darwin-arm64)	Verify source and closed toolchain	2026-08-04T06:13:32.2826740Z   duration_ms: 0.49775
build-and-qualify (english, darwin-arm64)	Verify source and closed toolchain	2026-08-04T06:13:32.2826960Z   type: 'test'
build-and-qualify (english, darwin-arm64)	Verify source and closed toolchain	2026-08-04T06:13:32.2827150Z   ...
build-and-qualify (english, darwin-arm64)	Verify source and closed toolchain	2026-08-04T06:13:32.2827490Z # Subtest: canonical dictionary pipeline matches pinned OpenCC twp-to-cn
build-and-qualify (english, darwin-arm64)	Verify source and closed toolchain	2026-08-04T06:13:32.2828050Z ok 104 - canonical dictionary pipeline matches pinned OpenCC twp-to-cn
build-and-qualify (english, darwin-arm64)	Verify source and closed toolchain	2026-08-04T06:13:32.2828440Z   ---
build-and-qualify (english, darwin-arm64)	Verify source and closed toolchain	2026-08-04T06:13:32.2828640Z   duration_ms: 6.589625
build-and-qualify (english, darwin-arm64)	Verify source and closed toolchain	2026-08-04T06:13:32.2828860Z   type: 'test'
build-and-qualify (english, darwin-arm64)	Verify source and closed toolchain	2026-08-04T06:13:32.2829050Z   ...
build-and-qualify (english, darwin-arm64)	Verify source and closed toolchain	2026-08-04T06:13:32.2829220Z 1..104
build-and-qualify (english, darwin-arm64)	Verify source and closed toolchain	2026-08-04T06:13:32.2829400Z # tests 111
build-and-qualify (english, darwin-arm64)	Verify source and closed toolchain	2026-08-04T06:13:32.2829590Z # suites 0
build-and-qualify (english, darwin-arm64)	Verify source and closed toolchain	2026-08-04T06:13:32.2829770Z # pass 111
build-and-qualify (english, darwin-arm64)	Verify source and closed toolchain	2026-08-04T06:13:32.2829970Z # fail 0
build-and-qualify (english, darwin-arm64)	Verify source and closed toolchain	2026-08-04T06:13:32.2830150Z # cancelled 0
build-and-qualify (english, darwin-arm64)	Verify source and closed toolchain	2026-08-04T06:13:32.2830350Z # skipped 0
build-and-qualify (english, darwin-arm64)	Verify source and closed toolchain	2026-08-04T06:13:32.2830530Z # todo 0
build-and-qualify (english, darwin-arm64)	Verify source and closed toolchain	2026-08-04T06:13:32.2830730Z # duration_ms 7966.340583
build-and-qualify (english, darwin-arm64)	Objective M1 runner preflight	﻿2026-08-04T06:13:32.2925490Z ##[group]Run mkdir -p out/qualifications/english-darwin-arm64 out/assets out/inputs
build-and-qualify (english, darwin-arm64)	Objective M1 runner preflight	2026-08-04T06:13:32.2926150Z [36;1mmkdir -p out/qualifications/english-darwin-arm64 out/assets out/inputs[0m
build-and-qualify (english, darwin-arm64)	Objective M1 runner preflight	2026-08-04T06:13:32.2926740Z [36;1mnohup /usr/bin/caffeinate -dimsu >"$RUNNER_TEMP/voice-caffeinate.log" 2>&1 &[0m
build-and-qualify (english, darwin-arm64)	Objective M1 runner preflight	2026-08-04T06:13:32.2927230Z [36;1mecho "$!" > "$RUNNER_TEMP/voice-caffeinate.pid"[0m
build-and-qualify (english, darwin-arm64)	Objective M1 runner preflight	2026-08-04T06:13:32.2927640Z [36;1mnode benchmark/darwin-arm64-runner-preflight.mjs \[0m
build-and-qualify (english, darwin-arm64)	Objective M1 runner preflight	2026-08-04T06:13:32.2928040Z [36;1m  --go "$VOICE_GO" --cmake "$VOICE_CMAKE" \[0m
build-and-qualify (english, darwin-arm64)	Objective M1 runner preflight	2026-08-04T06:13:32.2928450Z [36;1m  --output "$RUNNER_TEMP/darwin-arm64-preflight-v2.json"[0m
build-and-qualify (english, darwin-arm64)	Objective M1 runner preflight	2026-08-04T06:13:32.2974650Z shell: /bin/bash --noprofile --norc -e -o pipefail {0}
build-and-qualify (english, darwin-arm64)	Objective M1 runner preflight	2026-08-04T06:13:32.2974980Z env:
build-and-qualify (english, darwin-arm64)	Objective M1 runner preflight	2026-08-04T06:13:32.2975170Z   VOICE_RELEASE_TAG_INPUT: v1.0.0
build-and-qualify (english, darwin-arm64)	Objective M1 runner preflight	2026-08-04T06:13:32.2975430Z   VOICE_RUNTIME_VERSION_INPUT: 1.0.0
build-and-qualify (english, darwin-arm64)	Objective M1 runner preflight	2026-08-04T06:13:32.2975700Z   VOICE_QUALIFICATION_RUN_ID_INPUT: 
build-and-qualify (english, darwin-arm64)	Objective M1 runner preflight	2026-08-04T06:13:32.2975940Z ##[endgroup]
build-and-qualify (english, darwin-arm64)	Materialize exact closed inputs	﻿2026-08-04T06:14:45.3675210Z ##[group]Run node build/materialize-release-inputs.mjs \
build-and-qualify (english, darwin-arm64)	Materialize exact closed inputs	2026-08-04T06:14:45.3675630Z [36;1mnode build/materialize-release-inputs.mjs \[0m
build-and-qualify (english, darwin-arm64)	Materialize exact closed inputs	2026-08-04T06:14:45.3676010Z [36;1m  --recipe build/input-recipes/english-darwin-arm64-v1.json \[0m
build-and-qualify (english, darwin-arm64)	Materialize exact closed inputs	2026-08-04T06:14:45.3676430Z [36;1m  --cache "$VOICE_INPUT_CACHE_ROOT" --repository "$GITHUB_WORKSPACE" \[0m
build-and-qualify (english, darwin-arm64)	Materialize exact closed inputs	2026-08-04T06:14:45.3676790Z [36;1m  --destination out/inputs/english-darwin-arm64 \[0m
build-and-qualify (english, darwin-arm64)	Materialize exact closed inputs	2026-08-04T06:14:45.3677070Z [36;1m  --source-commit "$GITHUB_SHA"[0m
build-and-qualify (english, darwin-arm64)	Materialize exact closed inputs	2026-08-04T06:14:45.3677350Z [36;1mcp "$RUNNER_TEMP/darwin-arm64-preflight-v2.json" \[0m
build-and-qualify (english, darwin-arm64)	Materialize exact closed inputs	2026-08-04T06:14:45.3677750Z [36;1m  out/qualifications/english-darwin-arm64/darwin-arm64-preflight-v2.json[0m
build-and-qualify (english, darwin-arm64)	Materialize exact closed inputs	2026-08-04T06:14:45.3718350Z shell: /bin/bash --noprofile --norc -e -o pipefail {0}
build-and-qualify (english, darwin-arm64)	Materialize exact closed inputs	2026-08-04T06:14:45.3718620Z env:
build-and-qualify (english, darwin-arm64)	Materialize exact closed inputs	2026-08-04T06:14:45.3718780Z   VOICE_RELEASE_TAG_INPUT: v1.0.0
build-and-qualify (english, darwin-arm64)	Materialize exact closed inputs	2026-08-04T06:14:45.3719020Z   VOICE_RUNTIME_VERSION_INPUT: 1.0.0
build-and-qualify (english, darwin-arm64)	Materialize exact closed inputs	2026-08-04T06:14:45.3719230Z   VOICE_QUALIFICATION_RUN_ID_INPUT: 
build-and-qualify (english, darwin-arm64)	Materialize exact closed inputs	2026-08-04T06:14:45.3719500Z ##[endgroup]
build-and-qualify (english, darwin-arm64)	Build twice under network denial	﻿2026-08-04T06:14:47.7528880Z ##[group]Run ARCHIVE=voice-english-darwin-arm64-$VOICE_RUNTIME_VERSION_INPUT.zip
build-and-qualify (english, darwin-arm64)	Build twice under network denial	2026-08-04T06:14:47.7529450Z [36;1mARCHIVE=voice-english-darwin-arm64-$VOICE_RUNTIME_VERSION_INPUT.zip[0m
build-and-qualify (english, darwin-arm64)	Build twice under network denial	2026-08-04T06:14:47.7529830Z [36;1mREBUILD="$RUNNER_TEMP/voice-rebuild-english-darwin-arm64"[0m
build-and-qualify (english, darwin-arm64)	Build twice under network denial	2026-08-04T06:14:47.7530270Z [36;1mBUILD_ENVIRONMENT="$RUNNER_TEMP/native-build-environment-english-darwin-arm64.json"[0m
build-and-qualify (english, darwin-arm64)	Build twice under network denial	2026-08-04T06:14:47.7530650Z [36;1mmkdir "$REBUILD"[0m
build-and-qualify (english, darwin-arm64)	Build twice under network denial	2026-08-04T06:14:47.7530870Z [36;1mnode build/create-native-build-environment.mjs \[0m
build-and-qualify (english, darwin-arm64)	Build twice under network denial	2026-08-04T06:14:47.7531230Z [36;1m  --preflight "$RUNNER_TEMP/darwin-arm64-preflight-v2.json" \[0m
build-and-qualify (english, darwin-arm64)	Build twice under network denial	2026-08-04T06:14:47.7535040Z [36;1m  --cmake "$VOICE_CMAKE" --output "$BUILD_ENVIRONMENT"[0m
build-and-qualify (english, darwin-arm64)	Build twice under network denial	2026-08-04T06:14:47.7535530Z [36;1mfor OUTPUT in "$GITHUB_WORKSPACE/out/assets/$ARCHIVE" "$REBUILD/$ARCHIVE"; do[0m
build-and-qualify (english, darwin-arm64)	Build twice under network denial	2026-08-04T06:14:47.7536220Z [36;1m  /usr/bin/sandbox-exec -f benchmark/sandbox/darwin-arm64-network-denied-v1.sb \[0m
build-and-qualify (english, darwin-arm64)	Build twice under network denial	2026-08-04T06:14:47.7536600Z [36;1m    node build/package-assembler.mjs \[0m
build-and-qualify (english, darwin-arm64)	Build twice under network denial	2026-08-04T06:14:47.7536910Z [36;1m    --profile english --target darwin-arm64 \[0m
build-and-qualify (english, darwin-arm64)	Build twice under network denial	2026-08-04T06:14:47.7537240Z [36;1m    --inputs "$GITHUB_WORKSPACE/out/inputs/english-darwin-arm64" \[0m
build-and-qualify (english, darwin-arm64)	Build twice under network denial	2026-08-04T06:14:47.7537550Z [36;1m    --output "$OUTPUT" --go "$VOICE_GO" \[0m
build-and-qualify (english, darwin-arm64)	Build twice under network denial	2026-08-04T06:14:47.7537860Z [36;1m    --preflight "$RUNNER_TEMP/darwin-arm64-preflight-v2.json" \[0m
build-and-qualify (english, darwin-arm64)	Build twice under network denial	2026-08-04T06:14:47.7538180Z [36;1m    --build-environment "$BUILD_ENVIRONMENT" \[0m
build-and-qualify (english, darwin-arm64)	Build twice under network denial	2026-08-04T06:14:47.7538530Z [36;1m    --source-commit "$GITHUB_SHA" --version "$VOICE_RUNTIME_VERSION_INPUT"[0m
build-and-qualify (english, darwin-arm64)	Build twice under network denial	2026-08-04T06:14:47.7538830Z [36;1mdone[0m
build-and-qualify (english, darwin-arm64)	Build twice under network denial	2026-08-04T06:14:47.7539080Z [36;1mnode build/package-verifier.mjs --archive "out/assets/$ARCHIVE" \[0m
build-and-qualify (english, darwin-arm64)	Build twice under network denial	2026-08-04T06:14:47.7539470Z [36;1m  --build-report "out/assets/$ARCHIVE.build.json" --go "$VOICE_GO" \[0m
build-and-qualify (english, darwin-arm64)	Build twice under network denial	2026-08-04T06:14:47.7539890Z [36;1m  --output "out/qualifications/english-darwin-arm64/package-verification.json"[0m
build-and-qualify (english, darwin-arm64)	Build twice under network denial	2026-08-04T06:14:47.7540260Z [36;1mnode build/verify-reproducibility.mjs \[0m
build-and-qualify (english, darwin-arm64)	Build twice under network denial	2026-08-04T06:14:47.7540640Z [36;1m  --first-archive "out/assets/$ARCHIVE" --first-report "out/assets/$ARCHIVE.build.json" \[0m
build-and-qualify (english, darwin-arm64)	Build twice under network denial	2026-08-04T06:14:47.7541120Z [36;1m  --second-archive "$REBUILD/$ARCHIVE" --second-report "$REBUILD/$ARCHIVE.build.json" \[0m
build-and-qualify (english, darwin-arm64)	Build twice under network denial	2026-08-04T06:14:47.7541610Z [36;1m  --output "out/qualifications/english-darwin-arm64/reproducibility-proof-v1.json"[0m
build-and-qualify (english, darwin-arm64)	Build twice under network denial	2026-08-04T06:14:47.7576920Z shell: /bin/bash --noprofile --norc -e -o pipefail {0}
build-and-qualify (english, darwin-arm64)	Build twice under network denial	2026-08-04T06:14:47.7577170Z env:
build-and-qualify (english, darwin-arm64)	Build twice under network denial	2026-08-04T06:14:47.7577340Z   VOICE_RELEASE_TAG_INPUT: v1.0.0
build-and-qualify (english, darwin-arm64)	Build twice under network denial	2026-08-04T06:14:47.7577550Z   VOICE_RUNTIME_VERSION_INPUT: 1.0.0
build-and-qualify (english, darwin-arm64)	Build twice under network denial	2026-08-04T06:14:47.7577780Z   VOICE_QUALIFICATION_RUN_ID_INPUT: 
build-and-qualify (english, darwin-arm64)	Build twice under network denial	2026-08-04T06:14:47.7577980Z ##[endgroup]
build-and-qualify (english, darwin-arm64)	Generate compliance and execute exact package qualification	﻿2026-08-04T06:17:38.0034620Z ##[group]Run DIR=out/qualifications/english-darwin-arm64
build-and-qualify (english, darwin-arm64)	Generate compliance and execute exact package qualification	2026-08-04T06:17:38.0035090Z [36;1mDIR=out/qualifications/english-darwin-arm64[0m
build-and-qualify (english, darwin-arm64)	Generate compliance and execute exact package qualification	2026-08-04T06:17:38.0035660Z [36;1mARCHIVE=voice-english-darwin-arm64-$VOICE_RUNTIME_VERSION_INPUT.zip[0m
build-and-qualify (english, darwin-arm64)	Generate compliance and execute exact package qualification	2026-08-04T06:17:38.0036130Z [36;1mnode release/compliance/generate-package-compliance.mjs \[0m
build-and-qualify (english, darwin-arm64)	Generate compliance and execute exact package qualification	2026-08-04T06:17:38.0036490Z [36;1m  --recipe build/input-recipes/english-darwin-arm64-v1.json \[0m
build-and-qualify (english, darwin-arm64)	Generate compliance and execute exact package qualification	2026-08-04T06:17:38.0036820Z [36;1m  --provenance "out/assets/$ARCHIVE.provenance.json" \[0m
build-and-qualify (english, darwin-arm64)	Generate compliance and execute exact package qualification	2026-08-04T06:17:38.0037210Z [36;1m  --notices "out/inputs/english-darwin-arm64/package-notices/THIRD_PARTY_NOTICES.json" \[0m
build-and-qualify (english, darwin-arm64)	Generate compliance and execute exact package qualification	2026-08-04T06:17:38.0037680Z [36;1m  --build-report "out/assets/$ARCHIVE.build.json" --archive "out/assets/$ARCHIVE" \[0m
build-and-qualify (english, darwin-arm64)	Generate compliance and execute exact package qualification	2026-08-04T06:17:38.0038080Z [36;1m  --output "$DIR/package-compliance-input-v1.json"[0m
build-and-qualify (english, darwin-arm64)	Generate compliance and execute exact package qualification	2026-08-04T06:17:38.0038400Z [36;1mnode benchmark/prepare-conditions.mjs \[0m
build-and-qualify (english, darwin-arm64)	Generate compliance and execute exact package qualification	2026-08-04T06:17:38.0038710Z [36;1m  --source-commit "$GITHUB_SHA" --runner-commit "$GITHUB_SHA" \[0m
build-and-qualify (english, darwin-arm64)	Generate compliance and execute exact package qualification	2026-08-04T06:17:38.0039270Z [36;1m  --profile english --target darwin-arm64 \[0m
build-and-qualify (english, darwin-arm64)	Generate compliance and execute exact package qualification	2026-08-04T06:17:38.0039690Z [36;1m  --preflight "$DIR/darwin-arm64-preflight-v2.json" --output "$DIR/conditions-input.json"[0m
build-and-qualify (english, darwin-arm64)	Generate compliance and execute exact package qualification	2026-08-04T06:17:38.0040110Z [36;1mBASELINE=release/evidence/baselines/english-v2.json[0m
build-and-qualify (english, darwin-arm64)	Generate compliance and execute exact package qualification	2026-08-04T06:17:38.0040450Z [36;1mnode benchmark/run-profile-qualification.mjs \[0m
build-and-qualify (english, darwin-arm64)	Generate compliance and execute exact package qualification	2026-08-04T06:17:38.0040950Z [36;1m  --archive "out/assets/$ARCHIVE" --build-report "out/assets/$ARCHIVE.build.json" \[0m
build-and-qualify (english, darwin-arm64)	Generate compliance and execute exact package qualification	2026-08-04T06:17:38.0041440Z [36;1m  --corpus "$VOICE_CORPUS_ROOT/english/corpus-v1.json" --baseline "$BASELINE" \[0m
build-and-qualify (english, darwin-arm64)	Generate compliance and execute exact package qualification	2026-08-04T06:17:38.0041940Z [36;1m  --conditions "$DIR/conditions-input.json" --compliance "$DIR/package-compliance-input-v1.json" \[0m
build-and-qualify (english, darwin-arm64)	Generate compliance and execute exact package qualification	2026-08-04T06:17:38.0042540Z [36;1m  --go "$VOICE_GO" --reproducibility-proof "$DIR/reproducibility-proof-v1.json" --output "$DIR"[0m
build-and-qualify (english, darwin-arm64)	Generate compliance and execute exact package qualification	2026-08-04T06:17:38.0170870Z shell: /bin/bash --noprofile --norc -e -o pipefail {0}
build-and-qualify (english, darwin-arm64)	Generate compliance and execute exact package qualification	2026-08-04T06:17:38.0171150Z env:
build-and-qualify (english, darwin-arm64)	Generate compliance and execute exact package qualification	2026-08-04T06:17:38.0171350Z   VOICE_RELEASE_TAG_INPUT: v1.0.0
build-and-qualify (english, darwin-arm64)	Generate compliance and execute exact package qualification	2026-08-04T06:17:38.0171590Z   VOICE_RUNTIME_VERSION_INPUT: 1.0.0
build-and-qualify (english, darwin-arm64)	Generate compliance and execute exact package qualification	2026-08-04T06:17:38.0171790Z   VOICE_QUALIFICATION_RUN_ID_INPUT: 
build-and-qualify (english, darwin-arm64)	Generate compliance and execute exact package qualification	2026-08-04T06:17:38.0172000Z ##[endgroup]
build-and-qualify (english, darwin-arm64)	Run actions/upload-artifact@v4	﻿2026-08-04T06:25:58.2659300Z Node 20 is being deprecated. This workflow is running with Node 24 by default. If you need to temporarily use Node 20, you can set the ACTIONS_ALLOW_USE_UNSECURE_NODE_VERSION=true environment variable. For more information see: https://github.blog/changelog/2025-09-19-deprecation-of-node-20-on-github-actions-runners/
build-and-qualify (english, darwin-arm64)	Run actions/upload-artifact@v4	2026-08-04T06:25:58.2660570Z ##[group]Run actions/upload-artifact@v4
build-and-qualify (english, darwin-arm64)	Run actions/upload-artifact@v4	2026-08-04T06:25:58.2660770Z with:
build-and-qualify (english, darwin-arm64)	Run actions/upload-artifact@v4	2026-08-04T06:25:58.2660940Z   name: qualified-english-darwin-arm64
build-and-qualify (english, darwin-arm64)	Run actions/upload-artifact@v4	2026-08-04T06:25:58.2661130Z   path: out/
build-and-qualify (english, darwin-arm64)	Run actions/upload-artifact@v4	2026-08-04T06:25:58.2661320Z   if-no-files-found: error
build-and-qualify (english, darwin-arm64)	Run actions/upload-artifact@v4	2026-08-04T06:25:58.2661500Z   retention-days: 7
build-and-qualify (english, darwin-arm64)	Run actions/upload-artifact@v4	2026-08-04T06:25:58.2661690Z   compression-level: 0
build-and-qualify (english, darwin-arm64)	Run actions/upload-artifact@v4	2026-08-04T06:25:58.2661850Z   overwrite: false
build-and-qualify (english, darwin-arm64)	Run actions/upload-artifact@v4	2026-08-04T06:25:58.2662030Z   include-hidden-files: false
build-and-qualify (english, darwin-arm64)	Run actions/upload-artifact@v4	2026-08-04T06:25:58.2662220Z env:
build-and-qualify (english, darwin-arm64)	Run actions/upload-artifact@v4	2026-08-04T06:25:58.2662350Z   VOICE_RELEASE_TAG_INPUT: v1.0.0
build-and-qualify (english, darwin-arm64)	Run actions/upload-artifact@v4	2026-08-04T06:25:58.2662540Z   VOICE_RUNTIME_VERSION_INPUT: 1.0.0
build-and-qualify (english, darwin-arm64)	Run actions/upload-artifact@v4	2026-08-04T06:25:58.2662750Z   VOICE_QUALIFICATION_RUN_ID_INPUT: 
build-and-qualify (english, darwin-arm64)	Run actions/upload-artifact@v4	2026-08-04T06:25:58.2662970Z ##[endgroup]
build-and-qualify (english, darwin-arm64)	Run actions/upload-artifact@v4	2026-08-04T06:25:58.6043210Z (node:78559) [DEP0040] DeprecationWarning: The `punycode` module is deprecated. Please use a userland alternative instead.
build-and-qualify (english, darwin-arm64)	Run actions/upload-artifact@v4	2026-08-04T06:25:58.6046380Z (Use `node --trace-deprecation ...` to show where the warning was created)
build-and-qualify (english, darwin-arm64)	Run actions/upload-artifact@v4	2026-08-04T06:25:58.6228440Z With the provided path, there will be 74 files uploaded
build-and-qualify (english, darwin-arm64)	Run actions/upload-artifact@v4	2026-08-04T06:25:58.6231350Z Artifact name is valid!
build-and-qualify (english, darwin-arm64)	Run actions/upload-artifact@v4	2026-08-04T06:25:58.6231750Z Root directory input is valid!
build-and-qualify (english, darwin-arm64)	Run actions/upload-artifact@v4	2026-08-04T06:25:59.1156050Z Beginning upload of artifact content to blob storage
build-and-qualify (english, darwin-arm64)	Run actions/upload-artifact@v4	2026-08-04T06:25:59.1491640Z (node:78559) [DEP0169] DeprecationWarning: `url.parse()` behavior is not standardized and prone to errors that have security implications. Use the WHATWG URL API instead. CVEs are not issued for `url.parse()` vulnerabilities.
build-and-qualify (english, darwin-arm64)	Run actions/upload-artifact@v4	2026-08-04T06:26:06.5956820Z Uploaded bytes 8388608
build-and-qualify (english, darwin-arm64)	Run actions/upload-artifact@v4	2026-08-04T06:26:07.9560660Z Uploaded bytes 16777216
build-and-qualify (english, darwin-arm64)	Run actions/upload-artifact@v4	2026-08-04T06:26:11.3104770Z Uploaded bytes 25165824
build-and-qualify (english, darwin-arm64)	Run actions/upload-artifact@v4	2026-08-04T06:26:13.6797570Z Uploaded bytes 33554432
build-and-qualify (english, darwin-arm64)	Run actions/upload-artifact@v4	2026-08-04T06:26:15.4724090Z Uploaded bytes 41943040
build-and-qualify (english, darwin-arm64)	Run actions/upload-artifact@v4	2026-08-04T06:26:22.2715960Z Uploaded bytes 50331648
build-and-qualify (english, darwin-arm64)	Run actions/upload-artifact@v4	2026-08-04T06:26:22.2771750Z Uploaded bytes 58720256
build-and-qualify (english, darwin-arm64)	Run actions/upload-artifact@v4	2026-08-04T06:26:26.5138290Z Uploaded bytes 67108864
build-and-qualify (english, darwin-arm64)	Run actions/upload-artifact@v4	2026-08-04T06:26:27.7218260Z Uploaded bytes 75497472
build-and-qualify (english, darwin-arm64)	Run actions/upload-artifact@v4	2026-08-04T06:26:27.8101510Z Uploaded bytes 83886080
build-and-qualify (english, darwin-arm64)	Run actions/upload-artifact@v4	2026-08-04T06:26:33.4743890Z Uploaded bytes 92274688
build-and-qualify (english, darwin-arm64)	Run actions/upload-artifact@v4	2026-08-04T06:26:36.7852710Z Uploaded bytes 100663296
build-and-qualify (english, darwin-arm64)	Run actions/upload-artifact@v4	2026-08-04T06:26:37.0853790Z Uploaded bytes 109051904
build-and-qualify (english, darwin-arm64)	Run actions/upload-artifact@v4	2026-08-04T06:26:43.1324090Z Uploaded bytes 117440512
build-and-qualify (english, darwin-arm64)	Run actions/upload-artifact@v4	2026-08-04T06:26:45.3423620Z Uploaded bytes 125829120
build-and-qualify (english, darwin-arm64)	Run actions/upload-artifact@v4	2026-08-04T06:26:45.6866410Z Uploaded bytes 134217728
build-and-qualify (english, darwin-arm64)	Run actions/upload-artifact@v4	2026-08-04T06:26:47.5052240Z Uploaded bytes 142606336
build-and-qualify (english, darwin-arm64)	Run actions/upload-artifact@v4	2026-08-04T06:26:53.8025440Z Uploaded bytes 150994944
build-and-qualify (english, darwin-arm64)	Run actions/upload-artifact@v4	2026-08-04T06:26:55.3005180Z Uploaded bytes 159383552
build-and-qualify (english, darwin-arm64)	Run actions/upload-artifact@v4	2026-08-04T06:26:56.6449510Z Uploaded bytes 167772160
build-and-qualify (english, darwin-arm64)	Run actions/upload-artifact@v4	2026-08-04T06:26:59.8107370Z Uploaded bytes 176160768
build-and-qualify (english, darwin-arm64)	Run actions/upload-artifact@v4	2026-08-04T06:27:02.5213490Z Uploaded bytes 184549376
build-and-qualify (english, darwin-arm64)	Run actions/upload-artifact@v4	2026-08-04T06:27:05.2790490Z Uploaded bytes 192937984
build-and-qualify (english, darwin-arm64)	Run actions/upload-artifact@v4	2026-08-04T06:27:08.9489450Z Uploaded bytes 201326592
build-and-qualify (english, darwin-arm64)	Run actions/upload-artifact@v4	2026-08-04T06:27:11.5544590Z Uploaded bytes 209715200
build-and-qualify (english, darwin-arm64)	Run actions/upload-artifact@v4	2026-08-04T06:27:14.3944210Z Uploaded bytes 218103808
build-and-qualify (english, darwin-arm64)	Run actions/upload-artifact@v4	2026-08-04T06:27:14.4031810Z Uploaded bytes 226492416
build-and-qualify (english, darwin-arm64)	Run actions/upload-artifact@v4	2026-08-04T06:27:21.2417270Z Uploaded bytes 234881024
build-and-qualify (english, darwin-arm64)	Run actions/upload-artifact@v4	2026-08-04T06:27:21.5130470Z Uploaded bytes 243269632
build-and-qualify (english, darwin-arm64)	Run actions/upload-artifact@v4	2026-08-04T06:27:28.1184490Z Uploaded bytes 251658240
build-and-qualify (english, darwin-arm64)	Run actions/upload-artifact@v4	2026-08-04T06:27:29.7448500Z Uploaded bytes 260046848
build-and-qualify (english, darwin-arm64)	Run actions/upload-artifact@v4	2026-08-04T06:27:33.3435820Z Uploaded bytes 268435456
build-and-qualify (english, darwin-arm64)	Run actions/upload-artifact@v4	2026-08-04T06:27:34.0957190Z Uploaded bytes 276824064
build-and-qualify (english, darwin-arm64)	Run actions/upload-artifact@v4	2026-08-04T06:27:40.2947930Z Uploaded bytes 285212672
build-and-qualify (english, darwin-arm64)	Run actions/upload-artifact@v4	2026-08-04T06:27:43.0151100Z Uploaded bytes 293601280
build-and-qualify (english, darwin-arm64)	Run actions/upload-artifact@v4	2026-08-04T06:27:44.4586350Z Uploaded bytes 301989888
build-and-qualify (english, darwin-arm64)	Run actions/upload-artifact@v4	2026-08-04T06:27:46.8085240Z Uploaded bytes 310378496
build-and-qualify (english, darwin-arm64)	Run actions/upload-artifact@v4	2026-08-04T06:27:49.3014180Z Uploaded bytes 318767104
build-and-qualify (english, darwin-arm64)	Run actions/upload-artifact@v4	2026-08-04T06:27:51.9364500Z Uploaded bytes 327155712
build-and-qualify (english, darwin-arm64)	Run actions/upload-artifact@v4	2026-08-04T06:27:52.6931770Z Uploaded bytes 335544320
build-and-qualify (english, darwin-arm64)	Run actions/upload-artifact@v4	2026-08-04T06:27:58.9604470Z Uploaded bytes 343932928
build-and-qualify (english, darwin-arm64)	Run actions/upload-artifact@v4	2026-08-04T06:28:02.9397120Z Uploaded bytes 352321536
build-and-qualify (english, darwin-arm64)	Run actions/upload-artifact@v4	2026-08-04T06:28:03.6834080Z Uploaded bytes 360710144
build-and-qualify (english, darwin-arm64)	Run actions/upload-artifact@v4	2026-08-04T06:28:04.8816040Z Uploaded bytes 369098752
build-and-qualify (english, darwin-arm64)	Run actions/upload-artifact@v4	2026-08-04T06:28:05.0275430Z Uploaded bytes 377487360
build-and-qualify (english, darwin-arm64)	Run actions/upload-artifact@v4	2026-08-04T06:28:13.0013040Z Uploaded bytes 385875968
build-and-qualify (english, darwin-arm64)	Run actions/upload-artifact@v4	2026-08-04T06:28:15.5355800Z Uploaded bytes 394264576
build-and-qualify (english, darwin-arm64)	Run actions/upload-artifact@v4	2026-08-04T06:28:15.9308560Z Uploaded bytes 402653184
build-and-qualify (english, darwin-arm64)	Run actions/upload-artifact@v4	2026-08-04T06:28:17.1045510Z Uploaded bytes 411041792
build-and-qualify (english, darwin-arm64)	Run actions/upload-artifact@v4	2026-08-04T06:28:21.2818190Z Uploaded bytes 419430400
build-and-qualify (english, darwin-arm64)	Run actions/upload-artifact@v4	2026-08-04T06:28:25.1900870Z Uploaded bytes 427819008
build-and-qualify (english, darwin-arm64)	Run actions/upload-artifact@v4	2026-08-04T06:28:26.6150200Z Uploaded bytes 436207616
build-and-qualify (english, darwin-arm64)	Run actions/upload-artifact@v4	2026-08-04T06:28:29.2882160Z Uploaded bytes 444596224
build-and-qualify (english, darwin-arm64)	Run actions/upload-artifact@v4	2026-08-04T06:28:33.8630550Z Uploaded bytes 452984832
build-and-qualify (english, darwin-arm64)	Run actions/upload-artifact@v4	2026-08-04T06:28:33.9084420Z Uploaded bytes 461373440
build-and-qualify (english, darwin-arm64)	Run actions/upload-artifact@v4	2026-08-04T06:28:38.2669250Z Uploaded bytes 469762048
build-and-qualify (english, darwin-arm64)	Run actions/upload-artifact@v4	2026-08-04T06:28:38.5825980Z Uploaded bytes 478150656
build-and-qualify (english, darwin-arm64)	Run actions/upload-artifact@v4	2026-08-04T06:28:44.7133870Z Uploaded bytes 486539264
build-and-qualify (english, darwin-arm64)	Run actions/upload-artifact@v4	2026-08-04T06:28:47.2746880Z Uploaded bytes 494927872
build-and-qualify (english, darwin-arm64)	Run actions/upload-artifact@v4	2026-08-04T06:28:48.2228900Z Uploaded bytes 503316480
build-and-qualify (english, darwin-arm64)	Run actions/upload-artifact@v4	2026-08-04T06:28:48.5510860Z Uploaded bytes 511705088
build-and-qualify (english, darwin-arm64)	Run actions/upload-artifact@v4	2026-08-04T06:28:54.9400650Z Uploaded bytes 520093696
build-and-qualify (english, darwin-arm64)	Run actions/upload-artifact@v4	2026-08-04T06:28:56.1487760Z Uploaded bytes 528482304
build-and-qualify (english, darwin-arm64)	Run actions/upload-artifact@v4	2026-08-04T06:28:57.8418100Z Uploaded bytes 536870912
build-and-qualify (english, darwin-arm64)	Run actions/upload-artifact@v4	2026-08-04T06:29:03.5591980Z Uploaded bytes 545259520
build-and-qualify (english, darwin-arm64)	Run actions/upload-artifact@v4	2026-08-04T06:29:05.0909380Z Uploaded bytes 553648128
build-and-qualify (english, darwin-arm64)	Run actions/upload-artifact@v4	2026-08-04T06:29:05.0967020Z Uploaded bytes 562036736
build-and-qualify (english, darwin-arm64)	Run actions/upload-artifact@v4	2026-08-04T06:29:08.0190390Z Uploaded bytes 570425344
build-and-qualify (english, darwin-arm64)	Run actions/upload-artifact@v4	2026-08-04T06:29:14.4840070Z Uploaded bytes 578813952
build-and-qualify (english, darwin-arm64)	Run actions/upload-artifact@v4	2026-08-04T06:29:15.5501910Z Uploaded bytes 587202560
build-and-qualify (english, darwin-arm64)	Run actions/upload-artifact@v4	2026-08-04T06:29:16.7053740Z Uploaded bytes 595591168
build-and-qualify (english, darwin-arm64)	Run actions/upload-artifact@v4	2026-08-04T06:29:19.2848830Z Uploaded bytes 603979776
build-and-qualify (english, darwin-arm64)	Run actions/upload-artifact@v4	2026-08-04T06:29:25.6630290Z Uploaded bytes 612368384
build-and-qualify (english, darwin-arm64)	Run actions/upload-artifact@v4	2026-08-04T06:29:27.3393920Z Uploaded bytes 620756992
build-and-qualify (english, darwin-arm64)	Run actions/upload-artifact@v4	2026-08-04T06:29:27.7025900Z Uploaded bytes 629145600
build-and-qualify (english, darwin-arm64)	Run actions/upload-artifact@v4	2026-08-04T06:29:29.4358370Z Uploaded bytes 637534208
build-and-qualify (english, darwin-arm64)	Run actions/upload-artifact@v4	2026-08-04T06:29:35.6042610Z Uploaded bytes 645922816
build-and-qualify (english, darwin-arm64)	Run actions/upload-artifact@v4	2026-08-04T06:29:35.9264940Z Uploaded bytes 654311424
build-and-qualify (english, darwin-arm64)	Run actions/upload-artifact@v4	2026-08-04T06:29:39.6567780Z Uploaded bytes 662700032
build-and-qualify (english, darwin-arm64)	Run actions/upload-artifact@v4	2026-08-04T06:29:41.7061450Z Uploaded bytes 671088640
build-and-qualify (english, darwin-arm64)	Run actions/upload-artifact@v4	2026-08-04T06:29:44.9833150Z Uploaded bytes 679477248
build-and-qualify (english, darwin-arm64)	Run actions/upload-artifact@v4	2026-08-04T06:29:48.8343300Z Uploaded bytes 687865856
build-and-qualify (english, darwin-arm64)	Run actions/upload-artifact@v4	2026-08-04T06:29:50.5742970Z Uploaded bytes 696254464
build-and-qualify (english, darwin-arm64)	Run actions/upload-artifact@v4	2026-08-04T06:29:51.5188190Z Uploaded bytes 704643072
build-and-qualify (english, darwin-arm64)	Run actions/upload-artifact@v4	2026-08-04T06:29:54.0790060Z Uploaded bytes 713031680
build-and-qualify (english, darwin-arm64)	Run actions/upload-artifact@v4	2026-08-04T06:29:58.2716000Z Uploaded bytes 721420288
build-and-qualify (english, darwin-arm64)	Run actions/upload-artifact@v4	2026-08-04T06:29:59.9206260Z Uploaded bytes 729808896
build-and-qualify (english, darwin-arm64)	Run actions/upload-artifact@v4	2026-08-04T06:30:03.9360470Z Uploaded bytes 738197504
build-and-qualify (english, darwin-arm64)	Run actions/upload-artifact@v4	2026-08-04T06:30:07.7708130Z Uploaded bytes 746586112
build-and-qualify (english, darwin-arm64)	Run actions/upload-artifact@v4	2026-08-04T06:30:08.9731240Z Uploaded bytes 754974720
build-and-qualify (english, darwin-arm64)	Run actions/upload-artifact@v4	2026-08-04T06:30:09.5916560Z Uploaded bytes 763363328
build-and-qualify (english, darwin-arm64)	Run actions/upload-artifact@v4	2026-08-04T06:30:15.8628640Z Uploaded bytes 771751936
build-and-qualify (english, darwin-arm64)	Run actions/upload-artifact@v4	2026-08-04T06:30:16.6220290Z Uploaded bytes 780140544
build-and-qualify (english, darwin-arm64)	Run actions/upload-artifact@v4	2026-08-04T06:30:18.2058320Z Uploaded bytes 788529152
build-and-qualify (english, darwin-arm64)	Run actions/upload-artifact@v4	2026-08-04T06:30:20.8161920Z Uploaded bytes 796917760
build-and-qualify (english, darwin-arm64)	Run actions/upload-artifact@v4	2026-08-04T06:30:24.3805770Z Uploaded bytes 805306368
build-and-qualify (english, darwin-arm64)	Run actions/upload-artifact@v4	2026-08-04T06:30:27.6521450Z Uploaded bytes 813694976
build-and-qualify (english, darwin-arm64)	Run actions/upload-artifact@v4	2026-08-04T06:30:32.0179370Z Uploaded bytes 822083584
build-and-qualify (english, darwin-arm64)	Run actions/upload-artifact@v4	2026-08-04T06:30:33.6987890Z Uploaded bytes 830472192
build-and-qualify (english, darwin-arm64)	Run actions/upload-artifact@v4	2026-08-04T06:30:33.7841150Z Uploaded bytes 838860800
build-and-qualify (english, darwin-arm64)	Run actions/upload-artifact@v4	2026-08-04T06:30:36.8564760Z Uploaded bytes 847249408
build-and-qualify (english, darwin-arm64)	Run actions/upload-artifact@v4	2026-08-04T06:30:42.6376030Z Uploaded bytes 855638016
build-and-qualify (english, darwin-arm64)	Run actions/upload-artifact@v4	2026-08-04T06:30:43.4439930Z Uploaded bytes 864026624
build-and-qualify (english, darwin-arm64)	Run actions/upload-artifact@v4	2026-08-04T06:30:47.0418840Z Uploaded bytes 872415232
build-and-qualify (english, darwin-arm64)	Run actions/upload-artifact@v4	2026-08-04T06:30:48.2827160Z Uploaded bytes 880803840
build-and-qualify (english, darwin-arm64)	Run actions/upload-artifact@v4	2026-08-04T06:30:52.6633060Z Uploaded bytes 889192448
build-and-qualify (english, darwin-arm64)	Run actions/upload-artifact@v4	2026-08-04T06:30:53.2027580Z Uploaded bytes 897581056
build-and-qualify (english, darwin-arm64)	Run actions/upload-artifact@v4	2026-08-04T06:30:59.3334720Z Uploaded bytes 905969664
build-and-qualify (english, darwin-arm64)	Run actions/upload-artifact@v4	2026-08-04T06:30:59.9278230Z Uploaded bytes 914358272
build-and-qualify (english, darwin-arm64)	Run actions/upload-artifact@v4	2026-08-04T06:31:02.8337840Z Uploaded bytes 922746880
build-and-qualify (english, darwin-arm64)	Run actions/upload-artifact@v4	2026-08-04T06:31:03.8065160Z Uploaded bytes 931135488
build-and-qualify (english, darwin-arm64)	Run actions/upload-artifact@v4	2026-08-04T06:31:09.4825800Z Uploaded bytes 939524096
build-and-qualify (english, darwin-arm64)	Run actions/upload-artifact@v4	2026-08-04T06:31:12.4805760Z Uploaded bytes 947912704
build-and-qualify (english, darwin-arm64)	Run actions/upload-artifact@v4	2026-08-04T06:31:13.0275000Z Uploaded bytes 956301312
build-and-qualify (english, darwin-arm64)	Run actions/upload-artifact@v4	2026-08-04T06:31:14.6929360Z Uploaded bytes 964689920
build-and-qualify (english, darwin-arm64)	Run actions/upload-artifact@v4	2026-08-04T06:31:18.7480830Z Uploaded bytes 973078528
build-and-qualify (english, darwin-arm64)	Run actions/upload-artifact@v4	2026-08-04T06:31:21.8387740Z Uploaded bytes 981467136
build-and-qualify (english, darwin-arm64)	Run actions/upload-artifact@v4	2026-08-04T06:31:26.4247360Z Uploaded bytes 989855744
build-and-qualify (english, darwin-arm64)	Run actions/upload-artifact@v4	2026-08-04T06:31:27.4321370Z Uploaded bytes 998244352
build-and-qualify (english, darwin-arm64)	Run actions/upload-artifact@v4	2026-08-04T06:31:31.0684280Z Uploaded bytes 1006632960
build-and-qualify (english, darwin-arm64)	Run actions/upload-artifact@v4	2026-08-04T06:31:31.4061490Z Uploaded bytes 1015021568
build-and-qualify (english, darwin-arm64)	Run actions/upload-artifact@v4	2026-08-04T06:31:35.9875250Z Uploaded bytes 1023410176
build-and-qualify (english, darwin-arm64)	Run actions/upload-artifact@v4	2026-08-04T06:31:39.1352590Z Uploaded bytes 1031798784
build-and-qualify (english, darwin-arm64)	Run actions/upload-artifact@v4	2026-08-04T06:31:39.4564190Z Uploaded bytes 1040187392
build-and-qualify (english, darwin-arm64)	Run actions/upload-artifact@v4	2026-08-04T06:31:43.0061920Z Uploaded bytes 1048576000
build-and-qualify (english, darwin-arm64)	Run actions/upload-artifact@v4	2026-08-04T06:31:47.4827190Z Uploaded bytes 1056964608
build-and-qualify (english, darwin-arm64)	Run actions/upload-artifact@v4	2026-08-04T06:31:48.0437530Z Uploaded bytes 1065353216
build-and-qualify (english, darwin-arm64)	Run actions/upload-artifact@v4	2026-08-04T06:31:51.7540250Z Uploaded bytes 1073741824
build-and-qualify (english, darwin-arm64)	Run actions/upload-artifact@v4	2026-08-04T06:31:55.2710250Z Uploaded bytes 1082130432
build-and-qualify (english, darwin-arm64)	Run actions/upload-artifact@v4	2026-08-04T06:31:56.4026280Z Uploaded bytes 1090519040
build-and-qualify (english, darwin-arm64)	Run actions/upload-artifact@v4	2026-08-04T06:31:57.6814010Z Uploaded bytes 1098907648
build-and-qualify (english, darwin-arm64)	Run actions/upload-artifact@v4	2026-08-04T06:32:05.1452120Z Uploaded bytes 1107296256
build-and-qualify (english, darwin-arm64)	Run actions/upload-artifact@v4	2026-08-04T06:32:05.6687940Z Uploaded bytes 1115684864
build-and-qualify (english, darwin-arm64)	Run actions/upload-artifact@v4	2026-08-04T06:32:06.5130870Z Uploaded bytes 1124073472
build-and-qualify (english, darwin-arm64)	Run actions/upload-artifact@v4	2026-08-04T06:32:12.3826940Z Uploaded bytes 1132462080
build-and-qualify (english, darwin-arm64)	Run actions/upload-artifact@v4	2026-08-04T06:32:13.0114500Z Uploaded bytes 1140850688
build-and-qualify (english, darwin-arm64)	Run actions/upload-artifact@v4	2026-08-04T06:32:13.7038260Z Uploaded bytes 1149239296
build-and-qualify (english, darwin-arm64)	Run actions/upload-artifact@v4	2026-08-04T06:32:21.2461530Z Uploaded bytes 1157627904
build-and-qualify (english, darwin-arm64)	Run actions/upload-artifact@v4	2026-08-04T06:32:21.3968190Z Uploaded bytes 1166016512
build-and-qualify (english, darwin-arm64)	Run actions/upload-artifact@v4	2026-08-04T06:32:23.3888260Z Uploaded bytes 1174405120
build-and-qualify (english, darwin-arm64)	Run actions/upload-artifact@v4	2026-08-04T06:32:24.2307540Z Uploaded bytes 1182793728
build-and-qualify (english, darwin-arm64)	Run actions/upload-artifact@v4	2026-08-04T06:32:32.7974160Z Uploaded bytes 1191182336
build-and-qualify (english, darwin-arm64)	Run actions/upload-artifact@v4	2026-08-04T06:32:33.0014220Z Uploaded bytes 1199570944
build-and-qualify (english, darwin-arm64)	Run actions/upload-artifact@v4	2026-08-04T06:32:33.8744810Z Uploaded bytes 1207959552
build-and-qualify (english, darwin-arm64)	Run actions/upload-artifact@v4	2026-08-04T06:32:34.9033310Z Uploaded bytes 1216348160
build-and-qualify (english, darwin-arm64)	Run actions/upload-artifact@v4	2026-08-04T06:32:42.8959480Z Uploaded bytes 1224736768
build-and-qualify (english, darwin-arm64)	Run actions/upload-artifact@v4	2026-08-04T06:32:43.2822510Z Uploaded bytes 1233125376
build-and-qualify (english, darwin-arm64)	Run actions/upload-artifact@v4	2026-08-04T06:32:43.8168480Z Uploaded bytes 1241513984
build-and-qualify (english, darwin-arm64)	Run actions/upload-artifact@v4	2026-08-04T06:32:47.3995020Z Uploaded bytes 1249902592
build-and-qualify (english, darwin-arm64)	Run actions/upload-artifact@v4	2026-08-04T06:32:52.1668850Z Uploaded bytes 1258291200
build-and-qualify (english, darwin-arm64)	Run actions/upload-artifact@v4	2026-08-04T06:32:53.7260270Z Uploaded bytes 1266679808
build-and-qualify (english, darwin-arm64)	Run actions/upload-artifact@v4	2026-08-04T06:32:54.4281380Z Uploaded bytes 1275068416
build-and-qualify (english, darwin-arm64)	Run actions/upload-artifact@v4	2026-08-04T06:33:01.0344240Z Uploaded bytes 1283457024
build-and-qualify (english, darwin-arm64)	Run actions/upload-artifact@v4	2026-08-04T06:33:01.0452290Z Uploaded bytes 1291845632
build-and-qualify (english, darwin-arm64)	Run actions/upload-artifact@v4	2026-08-04T06:33:04.9538230Z Uploaded bytes 1300234240
build-and-qualify (english, darwin-arm64)	Run actions/upload-artifact@v4	2026-08-04T06:33:06.4936220Z Uploaded bytes 1308622848
build-and-qualify (english, darwin-arm64)	Run actions/upload-artifact@v4	2026-08-04T06:33:08.6765520Z Uploaded bytes 1317011456
build-and-qualify (english, darwin-arm64)	Run actions/upload-artifact@v4	2026-08-04T06:33:13.5251930Z Uploaded bytes 1325400064
build-and-qualify (english, darwin-arm64)	Run actions/upload-artifact@v4	2026-08-04T06:33:15.9363370Z Uploaded bytes 1333788672
build-and-qualify (english, darwin-arm64)	Run actions/upload-artifact@v4	2026-08-04T06:33:16.1392500Z Uploaded bytes 1342177280
build-and-qualify (english, darwin-arm64)	Run actions/upload-artifact@v4	2026-08-04T06:33:18.2346120Z Uploaded bytes 1346202479
build-and-qualify (english, darwin-arm64)	Run actions/upload-artifact@v4	2026-08-04T06:33:18.3691120Z Finished uploading artifact content to blob storage!
build-and-qualify (english, darwin-arm64)	Run actions/upload-artifact@v4	2026-08-04T06:33:18.3692410Z SHA256 digest of uploaded artifact zip is 35d3904d8b77e5cf427e0a8ee2872186db5b63526135ac6372f535a3c80b3274
build-and-qualify (english, darwin-arm64)	Run actions/upload-artifact@v4	2026-08-04T06:33:18.3693340Z Finalizing artifact upload
build-and-qualify (english, darwin-arm64)	Run actions/upload-artifact@v4	2026-08-04T06:33:18.9507160Z Artifact qualified-english-darwin-arm64.zip successfully finalized. Artifact ID 8882491942
build-and-qualify (english, darwin-arm64)	Run actions/upload-artifact@v4	2026-08-04T06:33:18.9507900Z Artifact qualified-english-darwin-arm64 has been successfully uploaded! Final size is 1346202479 bytes. Artifact ID is 8882491942
build-and-qualify (english, darwin-arm64)	Run actions/upload-artifact@v4	2026-08-04T06:33:18.9513700Z Artifact download URL: https://github.com/AutoByteus/autobyteus-voice-runtime/actions/runs/30883225852/artifacts/8882491942
build-and-qualify (english, darwin-arm64)	Stop job-owned sleep prevention	﻿2026-08-04T06:33:18.9634830Z ##[group]Run if test -f "$RUNNER_TEMP/voice-caffeinate.pid"; then
build-and-qualify (english, darwin-arm64)	Stop job-owned sleep prevention	2026-08-04T06:33:18.9635300Z [36;1mif test -f "$RUNNER_TEMP/voice-caffeinate.pid"; then[0m
build-and-qualify (english, darwin-arm64)	Stop job-owned sleep prevention	2026-08-04T06:33:18.9635670Z [36;1m  kill "$(cat "$RUNNER_TEMP/voice-caffeinate.pid")" 2>/dev/null || true[0m
build-and-qualify (english, darwin-arm64)	Stop job-owned sleep prevention	2026-08-04T06:33:18.9635960Z [36;1mfi[0m
build-and-qualify (english, darwin-arm64)	Stop job-owned sleep prevention	2026-08-04T06:33:18.9724140Z shell: /bin/bash --noprofile --norc -e -o pipefail {0}
build-and-qualify (english, darwin-arm64)	Stop job-owned sleep prevention	2026-08-04T06:33:18.9724430Z env:
build-and-qualify (english, darwin-arm64)	Stop job-owned sleep prevention	2026-08-04T06:33:18.9724600Z   VOICE_RELEASE_TAG_INPUT: v1.0.0
build-and-qualify (english, darwin-arm64)	Stop job-owned sleep prevention	2026-08-04T06:33:18.9725030Z   VOICE_RUNTIME_VERSION_INPUT: 1.0.0
build-and-qualify (english, darwin-arm64)	Stop job-owned sleep prevention	2026-08-04T06:33:18.9725230Z   VOICE_QUALIFICATION_RUN_ID_INPUT: 
build-and-qualify (english, darwin-arm64)	Stop job-owned sleep prevention	2026-08-04T06:33:18.9725420Z ##[endgroup]
build-and-qualify (english, darwin-arm64)	Post Run actions/checkout@v4	﻿2026-08-04T06:33:19.0156670Z Node 20 is being deprecated. This workflow is running with Node 24 by default. If you need to temporarily use Node 20, you can set the ACTIONS_ALLOW_USE_UNSECURE_NODE_VERSION=true environment variable. For more information see: https://github.blog/changelog/2025-09-19-deprecation-of-node-20-on-github-actions-runners/
build-and-qualify (english, darwin-arm64)	Post Run actions/checkout@v4	2026-08-04T06:33:19.0157620Z Post job cleanup.
build-and-qualify (english, darwin-arm64)	Post Run actions/checkout@v4	2026-08-04T06:33:19.1095490Z [command]/usr/bin/git version
build-and-qualify (english, darwin-arm64)	Post Run actions/checkout@v4	2026-08-04T06:33:19.1297450Z git version 2.50.1 (Apple Git-155)
build-and-qualify (english, darwin-arm64)	Post Run actions/checkout@v4	2026-08-04T06:33:19.1321500Z Temporarily overriding HOME='/private/tmp/autobyteus-actions-runner-voice-v2.336.0-20260804-retry2/_work/_temp/23d7c78e-93da-41b0-8900-d6a8144c53a6' before making global git config changes
build-and-qualify (english, darwin-arm64)	Post Run actions/checkout@v4	2026-08-04T06:33:19.1322370Z Adding repository directory to the temporary git global config as a safe directory
build-and-qualify (english, darwin-arm64)	Post Run actions/checkout@v4	2026-08-04T06:33:19.1326220Z [command]/usr/bin/git config --global --add safe.directory /private/tmp/autobyteus-actions-runner-voice-v2.336.0-20260804-retry2/_work/autobyteus-voice-runtime/autobyteus-voice-runtime
build-and-qualify (english, darwin-arm64)	Post Run actions/checkout@v4	2026-08-04T06:33:19.4221100Z [command]/usr/bin/git config --local --name-only --get-regexp core\.sshCommand
build-and-qualify (english, darwin-arm64)	Post Run actions/checkout@v4	2026-08-04T06:33:19.4410760Z [command]/usr/bin/git submodule foreach --recursive sh -c "git config --local --name-only --get-regexp 'core\.sshCommand' && git config --local --unset-all 'core.sshCommand' || :"
build-and-qualify (english, darwin-arm64)	Post Run actions/checkout@v4	2026-08-04T06:33:19.5975540Z [command]/usr/bin/git config --local --name-only --get-regexp http\.https\:\/\/github\.com\/\.extraheader
build-and-qualify (english, darwin-arm64)	Post Run actions/checkout@v4	2026-08-04T06:33:19.6381690Z http.https://github.com/.extraheader
build-and-qualify (english, darwin-arm64)	Post Run actions/checkout@v4	2026-08-04T06:33:19.6406330Z [command]/usr/bin/git config --local --unset-all http.https://github.com/.extraheader
build-and-qualify (english, darwin-arm64)	Post Run actions/checkout@v4	2026-08-04T06:33:19.6672810Z [command]/usr/bin/git submodule foreach --recursive sh -c "git config --local --name-only --get-regexp 'http\.https\:\/\/github\.com\/\.extraheader' && git config --local --unset-all 'http.https://github.com/.extraheader' || :"
build-and-qualify (english, darwin-arm64)	Post Run actions/checkout@v4	2026-08-04T06:33:19.7945510Z [command]/usr/bin/git config --local --name-only --get-regexp ^includeIf\.gitdir:
build-and-qualify (english, darwin-arm64)	Post Run actions/checkout@v4	2026-08-04T06:33:19.8161390Z [command]/usr/bin/git submodule foreach --recursive git config --local --show-origin --name-only --get-regexp remote.origin.url
build-and-qualify (english, darwin-arm64)	Complete job	﻿2026-08-04T06:33:19.9490860Z Cleaning up orphan processes
build-and-qualify (english, darwin-arm64)	Complete job	2026-08-04T06:33:20.9545570Z ##[warning]Node.js 20 is deprecated. The following actions target Node.js 20 but are being forced to run on Node.js 24: actions/checkout@v4, actions/upload-artifact@v4. For more information see: https://github.blog/changelog/2025-09-19-deprecation-of-node-20-on-github-actions-runners/
aggregate-pretag	Set up job	﻿2026-08-04T07:01:03.2086290Z Current runner version: '2.336.0'
aggregate-pretag	Set up job	2026-08-04T07:01:03.2091660Z Runner name: 'voice-m1-max-20260804-retry2'
aggregate-pretag	Set up job	2026-08-04T07:01:03.2092140Z Runner group name: 'Default'
aggregate-pretag	Set up job	2026-08-04T07:01:03.2092750Z Machine name: 'MacBookPro'
aggregate-pretag	Set up job	2026-08-04T07:01:03.2094920Z ##[group]GITHUB_TOKEN Permissions
aggregate-pretag	Set up job	2026-08-04T07:01:03.2096190Z Actions: read
aggregate-pretag	Set up job	2026-08-04T07:01:03.2096520Z Contents: write
aggregate-pretag	Set up job	2026-08-04T07:01:03.2096840Z Metadata: read
aggregate-pretag	Set up job	2026-08-04T07:01:03.2097160Z ##[endgroup]
aggregate-pretag	Set up job	2026-08-04T07:01:03.2098340Z Secret source: Actions
aggregate-pretag	Set up job	2026-08-04T07:01:03.2098910Z Prepare workflow directory
aggregate-pretag	Set up job	2026-08-04T07:01:03.2850610Z Prepare all required actions
aggregate-pretag	Set up job	2026-08-04T07:01:03.2890340Z Getting action download info
aggregate-pretag	Set up job	2026-08-04T07:01:03.9761600Z Download action repository 'actions/checkout@v4' (SHA:11d5960a326750d5838078e36cf38b85af677262)
aggregate-pretag	Set up job	2026-08-04T07:01:04.5624500Z Download action repository 'actions/download-artifact@v4' (SHA:d3f86a106a0bac45b974a628896c90dbdf5c8093)
aggregate-pretag	Set up job	2026-08-04T07:01:05.1822450Z Download action repository 'actions/upload-artifact@v4' (SHA:ea165f8d65b6e75b540449e92b4886f43607fa02)
aggregate-pretag	Set up job	2026-08-04T07:01:05.9523860Z Complete job name: aggregate-pretag
aggregate-pretag	Run actions/checkout@v4	﻿2026-08-04T07:01:05.9993160Z Node 20 is being deprecated. This workflow is running with Node 24 by default. If you need to temporarily use Node 20, you can set the ACTIONS_ALLOW_USE_UNSECURE_NODE_VERSION=true environment variable. For more information see: https://github.blog/changelog/2025-09-19-deprecation-of-node-20-on-github-actions-runners/
aggregate-pretag	Run actions/checkout@v4	2026-08-04T07:01:05.9998630Z ##[group]Run actions/checkout@v4
aggregate-pretag	Run actions/checkout@v4	2026-08-04T07:01:05.9998930Z with:
aggregate-pretag	Run actions/checkout@v4	2026-08-04T07:01:05.9999080Z   fetch-depth: 0
aggregate-pretag	Run actions/checkout@v4	2026-08-04T07:01:05.9999290Z   repository: AutoByteus/autobyteus-voice-runtime
aggregate-pretag	Run actions/checkout@v4	2026-08-04T07:01:06.0001250Z   token: ***
aggregate-pretag	Run actions/checkout@v4	2026-08-04T07:01:06.0001400Z   ssh-strict: true
aggregate-pretag	Run actions/checkout@v4	2026-08-04T07:01:06.0001560Z   ssh-user: git
aggregate-pretag	Run actions/checkout@v4	2026-08-04T07:01:06.0001730Z   persist-credentials: true
aggregate-pretag	Run actions/checkout@v4	2026-08-04T07:01:06.0001910Z   clean: true
aggregate-pretag	Run actions/checkout@v4	2026-08-04T07:01:06.0002080Z   sparse-checkout-cone-mode: true
aggregate-pretag	Run actions/checkout@v4	2026-08-04T07:01:06.0002300Z   fetch-tags: false
aggregate-pretag	Run actions/checkout@v4	2026-08-04T07:01:06.0002480Z   show-progress: true
aggregate-pretag	Run actions/checkout@v4	2026-08-04T07:01:06.0002650Z   lfs: false
aggregate-pretag	Run actions/checkout@v4	2026-08-04T07:01:06.0002790Z   submodules: false
aggregate-pretag	Run actions/checkout@v4	2026-08-04T07:01:06.0003000Z   set-safe-directory: true
aggregate-pretag	Run actions/checkout@v4	2026-08-04T07:01:06.0003200Z   allow-unsafe-pr-checkout: false
aggregate-pretag	Run actions/checkout@v4	2026-08-04T07:01:06.0003540Z env:
aggregate-pretag	Run actions/checkout@v4	2026-08-04T07:01:06.0003710Z   VOICE_RELEASE_TAG_INPUT: v1.0.0
aggregate-pretag	Run actions/checkout@v4	2026-08-04T07:01:06.0003920Z   VOICE_RUNTIME_VERSION_INPUT: 1.0.0
aggregate-pretag	Run actions/checkout@v4	2026-08-04T07:01:06.0004140Z   VOICE_QUALIFICATION_RUN_ID_INPUT: 
aggregate-pretag	Run actions/checkout@v4	2026-08-04T07:01:06.0004340Z ##[endgroup]
aggregate-pretag	Run actions/checkout@v4	2026-08-04T07:01:06.1055140Z Syncing repository: AutoByteus/autobyteus-voice-runtime
aggregate-pretag	Run actions/checkout@v4	2026-08-04T07:01:06.1056580Z ##[group]Getting Git version info
aggregate-pretag	Run actions/checkout@v4	2026-08-04T07:01:06.1057260Z Working directory is '/private/tmp/autobyteus-actions-runner-voice-v2.336.0-20260804-retry2/_work/autobyteus-voice-runtime/autobyteus-voice-runtime'
aggregate-pretag	Run actions/checkout@v4	2026-08-04T07:01:06.1058130Z [command]/usr/bin/git version
aggregate-pretag	Run actions/checkout@v4	2026-08-04T07:01:06.1211410Z git version 2.50.1 (Apple Git-155)
aggregate-pretag	Run actions/checkout@v4	2026-08-04T07:01:06.1220940Z ##[endgroup]
aggregate-pretag	Run actions/checkout@v4	2026-08-04T07:01:06.1229080Z Temporarily overriding HOME='/private/tmp/autobyteus-actions-runner-voice-v2.336.0-20260804-retry2/_work/_temp/58a1a261-8b78-40cb-9564-acfd3092156f' before making global git config changes
aggregate-pretag	Run actions/checkout@v4	2026-08-04T07:01:06.1230060Z Adding repository directory to the temporary git global config as a safe directory
aggregate-pretag	Run actions/checkout@v4	2026-08-04T07:01:06.1233600Z [command]/usr/bin/git config --global --add safe.directory /private/tmp/autobyteus-actions-runner-voice-v2.336.0-20260804-retry2/_work/autobyteus-voice-runtime/autobyteus-voice-runtime
aggregate-pretag	Run actions/checkout@v4	2026-08-04T07:01:06.2198910Z [command]/usr/bin/git config --local --get remote.origin.url
aggregate-pretag	Run actions/checkout@v4	2026-08-04T07:01:06.2450400Z https://github.com/AutoByteus/autobyteus-voice-runtime
aggregate-pretag	Run actions/checkout@v4	2026-08-04T07:01:06.2461670Z ##[group]Removing previously created refs, to avoid conflicts
aggregate-pretag	Run actions/checkout@v4	2026-08-04T07:01:06.2464930Z [command]/usr/bin/git rev-parse --symbolic-full-name --verify --quiet HEAD
aggregate-pretag	Run actions/checkout@v4	2026-08-04T07:01:06.2652620Z refs/heads/main
aggregate-pretag	Run actions/checkout@v4	2026-08-04T07:01:06.2661080Z [command]/usr/bin/git checkout --detach
aggregate-pretag	Run actions/checkout@v4	2026-08-04T07:01:06.2984720Z HEAD is now at 5932090 Merge voice runtime post-archive release fix
aggregate-pretag	Run actions/checkout@v4	2026-08-04T07:01:06.3188220Z [command]/usr/bin/git branch --delete --force main
aggregate-pretag	Run actions/checkout@v4	2026-08-04T07:01:06.3394480Z Deleted branch main (was 5932090).
aggregate-pretag	Run actions/checkout@v4	2026-08-04T07:01:06.3614430Z ##[endgroup]
aggregate-pretag	Run actions/checkout@v4	2026-08-04T07:01:06.3619140Z [command]/usr/bin/git submodule status
aggregate-pretag	Run actions/checkout@v4	2026-08-04T07:01:06.4712750Z ##[group]Cleaning the repository
aggregate-pretag	Run actions/checkout@v4	2026-08-04T07:01:06.4715830Z [command]/usr/bin/git clean -ffdx
aggregate-pretag	Run actions/checkout@v4	2026-08-04T07:01:06.9144780Z Removing node_modules/
aggregate-pretag	Run actions/checkout@v4	2026-08-04T07:01:06.9145200Z Removing out/
aggregate-pretag	Run actions/checkout@v4	2026-08-04T07:01:06.9145480Z Removing providers/english-faster-whisper/__pycache__/
aggregate-pretag	Run actions/checkout@v4	2026-08-04T07:01:06.9145870Z Removing providers/english-mlx/__pycache__/
aggregate-pretag	Run actions/checkout@v4	2026-08-04T07:01:06.9146280Z Removing providers/python/autobyteus_voice_provider/__pycache__/
aggregate-pretag	Run actions/checkout@v4	2026-08-04T07:01:06.9146680Z Removing tests/providers/__pycache__/
aggregate-pretag	Run actions/checkout@v4	2026-08-04T07:01:06.9155480Z [command]/usr/bin/git reset --hard HEAD
aggregate-pretag	Run actions/checkout@v4	2026-08-04T07:01:06.9426130Z HEAD is now at 5932090 Merge voice runtime post-archive release fix
aggregate-pretag	Run actions/checkout@v4	2026-08-04T07:01:06.9430590Z ##[endgroup]
aggregate-pretag	Run actions/checkout@v4	2026-08-04T07:01:06.9434300Z ##[group]Disabling automatic garbage collection
aggregate-pretag	Run actions/checkout@v4	2026-08-04T07:01:06.9438210Z [command]/usr/bin/git config --local gc.auto 0
aggregate-pretag	Run actions/checkout@v4	2026-08-04T07:01:06.9628610Z ##[endgroup]
aggregate-pretag	Run actions/checkout@v4	2026-08-04T07:01:06.9629010Z ##[group]Setting up auth
aggregate-pretag	Run actions/checkout@v4	2026-08-04T07:01:06.9634420Z [command]/usr/bin/git config --local --name-only --get-regexp core\.sshCommand
aggregate-pretag	Run actions/checkout@v4	2026-08-04T07:01:06.9854260Z [command]/usr/bin/git submodule foreach --recursive sh -c "git config --local --name-only --get-regexp 'core\.sshCommand' && git config --local --unset-all 'core.sshCommand' || :"
aggregate-pretag	Run actions/checkout@v4	2026-08-04T07:01:07.0976900Z [command]/usr/bin/git config --local --name-only --get-regexp http\.https\:\/\/github\.com\/\.extraheader
aggregate-pretag	Run actions/checkout@v4	2026-08-04T07:01:07.1199560Z [command]/usr/bin/git submodule foreach --recursive sh -c "git config --local --name-only --get-regexp 'http\.https\:\/\/github\.com\/\.extraheader' && git config --local --unset-all 'http.https://github.com/.extraheader' || :"
aggregate-pretag	Run actions/checkout@v4	2026-08-04T07:01:07.2443450Z [command]/usr/bin/git config --local --name-only --get-regexp ^includeIf\.gitdir:
aggregate-pretag	Run actions/checkout@v4	2026-08-04T07:01:07.2639240Z [command]/usr/bin/git submodule foreach --recursive git config --local --show-origin --name-only --get-regexp remote.origin.url
aggregate-pretag	Run actions/checkout@v4	2026-08-04T07:01:07.3762950Z [command]/usr/bin/git config --local http.https://github.com/.extraheader AUTHORIZATION: basic ***
aggregate-pretag	Run actions/checkout@v4	2026-08-04T07:01:07.3967430Z ##[endgroup]
aggregate-pretag	Run actions/checkout@v4	2026-08-04T07:01:07.3967980Z ##[group]Fetching the repository
aggregate-pretag	Run actions/checkout@v4	2026-08-04T07:01:07.3973780Z [command]/usr/bin/git -c protocol.version=2 fetch --prune --no-recurse-submodules origin +refs/heads/*:refs/remotes/origin/* +refs/tags/*:refs/tags/*
aggregate-pretag	Run actions/checkout@v4	2026-08-04T07:01:07.8937720Z [command]/usr/bin/git branch --list --remote origin/main
aggregate-pretag	Run actions/checkout@v4	2026-08-04T07:01:07.9129090Z   origin/main
aggregate-pretag	Run actions/checkout@v4	2026-08-04T07:01:07.9138630Z [command]/usr/bin/git rev-parse refs/remotes/origin/main
aggregate-pretag	Run actions/checkout@v4	2026-08-04T07:01:07.9315820Z 5932090580d106648fa64375c7d8bd9ec2e23bff
aggregate-pretag	Run actions/checkout@v4	2026-08-04T07:01:07.9319960Z ##[endgroup]
aggregate-pretag	Run actions/checkout@v4	2026-08-04T07:01:07.9320560Z ##[group]Determining the checkout info
aggregate-pretag	Run actions/checkout@v4	2026-08-04T07:01:07.9321260Z ##[endgroup]
aggregate-pretag	Run actions/checkout@v4	2026-08-04T07:01:07.9324990Z [command]/usr/bin/git sparse-checkout disable
aggregate-pretag	Run actions/checkout@v4	2026-08-04T07:01:07.9643570Z [command]/usr/bin/git config --local --unset-all extensions.worktreeConfig
aggregate-pretag	Run actions/checkout@v4	2026-08-04T07:01:07.9830500Z ##[group]Checking out the ref
aggregate-pretag	Run actions/checkout@v4	2026-08-04T07:01:07.9834470Z [command]/usr/bin/git checkout --progress --force -B main refs/remotes/origin/main
aggregate-pretag	Run actions/checkout@v4	2026-08-04T07:01:08.0127800Z Switched to a new branch 'main'
aggregate-pretag	Run actions/checkout@v4	2026-08-04T07:01:08.0133620Z branch 'main' set up to track 'origin/main'.
aggregate-pretag	Run actions/checkout@v4	2026-08-04T07:01:08.0139970Z ##[endgroup]
aggregate-pretag	Run actions/checkout@v4	2026-08-04T07:01:08.0348700Z [command]/usr/bin/git log -1 --format=%H
aggregate-pretag	Run actions/checkout@v4	2026-08-04T07:01:08.0543640Z 5932090580d106648fa64375c7d8bd9ec2e23bff
aggregate-pretag	Run actions/download-artifact@v4	﻿2026-08-04T07:01:08.0702420Z Node 20 is being deprecated. This workflow is running with Node 24 by default. If you need to temporarily use Node 20, you can set the ACTIONS_ALLOW_USE_UNSECURE_NODE_VERSION=true environment variable. For more information see: https://github.blog/changelog/2025-09-19-deprecation-of-node-20-on-github-actions-runners/
aggregate-pretag	Run actions/download-artifact@v4	2026-08-04T07:01:08.0703740Z ##[group]Run actions/download-artifact@v4
aggregate-pretag	Run actions/download-artifact@v4	2026-08-04T07:01:08.0703950Z with:
aggregate-pretag	Run actions/download-artifact@v4	2026-08-04T07:01:08.0704090Z   pattern: qualified-*
aggregate-pretag	Run actions/download-artifact@v4	2026-08-04T07:01:08.0704280Z   path: bundle
aggregate-pretag	Run actions/download-artifact@v4	2026-08-04T07:01:08.0704430Z   merge-multiple: true
aggregate-pretag	Run actions/download-artifact@v4	2026-08-04T07:01:08.0704610Z   repository: AutoByteus/autobyteus-voice-runtime
aggregate-pretag	Run actions/download-artifact@v4	2026-08-04T07:01:08.0704830Z   run-id: 30883225852
aggregate-pretag	Run actions/download-artifact@v4	2026-08-04T07:01:08.0704960Z env:
aggregate-pretag	Run actions/download-artifact@v4	2026-08-04T07:01:08.0705080Z   VOICE_RELEASE_TAG_INPUT: v1.0.0
aggregate-pretag	Run actions/download-artifact@v4	2026-08-04T07:01:08.0705290Z   VOICE_RUNTIME_VERSION_INPUT: 1.0.0
aggregate-pretag	Run actions/download-artifact@v4	2026-08-04T07:01:08.0705500Z   VOICE_QUALIFICATION_RUN_ID_INPUT: 
aggregate-pretag	Run actions/download-artifact@v4	2026-08-04T07:01:08.0705720Z ##[endgroup]
aggregate-pretag	Run actions/download-artifact@v4	2026-08-04T07:01:08.2114090Z (node:36194) [DEP0040] DeprecationWarning: The `punycode` module is deprecated. Please use a userland alternative instead.
aggregate-pretag	Run actions/download-artifact@v4	2026-08-04T07:01:08.6208030Z (Use `node --trace-deprecation ...` to show where the warning was created)
aggregate-pretag	Run actions/download-artifact@v4	2026-08-04T07:01:08.6222450Z Found 2 artifact(s)
aggregate-pretag	Run actions/download-artifact@v4	2026-08-04T07:01:08.6223400Z Filtering artifacts by pattern 'qualified-*'
aggregate-pretag	Run actions/download-artifact@v4	2026-08-04T07:01:08.6240730Z Preparing to download the following artifacts:
aggregate-pretag	Run actions/download-artifact@v4	2026-08-04T07:01:08.6241420Z - qualified-chinese-darwin-arm64 (ID: 8883129087, Size: 2509784418, Expected Digest: sha256:20e832de6a065082fee43e3fee40399e527c938336b1e0fade6ea155b77f27fc)
aggregate-pretag	Run actions/download-artifact@v4	2026-08-04T07:01:08.6242360Z - qualified-english-darwin-arm64 (ID: 8882491942, Size: 1346202479, Expected Digest: sha256:35d3904d8b77e5cf427e0a8ee2872186db5b63526135ac6372f535a3c80b3274)
aggregate-pretag	Run actions/download-artifact@v4	2026-08-04T07:01:09.0051130Z Redirecting to blob download url: https://productionresultssa8.blob.core.windows.net/actions-results/ed757f09-09b3-4bcc-87c6-2ae17cd8b264/workflow-job-run-9639cd7f-2aa0-5280-a679-877074a4ceb2/artifacts/113a5d7d61394b43cffd200efb78e83af789778da312e523f32409c1976182d4.zip
aggregate-pretag	Run actions/download-artifact@v4	2026-08-04T07:01:09.0052800Z Starting download of artifact to: /private/tmp/autobyteus-actions-runner-voice-v2.336.0-20260804-retry2/_work/autobyteus-voice-runtime/autobyteus-voice-runtime/bundle
aggregate-pretag	Run actions/download-artifact@v4	2026-08-04T07:01:09.1720970Z Redirecting to blob download url: https://productionresultssa8.blob.core.windows.net/actions-results/ed757f09-09b3-4bcc-87c6-2ae17cd8b264/workflow-job-run-ecf30bdc-8ee7-5360-85a3-d992305057b6/artifacts/3e9c8b094817110a3f9f05e65249772be7855e87bbc5e108f20bd608a78e22d5.zip
aggregate-pretag	Run actions/download-artifact@v4	2026-08-04T07:01:09.1722630Z Starting download of artifact to: /private/tmp/autobyteus-actions-runner-voice-v2.336.0-20260804-retry2/_work/autobyteus-voice-runtime/autobyteus-voice-runtime/bundle
aggregate-pretag	Run actions/download-artifact@v4	2026-08-04T07:01:09.5762720Z (node:36194) [DEP0005] DeprecationWarning: Buffer() is deprecated due to security and usability issues. Please use the Buffer.alloc(), Buffer.allocUnsafe(), or Buffer.from() methods instead.
aggregate-pretag	Retain qualification audit on pass, fail, or block	﻿2026-08-04T07:05:52.0611140Z Node 20 is being deprecated. This workflow is running with Node 24 by default. If you need to temporarily use Node 20, you can set the ACTIONS_ALLOW_USE_UNSECURE_NODE_VERSION=true environment variable. For more information see: https://github.blog/changelog/2025-09-19-deprecation-of-node-20-on-github-actions-runners/
aggregate-pretag	Retain qualification audit on pass, fail, or block	2026-08-04T07:05:52.0612210Z ##[group]Run actions/upload-artifact@v4
aggregate-pretag	Retain qualification audit on pass, fail, or block	2026-08-04T07:05:52.0612410Z with:
aggregate-pretag	Retain qualification audit on pass, fail, or block	2026-08-04T07:05:52.0612580Z   name: qualification-audit-v1.0.0
aggregate-pretag	Retain qualification audit on pass, fail, or block	2026-08-04T07:05:52.0612810Z   path: bundle/
aggregate-pretag	Retain qualification audit on pass, fail, or block	2026-08-04T07:05:52.0612980Z   if-no-files-found: error
aggregate-pretag	Retain qualification audit on pass, fail, or block	2026-08-04T07:05:52.0613190Z   retention-days: 30
aggregate-pretag	Retain qualification audit on pass, fail, or block	2026-08-04T07:05:52.0613360Z   compression-level: 0
aggregate-pretag	Retain qualification audit on pass, fail, or block	2026-08-04T07:05:52.0613520Z   overwrite: false
aggregate-pretag	Retain qualification audit on pass, fail, or block	2026-08-04T07:05:52.0613690Z   include-hidden-files: false
aggregate-pretag	Retain qualification audit on pass, fail, or block	2026-08-04T07:05:52.0613870Z env:
aggregate-pretag	Retain qualification audit on pass, fail, or block	2026-08-04T07:05:52.0614010Z   VOICE_RELEASE_TAG_INPUT: v1.0.0
aggregate-pretag	Retain qualification audit on pass, fail, or block	2026-08-04T07:05:52.0614200Z   VOICE_RUNTIME_VERSION_INPUT: 1.0.0
aggregate-pretag	Retain qualification audit on pass, fail, or block	2026-08-04T07:05:52.0614410Z   VOICE_QUALIFICATION_RUN_ID_INPUT: 
aggregate-pretag	Retain qualification audit on pass, fail, or block	2026-08-04T07:05:52.0614630Z ##[endgroup]
aggregate-pretag	Retain qualification audit on pass, fail, or block	2026-08-04T07:05:52.1056680Z ##[error]The operation was canceled.
aggregate-pretag	Complete job	﻿2026-08-04T07:05:52.1129720Z Cleaning up orphan processes
aggregate-pretag	Complete job	2026-08-04T07:05:53.0245730Z ##[warning]Node.js 20 is deprecated. The following actions target Node.js 20 but are being forced to run on Node.js 24: actions/checkout@v4, actions/download-artifact@v4, actions/upload-artifact@v4. For more information see: https://github.blog/changelog/2025-09-19-deprecation-of-node-20-on-github-actions-runners/
