current-release-matrix	Set up job	﻿2026-08-04T05:37:29.9347030Z Current runner version: '2.336.0'
current-release-matrix	Set up job	2026-08-04T05:37:29.9352410Z Runner name: 'voice-m1-max-20260804'
current-release-matrix	Set up job	2026-08-04T05:37:29.9352870Z Runner group name: 'Default'
current-release-matrix	Set up job	2026-08-04T05:37:29.9353490Z Machine name: 'MacBookPro'
current-release-matrix	Set up job	2026-08-04T05:37:29.9355590Z ##[group]GITHUB_TOKEN Permissions
current-release-matrix	Set up job	2026-08-04T05:37:29.9356910Z Actions: read
current-release-matrix	Set up job	2026-08-04T05:37:29.9357230Z Contents: write
current-release-matrix	Set up job	2026-08-04T05:37:29.9357550Z Metadata: read
current-release-matrix	Set up job	2026-08-04T05:37:29.9357860Z ##[endgroup]
current-release-matrix	Set up job	2026-08-04T05:37:29.9359220Z Secret source: Actions
current-release-matrix	Set up job	2026-08-04T05:37:29.9361760Z Prepare workflow directory
current-release-matrix	Set up job	2026-08-04T05:37:29.9877040Z Prepare all required actions
current-release-matrix	Set up job	2026-08-04T05:37:29.9911680Z Getting action download info
current-release-matrix	Set up job	2026-08-04T05:37:30.6035580Z Download action repository 'actions/checkout@v4' (SHA:11d5960a326750d5838078e36cf38b85af677262)
current-release-matrix	Set up job	2026-08-04T05:37:31.2717080Z Complete job name: current-release-matrix
current-release-matrix	Run actions/checkout@v4	﻿2026-08-04T05:37:31.3193270Z Node 20 is being deprecated. This workflow is running with Node 24 by default. If you need to temporarily use Node 20, you can set the ACTIONS_ALLOW_USE_UNSECURE_NODE_VERSION=true environment variable. For more information see: https://github.blog/changelog/2025-09-19-deprecation-of-node-20-on-github-actions-runners/
current-release-matrix	Run actions/checkout@v4	2026-08-04T05:37:31.3201510Z ##[group]Run actions/checkout@v4
current-release-matrix	Run actions/checkout@v4	2026-08-04T05:37:31.3202050Z with:
current-release-matrix	Run actions/checkout@v4	2026-08-04T05:37:31.3202410Z   repository: AutoByteus/autobyteus-voice-runtime
current-release-matrix	Run actions/checkout@v4	2026-08-04T05:37:31.3205240Z   token: ***
current-release-matrix	Run actions/checkout@v4	2026-08-04T05:37:31.3205550Z   ssh-strict: true
current-release-matrix	Run actions/checkout@v4	2026-08-04T05:37:31.3205860Z   ssh-user: git
current-release-matrix	Run actions/checkout@v4	2026-08-04T05:37:31.3206180Z   persist-credentials: true
current-release-matrix	Run actions/checkout@v4	2026-08-04T05:37:31.3206530Z   clean: true
current-release-matrix	Run actions/checkout@v4	2026-08-04T05:37:31.3206850Z   sparse-checkout-cone-mode: true
current-release-matrix	Run actions/checkout@v4	2026-08-04T05:37:31.3207230Z   fetch-depth: 1
current-release-matrix	Run actions/checkout@v4	2026-08-04T05:37:31.3207540Z   fetch-tags: false
current-release-matrix	Run actions/checkout@v4	2026-08-04T05:37:31.3207860Z   show-progress: true
current-release-matrix	Run actions/checkout@v4	2026-08-04T05:37:31.3208180Z   lfs: false
current-release-matrix	Run actions/checkout@v4	2026-08-04T05:37:31.3208480Z   submodules: false
current-release-matrix	Run actions/checkout@v4	2026-08-04T05:37:31.3208840Z   set-safe-directory: true
current-release-matrix	Run actions/checkout@v4	2026-08-04T05:37:31.3209210Z   allow-unsafe-pr-checkout: false
current-release-matrix	Run actions/checkout@v4	2026-08-04T05:37:31.3209680Z env:
current-release-matrix	Run actions/checkout@v4	2026-08-04T05:37:31.3209990Z   VOICE_RELEASE_TAG_INPUT: v1.0.0
current-release-matrix	Run actions/checkout@v4	2026-08-04T05:37:31.3210360Z   VOICE_RUNTIME_VERSION_INPUT: 1.0.0
current-release-matrix	Run actions/checkout@v4	2026-08-04T05:37:31.3210740Z   VOICE_QUALIFICATION_RUN_ID_INPUT: 
current-release-matrix	Run actions/checkout@v4	2026-08-04T05:37:31.3211090Z ##[endgroup]
current-release-matrix	Run actions/checkout@v4	2026-08-04T05:37:32.6396820Z Syncing repository: AutoByteus/autobyteus-voice-runtime
current-release-matrix	Run actions/checkout@v4	2026-08-04T05:37:32.6398590Z ##[group]Getting Git version info
current-release-matrix	Run actions/checkout@v4	2026-08-04T05:37:32.6399920Z Working directory is '/private/tmp/autobyteus-actions-runner-voice-v2.336.0-20260804/_work/autobyteus-voice-runtime/autobyteus-voice-runtime'
current-release-matrix	Run actions/checkout@v4	2026-08-04T05:37:32.6401780Z [command]/usr/bin/git version
current-release-matrix	Run actions/checkout@v4	2026-08-04T05:37:32.6545570Z git version 2.50.1 (Apple Git-155)
current-release-matrix	Run actions/checkout@v4	2026-08-04T05:37:32.6556150Z ##[endgroup]
current-release-matrix	Run actions/checkout@v4	2026-08-04T05:37:32.6569090Z Temporarily overriding HOME='/private/tmp/autobyteus-actions-runner-voice-v2.336.0-20260804/_work/_temp/1ca67d5f-e8ae-4aa8-9eab-a112678bce65' before making global git config changes
current-release-matrix	Run actions/checkout@v4	2026-08-04T05:37:32.6572010Z Adding repository directory to the temporary git global config as a safe directory
current-release-matrix	Run actions/checkout@v4	2026-08-04T05:37:32.6574420Z [command]/usr/bin/git config --global --add safe.directory /private/tmp/autobyteus-actions-runner-voice-v2.336.0-20260804/_work/autobyteus-voice-runtime/autobyteus-voice-runtime
current-release-matrix	Run actions/checkout@v4	2026-08-04T05:37:32.9791690Z Deleting the contents of '/private/tmp/autobyteus-actions-runner-voice-v2.336.0-20260804/_work/autobyteus-voice-runtime/autobyteus-voice-runtime'
current-release-matrix	Run actions/checkout@v4	2026-08-04T05:37:32.9795830Z ##[group]Initializing the repository
current-release-matrix	Run actions/checkout@v4	2026-08-04T05:37:32.9800890Z [command]/usr/bin/git init /private/tmp/autobyteus-actions-runner-voice-v2.336.0-20260804/_work/autobyteus-voice-runtime/autobyteus-voice-runtime
current-release-matrix	Run actions/checkout@v4	2026-08-04T05:37:33.0059880Z Initialized empty Git repository in /private/tmp/autobyteus-actions-runner-voice-v2.336.0-20260804/_work/autobyteus-voice-runtime/autobyteus-voice-runtime/.git/
current-release-matrix	Run actions/checkout@v4	2026-08-04T05:37:33.0070350Z [command]/usr/bin/git remote add origin https://github.com/AutoByteus/autobyteus-voice-runtime
current-release-matrix	Run actions/checkout@v4	2026-08-04T05:37:33.0260630Z ##[endgroup]
current-release-matrix	Run actions/checkout@v4	2026-08-04T05:37:33.0262040Z ##[group]Disabling automatic garbage collection
current-release-matrix	Run actions/checkout@v4	2026-08-04T05:37:33.0263440Z [command]/usr/bin/git config --local gc.auto 0
current-release-matrix	Run actions/checkout@v4	2026-08-04T05:37:33.0434720Z ##[endgroup]
current-release-matrix	Run actions/checkout@v4	2026-08-04T05:37:33.0435640Z ##[group]Setting up auth
current-release-matrix	Run actions/checkout@v4	2026-08-04T05:37:33.0440400Z [command]/usr/bin/git config --local --name-only --get-regexp core\.sshCommand
current-release-matrix	Run actions/checkout@v4	2026-08-04T05:37:33.0638620Z [command]/usr/bin/git submodule foreach --recursive sh -c "git config --local --name-only --get-regexp 'core\.sshCommand' && git config --local --unset-all 'core.sshCommand' || :"
current-release-matrix	Run actions/checkout@v4	2026-08-04T05:37:33.2759690Z [command]/usr/bin/git config --local --name-only --get-regexp http\.https\:\/\/github\.com\/\.extraheader
current-release-matrix	Run actions/checkout@v4	2026-08-04T05:37:33.2946460Z [command]/usr/bin/git submodule foreach --recursive sh -c "git config --local --name-only --get-regexp 'http\.https\:\/\/github\.com\/\.extraheader' && git config --local --unset-all 'http.https://github.com/.extraheader' || :"
current-release-matrix	Run actions/checkout@v4	2026-08-04T05:37:33.4000240Z [command]/usr/bin/git config --local --name-only --get-regexp ^includeIf\.gitdir:
current-release-matrix	Run actions/checkout@v4	2026-08-04T05:37:33.4181430Z [command]/usr/bin/git submodule foreach --recursive git config --local --show-origin --name-only --get-regexp remote.origin.url
current-release-matrix	Run actions/checkout@v4	2026-08-04T05:37:33.5341420Z [command]/usr/bin/git config --local http.https://github.com/.extraheader AUTHORIZATION: basic ***
current-release-matrix	Run actions/checkout@v4	2026-08-04T05:37:33.5529110Z ##[endgroup]
current-release-matrix	Run actions/checkout@v4	2026-08-04T05:37:33.5531470Z ##[group]Fetching the repository
current-release-matrix	Run actions/checkout@v4	2026-08-04T05:37:33.5539760Z [command]/usr/bin/git -c protocol.version=2 fetch --no-tags --prune --no-recurse-submodules --depth=1 origin +a890d22031359f53d94c7c67bf183344fb35d904:refs/remotes/origin/main
current-release-matrix	Run actions/checkout@v4	2026-08-04T05:37:34.7752020Z From https://github.com/AutoByteus/autobyteus-voice-runtime
current-release-matrix	Run actions/checkout@v4	2026-08-04T05:37:34.7752770Z  * [new ref]         a890d22031359f53d94c7c67bf183344fb35d904 -> origin/main
current-release-matrix	Run actions/checkout@v4	2026-08-04T05:37:34.7835590Z ##[endgroup]
current-release-matrix	Run actions/checkout@v4	2026-08-04T05:37:34.7836290Z ##[group]Determining the checkout info
current-release-matrix	Run actions/checkout@v4	2026-08-04T05:37:34.7836800Z ##[endgroup]
current-release-matrix	Run actions/checkout@v4	2026-08-04T05:37:34.7847720Z [command]/usr/bin/git sparse-checkout disable
current-release-matrix	Run actions/checkout@v4	2026-08-04T05:37:34.8051930Z [command]/usr/bin/git config --local --unset-all extensions.worktreeConfig
current-release-matrix	Run actions/checkout@v4	2026-08-04T05:37:34.8233790Z ##[group]Checking out the ref
current-release-matrix	Run actions/checkout@v4	2026-08-04T05:37:34.8238070Z [command]/usr/bin/git checkout --progress --force -B main refs/remotes/origin/main
current-release-matrix	Run actions/checkout@v4	2026-08-04T05:37:35.0358730Z Reset branch 'main'
current-release-matrix	Run actions/checkout@v4	2026-08-04T05:37:35.0363660Z branch 'main' set up to track 'origin/main'.
current-release-matrix	Run actions/checkout@v4	2026-08-04T05:37:35.0372190Z ##[endgroup]
current-release-matrix	Run actions/checkout@v4	2026-08-04T05:37:35.0574680Z [command]/usr/bin/git log -1 --format=%H
current-release-matrix	Run actions/checkout@v4	2026-08-04T05:37:35.0763280Z a890d22031359f53d94c7c67bf183344fb35d904
current-release-matrix	Run node -e 'const v=process.argv[1],t=process.argv[2];if(!/^[0-9]+\.[0-9]+\.[0-9]+$/.test(v)||t!==`v${v}`)process.exit(1)' \	﻿2026-08-04T05:37:35.0933550Z ##[group]Run node -e 'const v=process.argv[1],t=process.argv[2];if(!/^[0-9]+\.[0-9]+\.[0-9]+$/.test(v)||t!==`v${v}`)process.exit(1)' \
current-release-matrix	Run node -e 'const v=process.argv[1],t=process.argv[2];if(!/^[0-9]+\.[0-9]+\.[0-9]+$/.test(v)||t!==`v${v}`)process.exit(1)' \	2026-08-04T05:37:35.0934240Z [36;1mnode -e 'const v=process.argv[1],t=process.argv[2];if(!/^[0-9]+\.[0-9]+\.[0-9]+$/.test(v)||t!==`v${v}`)process.exit(1)' \[0m
current-release-matrix	Run node -e 'const v=process.argv[1],t=process.argv[2];if(!/^[0-9]+\.[0-9]+\.[0-9]+$/.test(v)||t!==`v${v}`)process.exit(1)' \	2026-08-04T05:37:35.0934690Z [36;1m  "$VOICE_RUNTIME_VERSION_INPUT" "$VOICE_RELEASE_TAG_INPUT"[0m
current-release-matrix	Run node -e 'const v=process.argv[1],t=process.argv[2];if(!/^[0-9]+\.[0-9]+\.[0-9]+$/.test(v)||t!==`v${v}`)process.exit(1)' \	2026-08-04T05:37:35.0935010Z [36;1mnode - <<'NODE' >> "$GITHUB_OUTPUT"[0m
current-release-matrix	Run node -e 'const v=process.argv[1],t=process.argv[2];if(!/^[0-9]+\.[0-9]+\.[0-9]+$/.test(v)||t!==`v${v}`)process.exit(1)' \	2026-08-04T05:37:35.0935310Z [36;1mconst fs=require('fs'),crypto=require('crypto');[0m
current-release-matrix	Run node -e 'const v=process.argv[1],t=process.argv[2];if(!/^[0-9]+\.[0-9]+\.[0-9]+$/.test(v)||t!==`v${v}`)process.exit(1)' \	2026-08-04T05:37:35.0935640Z [36;1mconst file='contracts/catalog/current-release-matrix-v1.json';[0m
current-release-matrix	Run node -e 'const v=process.argv[1],t=process.argv[2];if(!/^[0-9]+\.[0-9]+\.[0-9]+$/.test(v)||t!==`v${v}`)process.exit(1)' \	2026-08-04T05:37:35.0936020Z [36;1mconst bytes=fs.readFileSync(file), value=JSON.parse(bytes);[0m
current-release-matrix	Run node -e 'const v=process.argv[1],t=process.argv[2];if(!/^[0-9]+\.[0-9]+\.[0-9]+$/.test(v)||t!==`v${v}`)process.exit(1)' \	2026-08-04T05:37:35.0936580Z [36;1mconst include=value.entries.map(({profileId,platform,architecture})=>({profile:profileId,target:`${platform}-${architecture}`}));[0m
current-release-matrix	Run node -e 'const v=process.argv[1],t=process.argv[2];if(!/^[0-9]+\.[0-9]+\.[0-9]+$/.test(v)||t!==`v${v}`)process.exit(1)' \	2026-08-04T05:37:35.0937090Z [36;1mconsole.log(`build=${JSON.stringify({include})}`);[0m
current-release-matrix	Run node -e 'const v=process.argv[1],t=process.argv[2];if(!/^[0-9]+\.[0-9]+\.[0-9]+$/.test(v)||t!==`v${v}`)process.exit(1)' \	2026-08-04T05:37:35.0937520Z [36;1mconsole.log(`digest=${crypto.createHash('sha256').update(bytes).digest('hex')}`);[0m
current-release-matrix	Run node -e 'const v=process.argv[1],t=process.argv[2];if(!/^[0-9]+\.[0-9]+\.[0-9]+$/.test(v)||t!==`v${v}`)process.exit(1)' \	2026-08-04T05:37:35.0937870Z [36;1mNODE[0m
current-release-matrix	Run node -e 'const v=process.argv[1],t=process.argv[2];if(!/^[0-9]+\.[0-9]+\.[0-9]+$/.test(v)||t!==`v${v}`)process.exit(1)' \	2026-08-04T05:37:35.0978820Z shell: /bin/bash --noprofile --norc -e -o pipefail {0}
current-release-matrix	Run node -e 'const v=process.argv[1],t=process.argv[2];if(!/^[0-9]+\.[0-9]+\.[0-9]+$/.test(v)||t!==`v${v}`)process.exit(1)' \	2026-08-04T05:37:35.0979100Z env:
current-release-matrix	Run node -e 'const v=process.argv[1],t=process.argv[2];if(!/^[0-9]+\.[0-9]+\.[0-9]+$/.test(v)||t!==`v${v}`)process.exit(1)' \	2026-08-04T05:37:35.0979260Z   VOICE_RELEASE_TAG_INPUT: v1.0.0
current-release-matrix	Run node -e 'const v=process.argv[1],t=process.argv[2];if(!/^[0-9]+\.[0-9]+\.[0-9]+$/.test(v)||t!==`v${v}`)process.exit(1)' \	2026-08-04T05:37:35.0979770Z   VOICE_RUNTIME_VERSION_INPUT: 1.0.0
current-release-matrix	Run node -e 'const v=process.argv[1],t=process.argv[2];if(!/^[0-9]+\.[0-9]+\.[0-9]+$/.test(v)||t!==`v${v}`)process.exit(1)' \	2026-08-04T05:37:35.0979970Z   VOICE_QUALIFICATION_RUN_ID_INPUT: 
current-release-matrix	Run node -e 'const v=process.argv[1],t=process.argv[2];if(!/^[0-9]+\.[0-9]+\.[0-9]+$/.test(v)||t!==`v${v}`)process.exit(1)' \	2026-08-04T05:37:35.0980170Z ##[endgroup]
current-release-matrix	Post Run actions/checkout@v4	﻿2026-08-04T05:37:35.2434140Z Node 20 is being deprecated. This workflow is running with Node 24 by default. If you need to temporarily use Node 20, you can set the ACTIONS_ALLOW_USE_UNSECURE_NODE_VERSION=true environment variable. For more information see: https://github.blog/changelog/2025-09-19-deprecation-of-node-20-on-github-actions-runners/
current-release-matrix	Post Run actions/checkout@v4	2026-08-04T05:37:35.2435340Z Post job cleanup.
current-release-matrix	Post Run actions/checkout@v4	2026-08-04T05:37:35.3251520Z [command]/usr/bin/git version
current-release-matrix	Post Run actions/checkout@v4	2026-08-04T05:37:35.3441220Z git version 2.50.1 (Apple Git-155)
current-release-matrix	Post Run actions/checkout@v4	2026-08-04T05:37:35.3471820Z Temporarily overriding HOME='/private/tmp/autobyteus-actions-runner-voice-v2.336.0-20260804/_work/_temp/f21a3366-f741-41e4-b042-ecdf196a57af' before making global git config changes
current-release-matrix	Post Run actions/checkout@v4	2026-08-04T05:37:35.3473070Z Adding repository directory to the temporary git global config as a safe directory
current-release-matrix	Post Run actions/checkout@v4	2026-08-04T05:37:35.3477220Z [command]/usr/bin/git config --global --add safe.directory /private/tmp/autobyteus-actions-runner-voice-v2.336.0-20260804/_work/autobyteus-voice-runtime/autobyteus-voice-runtime
current-release-matrix	Post Run actions/checkout@v4	2026-08-04T05:37:35.4351180Z [command]/usr/bin/git config --local --name-only --get-regexp core\.sshCommand
current-release-matrix	Post Run actions/checkout@v4	2026-08-04T05:37:35.4518910Z [command]/usr/bin/git submodule foreach --recursive sh -c "git config --local --name-only --get-regexp 'core\.sshCommand' && git config --local --unset-all 'core.sshCommand' || :"
current-release-matrix	Post Run actions/checkout@v4	2026-08-04T05:37:35.5644490Z [command]/usr/bin/git config --local --name-only --get-regexp http\.https\:\/\/github\.com\/\.extraheader
current-release-matrix	Post Run actions/checkout@v4	2026-08-04T05:37:35.5817800Z http.https://github.com/.extraheader
current-release-matrix	Post Run actions/checkout@v4	2026-08-04T05:37:35.5825800Z [command]/usr/bin/git config --local --unset-all http.https://github.com/.extraheader
current-release-matrix	Post Run actions/checkout@v4	2026-08-04T05:37:35.6009930Z [command]/usr/bin/git submodule foreach --recursive sh -c "git config --local --name-only --get-regexp 'http\.https\:\/\/github\.com\/\.extraheader' && git config --local --unset-all 'http.https://github.com/.extraheader' || :"
current-release-matrix	Post Run actions/checkout@v4	2026-08-04T05:37:35.7203950Z [command]/usr/bin/git config --local --name-only --get-regexp ^includeIf\.gitdir:
current-release-matrix	Post Run actions/checkout@v4	2026-08-04T05:37:35.7407590Z [command]/usr/bin/git submodule foreach --recursive git config --local --show-origin --name-only --get-regexp remote.origin.url
current-release-matrix	Complete job	﻿2026-08-04T05:37:35.8627590Z Evaluate and set job outputs
current-release-matrix	Complete job	2026-08-04T05:37:35.8632600Z Set output 'build'
current-release-matrix	Complete job	2026-08-04T05:37:35.8633730Z Set output 'digest'
current-release-matrix	Complete job	2026-08-04T05:37:35.8634130Z Cleaning up orphan processes
current-release-matrix	Complete job	2026-08-04T05:37:35.9041190Z ##[warning]Node.js 20 is deprecated. The following actions target Node.js 20 but are being forced to run on Node.js 24: actions/checkout@v4. For more information see: https://github.blog/changelog/2025-09-19-deprecation-of-node-20-on-github-actions-runners/
build-and-qualify (english, darwin-arm64)	Set up job	﻿2026-08-04T05:37:43.4296230Z Current runner version: '2.336.0'
build-and-qualify (english, darwin-arm64)	Set up job	2026-08-04T05:37:43.4302150Z Runner name: 'voice-m1-max-20260804'
build-and-qualify (english, darwin-arm64)	Set up job	2026-08-04T05:37:43.4302630Z Runner group name: 'Default'
build-and-qualify (english, darwin-arm64)	Set up job	2026-08-04T05:37:43.4303610Z Machine name: 'MacBookPro'
build-and-qualify (english, darwin-arm64)	Set up job	2026-08-04T05:37:43.4305990Z ##[group]GITHUB_TOKEN Permissions
build-and-qualify (english, darwin-arm64)	Set up job	2026-08-04T05:37:43.4307620Z Actions: read
build-and-qualify (english, darwin-arm64)	Set up job	2026-08-04T05:37:43.4307960Z Contents: write
build-and-qualify (english, darwin-arm64)	Set up job	2026-08-04T05:37:43.4308300Z Metadata: read
build-and-qualify (english, darwin-arm64)	Set up job	2026-08-04T05:37:43.4308630Z ##[endgroup]
build-and-qualify (english, darwin-arm64)	Set up job	2026-08-04T05:37:43.4310120Z Secret source: Actions
build-and-qualify (english, darwin-arm64)	Set up job	2026-08-04T05:37:43.4310740Z Prepare workflow directory
build-and-qualify (english, darwin-arm64)	Set up job	2026-08-04T05:37:43.4886480Z Prepare all required actions
build-and-qualify (english, darwin-arm64)	Set up job	2026-08-04T05:37:43.4921430Z Getting action download info
build-and-qualify (english, darwin-arm64)	Set up job	2026-08-04T05:37:44.1837340Z Download action repository 'actions/checkout@v4' (SHA:11d5960a326750d5838078e36cf38b85af677262)
build-and-qualify (english, darwin-arm64)	Set up job	2026-08-04T05:37:44.6375230Z Download action repository 'actions/upload-artifact@v4' (SHA:ea165f8d65b6e75b540449e92b4886f43607fa02)
build-and-qualify (english, darwin-arm64)	Set up job	2026-08-04T05:37:45.4215700Z Complete job name: build-and-qualify (english, darwin-arm64)
build-and-qualify (english, darwin-arm64)	Run actions/checkout@v4	﻿2026-08-04T05:37:45.4675590Z Node 20 is being deprecated. This workflow is running with Node 24 by default. If you need to temporarily use Node 20, you can set the ACTIONS_ALLOW_USE_UNSECURE_NODE_VERSION=true environment variable. For more information see: https://github.blog/changelog/2025-09-19-deprecation-of-node-20-on-github-actions-runners/
build-and-qualify (english, darwin-arm64)	Run actions/checkout@v4	2026-08-04T05:37:45.4681210Z ##[group]Run actions/checkout@v4
build-and-qualify (english, darwin-arm64)	Run actions/checkout@v4	2026-08-04T05:37:45.4681580Z with:
build-and-qualify (english, darwin-arm64)	Run actions/checkout@v4	2026-08-04T05:37:45.4681790Z   fetch-depth: 0
build-and-qualify (english, darwin-arm64)	Run actions/checkout@v4	2026-08-04T05:37:45.4682040Z   repository: AutoByteus/autobyteus-voice-runtime
build-and-qualify (english, darwin-arm64)	Run actions/checkout@v4	2026-08-04T05:37:45.4683970Z   token: ***
build-and-qualify (english, darwin-arm64)	Run actions/checkout@v4	2026-08-04T05:37:45.4684170Z   ssh-strict: true
build-and-qualify (english, darwin-arm64)	Run actions/checkout@v4	2026-08-04T05:37:45.4684390Z   ssh-user: git
build-and-qualify (english, darwin-arm64)	Run actions/checkout@v4	2026-08-04T05:37:45.4684600Z   persist-credentials: true
build-and-qualify (english, darwin-arm64)	Run actions/checkout@v4	2026-08-04T05:37:45.4684830Z   clean: true
build-and-qualify (english, darwin-arm64)	Run actions/checkout@v4	2026-08-04T05:37:45.4685050Z   sparse-checkout-cone-mode: true
build-and-qualify (english, darwin-arm64)	Run actions/checkout@v4	2026-08-04T05:37:45.4685300Z   fetch-tags: false
build-and-qualify (english, darwin-arm64)	Run actions/checkout@v4	2026-08-04T05:37:45.4685520Z   show-progress: true
build-and-qualify (english, darwin-arm64)	Run actions/checkout@v4	2026-08-04T05:37:45.4685730Z   lfs: false
build-and-qualify (english, darwin-arm64)	Run actions/checkout@v4	2026-08-04T05:37:45.4686900Z   submodules: false
build-and-qualify (english, darwin-arm64)	Run actions/checkout@v4	2026-08-04T05:37:45.4687240Z   set-safe-directory: true
build-and-qualify (english, darwin-arm64)	Run actions/checkout@v4	2026-08-04T05:37:45.4687510Z   allow-unsafe-pr-checkout: false
build-and-qualify (english, darwin-arm64)	Run actions/checkout@v4	2026-08-04T05:37:45.4687930Z env:
build-and-qualify (english, darwin-arm64)	Run actions/checkout@v4	2026-08-04T05:37:45.4688150Z   VOICE_RELEASE_TAG_INPUT: v1.0.0
build-and-qualify (english, darwin-arm64)	Run actions/checkout@v4	2026-08-04T05:37:45.4688420Z   VOICE_RUNTIME_VERSION_INPUT: 1.0.0
build-and-qualify (english, darwin-arm64)	Run actions/checkout@v4	2026-08-04T05:37:45.4688700Z   VOICE_QUALIFICATION_RUN_ID_INPUT: 
build-and-qualify (english, darwin-arm64)	Run actions/checkout@v4	2026-08-04T05:37:45.4688960Z ##[endgroup]
build-and-qualify (english, darwin-arm64)	Run actions/checkout@v4	2026-08-04T05:37:45.5870340Z Syncing repository: AutoByteus/autobyteus-voice-runtime
build-and-qualify (english, darwin-arm64)	Run actions/checkout@v4	2026-08-04T05:37:45.5871880Z ##[group]Getting Git version info
build-and-qualify (english, darwin-arm64)	Run actions/checkout@v4	2026-08-04T05:37:45.5872590Z Working directory is '/private/tmp/autobyteus-actions-runner-voice-v2.336.0-20260804/_work/autobyteus-voice-runtime/autobyteus-voice-runtime'
build-and-qualify (english, darwin-arm64)	Run actions/checkout@v4	2026-08-04T05:37:45.5873590Z [command]/usr/bin/git version
build-and-qualify (english, darwin-arm64)	Run actions/checkout@v4	2026-08-04T05:37:45.5992170Z git version 2.50.1 (Apple Git-155)
build-and-qualify (english, darwin-arm64)	Run actions/checkout@v4	2026-08-04T05:37:45.6002650Z ##[endgroup]
build-and-qualify (english, darwin-arm64)	Run actions/checkout@v4	2026-08-04T05:37:45.6014260Z Temporarily overriding HOME='/private/tmp/autobyteus-actions-runner-voice-v2.336.0-20260804/_work/_temp/e96ecc06-163d-4cae-88cc-030a6baefcd2' before making global git config changes
build-and-qualify (english, darwin-arm64)	Run actions/checkout@v4	2026-08-04T05:37:45.6015280Z Adding repository directory to the temporary git global config as a safe directory
build-and-qualify (english, darwin-arm64)	Run actions/checkout@v4	2026-08-04T05:37:45.6019690Z [command]/usr/bin/git config --global --add safe.directory /private/tmp/autobyteus-actions-runner-voice-v2.336.0-20260804/_work/autobyteus-voice-runtime/autobyteus-voice-runtime
build-and-qualify (english, darwin-arm64)	Run actions/checkout@v4	2026-08-04T05:37:45.6888910Z [command]/usr/bin/git config --local --get remote.origin.url
build-and-qualify (english, darwin-arm64)	Run actions/checkout@v4	2026-08-04T05:37:45.7068420Z https://github.com/AutoByteus/autobyteus-voice-runtime
build-and-qualify (english, darwin-arm64)	Run actions/checkout@v4	2026-08-04T05:37:45.7078730Z ##[group]Removing previously created refs, to avoid conflicts
build-and-qualify (english, darwin-arm64)	Run actions/checkout@v4	2026-08-04T05:37:45.7082560Z [command]/usr/bin/git rev-parse --symbolic-full-name --verify --quiet HEAD
build-and-qualify (english, darwin-arm64)	Run actions/checkout@v4	2026-08-04T05:37:45.7253570Z refs/heads/main
build-and-qualify (english, darwin-arm64)	Run actions/checkout@v4	2026-08-04T05:37:45.7261570Z [command]/usr/bin/git checkout --detach
build-and-qualify (english, darwin-arm64)	Run actions/checkout@v4	2026-08-04T05:37:45.7685390Z HEAD is now at a890d22 Merge voice input runtime reliability
build-and-qualify (english, darwin-arm64)	Run actions/checkout@v4	2026-08-04T05:37:45.7890310Z [command]/usr/bin/git branch --delete --force main
build-and-qualify (english, darwin-arm64)	Run actions/checkout@v4	2026-08-04T05:37:45.8081020Z Deleted branch main (was a890d22).
build-and-qualify (english, darwin-arm64)	Run actions/checkout@v4	2026-08-04T05:37:45.8267810Z ##[endgroup]
build-and-qualify (english, darwin-arm64)	Run actions/checkout@v4	2026-08-04T05:37:45.8269270Z [command]/usr/bin/git submodule status
build-and-qualify (english, darwin-arm64)	Run actions/checkout@v4	2026-08-04T05:37:45.9396970Z ##[group]Cleaning the repository
build-and-qualify (english, darwin-arm64)	Run actions/checkout@v4	2026-08-04T05:37:45.9401090Z [command]/usr/bin/git clean -ffdx
build-and-qualify (english, darwin-arm64)	Run actions/checkout@v4	2026-08-04T05:37:45.9672230Z [command]/usr/bin/git reset --hard HEAD
build-and-qualify (english, darwin-arm64)	Run actions/checkout@v4	2026-08-04T05:37:45.9931500Z HEAD is now at a890d22 Merge voice input runtime reliability
build-and-qualify (english, darwin-arm64)	Run actions/checkout@v4	2026-08-04T05:37:45.9936190Z ##[endgroup]
build-and-qualify (english, darwin-arm64)	Run actions/checkout@v4	2026-08-04T05:37:45.9938280Z ##[group]Disabling automatic garbage collection
build-and-qualify (english, darwin-arm64)	Run actions/checkout@v4	2026-08-04T05:37:45.9942520Z [command]/usr/bin/git config --local gc.auto 0
build-and-qualify (english, darwin-arm64)	Run actions/checkout@v4	2026-08-04T05:37:46.0133110Z ##[endgroup]
build-and-qualify (english, darwin-arm64)	Run actions/checkout@v4	2026-08-04T05:37:46.0134210Z ##[group]Setting up auth
build-and-qualify (english, darwin-arm64)	Run actions/checkout@v4	2026-08-04T05:37:46.0139230Z [command]/usr/bin/git config --local --name-only --get-regexp core\.sshCommand
build-and-qualify (english, darwin-arm64)	Run actions/checkout@v4	2026-08-04T05:37:46.0331510Z [command]/usr/bin/git submodule foreach --recursive sh -c "git config --local --name-only --get-regexp 'core\.sshCommand' && git config --local --unset-all 'core.sshCommand' || :"
build-and-qualify (english, darwin-arm64)	Run actions/checkout@v4	2026-08-04T05:37:46.1427330Z [command]/usr/bin/git config --local --name-only --get-regexp http\.https\:\/\/github\.com\/\.extraheader
build-and-qualify (english, darwin-arm64)	Run actions/checkout@v4	2026-08-04T05:37:46.1616080Z [command]/usr/bin/git submodule foreach --recursive sh -c "git config --local --name-only --get-regexp 'http\.https\:\/\/github\.com\/\.extraheader' && git config --local --unset-all 'http.https://github.com/.extraheader' || :"
build-and-qualify (english, darwin-arm64)	Run actions/checkout@v4	2026-08-04T05:37:46.2753960Z [command]/usr/bin/git config --local --name-only --get-regexp ^includeIf\.gitdir:
build-and-qualify (english, darwin-arm64)	Run actions/checkout@v4	2026-08-04T05:37:46.2950000Z [command]/usr/bin/git submodule foreach --recursive git config --local --show-origin --name-only --get-regexp remote.origin.url
build-and-qualify (english, darwin-arm64)	Run actions/checkout@v4	2026-08-04T05:37:46.4045960Z [command]/usr/bin/git config --local http.https://github.com/.extraheader AUTHORIZATION: basic ***
build-and-qualify (english, darwin-arm64)	Run actions/checkout@v4	2026-08-04T05:37:46.4226580Z ##[endgroup]
build-and-qualify (english, darwin-arm64)	Run actions/checkout@v4	2026-08-04T05:37:46.4227190Z ##[group]Fetching the repository
build-and-qualify (english, darwin-arm64)	Run actions/checkout@v4	2026-08-04T05:37:46.4233360Z [command]/usr/bin/git -c protocol.version=2 fetch --prune --no-recurse-submodules --unshallow origin +refs/heads/*:refs/remotes/origin/* +refs/tags/*:refs/tags/*
build-and-qualify (english, darwin-arm64)	Run actions/checkout@v4	2026-08-04T05:37:47.4431610Z From https://github.com/AutoByteus/autobyteus-voice-runtime
build-and-qualify (english, darwin-arm64)	Run actions/checkout@v4	2026-08-04T05:37:47.4432290Z  * [new branch]      codex/voice-input-bilingual-runtime -> origin/codex/voice-input-bilingual-runtime
build-and-qualify (english, darwin-arm64)	Run actions/checkout@v4	2026-08-04T05:37:47.4434370Z  * [new branch]      codex/voice-input-runtime-reliability -> origin/codex/voice-input-runtime-reliability
build-and-qualify (english, darwin-arm64)	Run actions/checkout@v4	2026-08-04T05:37:47.4436320Z  * [new tag]         v0.1.1     -> v0.1.1
build-and-qualify (english, darwin-arm64)	Run actions/checkout@v4	2026-08-04T05:37:47.4438270Z  * [new tag]         v0.2.0     -> v0.2.0
build-and-qualify (english, darwin-arm64)	Run actions/checkout@v4	2026-08-04T05:37:47.4440620Z  * [new tag]         v0.3.0     -> v0.3.0
build-and-qualify (english, darwin-arm64)	Run actions/checkout@v4	2026-08-04T05:37:47.4526180Z [command]/usr/bin/git branch --list --remote origin/main
build-and-qualify (english, darwin-arm64)	Run actions/checkout@v4	2026-08-04T05:37:47.4707990Z   origin/main
build-and-qualify (english, darwin-arm64)	Run actions/checkout@v4	2026-08-04T05:37:47.4715290Z [command]/usr/bin/git rev-parse refs/remotes/origin/main
build-and-qualify (english, darwin-arm64)	Run actions/checkout@v4	2026-08-04T05:37:47.4877950Z a890d22031359f53d94c7c67bf183344fb35d904
build-and-qualify (english, darwin-arm64)	Run actions/checkout@v4	2026-08-04T05:37:47.4882020Z ##[endgroup]
build-and-qualify (english, darwin-arm64)	Run actions/checkout@v4	2026-08-04T05:37:47.4882520Z ##[group]Determining the checkout info
build-and-qualify (english, darwin-arm64)	Run actions/checkout@v4	2026-08-04T05:37:47.4882920Z ##[endgroup]
build-and-qualify (english, darwin-arm64)	Run actions/checkout@v4	2026-08-04T05:37:47.4887960Z [command]/usr/bin/git sparse-checkout disable
build-and-qualify (english, darwin-arm64)	Run actions/checkout@v4	2026-08-04T05:37:47.5093120Z [command]/usr/bin/git config --local --unset-all extensions.worktreeConfig
build-and-qualify (english, darwin-arm64)	Run actions/checkout@v4	2026-08-04T05:37:47.5263800Z ##[group]Checking out the ref
build-and-qualify (english, darwin-arm64)	Run actions/checkout@v4	2026-08-04T05:37:47.5267380Z [command]/usr/bin/git checkout --progress --force -B main refs/remotes/origin/main
build-and-qualify (english, darwin-arm64)	Run actions/checkout@v4	2026-08-04T05:37:47.5566410Z Switched to a new branch 'main'
build-and-qualify (english, darwin-arm64)	Run actions/checkout@v4	2026-08-04T05:37:47.5571990Z branch 'main' set up to track 'origin/main'.
build-and-qualify (english, darwin-arm64)	Run actions/checkout@v4	2026-08-04T05:37:47.5578120Z ##[endgroup]
build-and-qualify (english, darwin-arm64)	Run actions/checkout@v4	2026-08-04T05:37:47.5777140Z [command]/usr/bin/git log -1 --format=%H
build-and-qualify (english, darwin-arm64)	Run actions/checkout@v4	2026-08-04T05:37:47.5965970Z a890d22031359f53d94c7c67bf183344fb35d904
build-and-qualify (english, darwin-arm64)	Verify source and closed toolchain	﻿2026-08-04T05:37:47.6109080Z ##[group]Run test "$(node --version)" = v22.23.1
build-and-qualify (english, darwin-arm64)	Verify source and closed toolchain	2026-08-04T05:37:47.6109480Z [36;1mtest "$(node --version)" = v22.23.1[0m
build-and-qualify (english, darwin-arm64)	Verify source and closed toolchain	2026-08-04T05:37:47.6110100Z [36;1mtest "$(shasum -a 256 contracts/catalog/current-release-matrix-v1.json | cut -d' ' -f1)" = "f3f57336d2598bc7c78ba0d8a10e6ad4da77c16b10274533986f29571d6de76d"[0m
build-and-qualify (english, darwin-arm64)	Verify source and closed toolchain	2026-08-04T05:37:47.6110940Z [36;1mnode build/verify-go-toolchain.mjs --go "$VOICE_GO"[0m
build-and-qualify (english, darwin-arm64)	Verify source and closed toolchain	2026-08-04T05:37:47.6111480Z [36;1mtest "$("$VOICE_CMAKE" --version | head -1)" = "cmake version 4.3.3"[0m
build-and-qualify (english, darwin-arm64)	Verify source and closed toolchain	2026-08-04T05:37:47.6111890Z [36;1mnpm ci --ignore-scripts[0m
build-and-qualify (english, darwin-arm64)	Verify source and closed toolchain	2026-08-04T05:37:47.6112140Z [36;1mnpm run check[0m
build-and-qualify (english, darwin-arm64)	Verify source and closed toolchain	2026-08-04T05:37:47.6152600Z shell: /bin/bash --noprofile --norc -e -o pipefail {0}
build-and-qualify (english, darwin-arm64)	Verify source and closed toolchain	2026-08-04T05:37:47.6152970Z env:
build-and-qualify (english, darwin-arm64)	Verify source and closed toolchain	2026-08-04T05:37:47.6153180Z   VOICE_RELEASE_TAG_INPUT: v1.0.0
build-and-qualify (english, darwin-arm64)	Verify source and closed toolchain	2026-08-04T05:37:47.6153420Z   VOICE_RUNTIME_VERSION_INPUT: 1.0.0
build-and-qualify (english, darwin-arm64)	Verify source and closed toolchain	2026-08-04T05:37:47.6153650Z   VOICE_QUALIFICATION_RUN_ID_INPUT: 
build-and-qualify (english, darwin-arm64)	Verify source and closed toolchain	2026-08-04T05:37:47.6153880Z ##[endgroup]
build-and-qualify (english, darwin-arm64)	Verify source and closed toolchain	2026-08-04T05:37:51.2216840Z {"schemaVersion":1,"version":"go version go1.26.5 darwin/arm64","host":{"platform":"darwin","architecture":"arm64"},"archive":{"fileName":"go1.26.5.darwin-arm64.tar.gz","sha256":"efb87ff28af9a188d0536ef5d42e63dd52ba8263cd7344a993cc48dd11dedb6a","sizeBytes":64738542},"rootIdentity":{"manifestFileName":"darwin-arm64.json","manifestSha256":"675d0ddbda6f6994975a17821aae5d6628aca94ca5fb6210ef1d00a850a6bce9","treeSha256":"27fd7f0918282550923f1820c890432b262feb7e574cb6bfd3c9f4962cdbb9ee","fileCount":15026,"totalSizeBytes":228637077}}
build-and-qualify (english, darwin-arm64)	Verify source and closed toolchain	2026-08-04T05:37:52.0934870Z 
build-and-qualify (english, darwin-arm64)	Verify source and closed toolchain	2026-08-04T05:37:52.0935400Z added 8 packages, and audited 9 packages in 727ms
build-and-qualify (english, darwin-arm64)	Verify source and closed toolchain	2026-08-04T05:37:52.0935710Z 
build-and-qualify (english, darwin-arm64)	Verify source and closed toolchain	2026-08-04T05:37:52.0935820Z 3 packages are looking for funding
build-and-qualify (english, darwin-arm64)	Verify source and closed toolchain	2026-08-04T05:37:52.0936060Z   run `npm fund` for details
build-and-qualify (english, darwin-arm64)	Verify source and closed toolchain	2026-08-04T05:37:52.0938070Z 
build-and-qualify (english, darwin-arm64)	Verify source and closed toolchain	2026-08-04T05:37:52.0938310Z found 0 vulnerabilities
build-and-qualify (english, darwin-arm64)	Verify source and closed toolchain	2026-08-04T05:37:52.2184320Z 
build-and-qualify (english, darwin-arm64)	Verify source and closed toolchain	2026-08-04T05:37:52.2184830Z > @autobyteus/voice-input-runtime@1.0.0 check
build-and-qualify (english, darwin-arm64)	Verify source and closed toolchain	2026-08-04T05:37:52.2185300Z > npm run check:js && npm run check:python && npm run check:go && npm run check:evidence && npm test
build-and-qualify (english, darwin-arm64)	Verify source and closed toolchain	2026-08-04T05:37:52.2185620Z 
build-and-qualify (english, darwin-arm64)	Verify source and closed toolchain	2026-08-04T05:37:52.3375490Z 
build-and-qualify (english, darwin-arm64)	Verify source and closed toolchain	2026-08-04T05:37:52.3376030Z > @autobyteus/voice-input-runtime@1.0.0 check:js
build-and-qualify (english, darwin-arm64)	Verify source and closed toolchain	2026-08-04T05:37:52.3376380Z > node tooling/check-source.mjs
build-and-qualify (english, darwin-arm64)	Verify source and closed toolchain	2026-08-04T05:37:52.3376530Z 
build-and-qualify (english, darwin-arm64)	Verify source and closed toolchain	2026-08-04T05:37:52.5459190Z 
build-and-qualify (english, darwin-arm64)	Verify source and closed toolchain	2026-08-04T05:37:52.5460150Z > @autobyteus/voice-input-runtime@1.0.0 check:python
build-and-qualify (english, darwin-arm64)	Verify source and closed toolchain	2026-08-04T05:37:52.5460760Z > python3 -m unittest discover -s tests/providers -p '*_test.py' && python3 -m compileall -q providers
build-and-qualify (english, darwin-arm64)	Verify source and closed toolchain	2026-08-04T05:37:52.5461090Z 
build-and-qualify (english, darwin-arm64)	Verify source and closed toolchain	2026-08-04T05:37:53.1827320Z .......
build-and-qualify (english, darwin-arm64)	Verify source and closed toolchain	2026-08-04T05:37:53.1827840Z ----------------------------------------------------------------------
build-and-qualify (english, darwin-arm64)	Verify source and closed toolchain	2026-08-04T05:37:53.1828910Z Ran 7 tests in 0.068s
build-and-qualify (english, darwin-arm64)	Verify source and closed toolchain	2026-08-04T05:37:53.1829080Z 
build-and-qualify (english, darwin-arm64)	Verify source and closed toolchain	2026-08-04T05:37:53.1829140Z OK
build-and-qualify (english, darwin-arm64)	Verify source and closed toolchain	2026-08-04T05:37:53.3852900Z 
build-and-qualify (english, darwin-arm64)	Verify source and closed toolchain	2026-08-04T05:37:53.3853310Z > @autobyteus/voice-input-runtime@1.0.0 check:go
build-and-qualify (english, darwin-arm64)	Verify source and closed toolchain	2026-08-04T05:37:53.3853660Z > node tooling/check-go.mjs
build-and-qualify (english, darwin-arm64)	Verify source and closed toolchain	2026-08-04T05:37:53.3854020Z 
build-and-qualify (english, darwin-arm64)	Verify source and closed toolchain	2026-08-04T05:37:56.0696080Z ?   	github.com/AutoByteus/autobyteus-voice-runtime/launcher/cmd/voice-provider-launcher	[no test files]
build-and-qualify (english, darwin-arm64)	Verify source and closed toolchain	2026-08-04T05:37:56.7926400Z ok  	github.com/AutoByteus/autobyteus-voice-runtime/launcher/internal	0.294s
build-and-qualify (english, darwin-arm64)	Verify source and closed toolchain	2026-08-04T05:37:56.7927080Z ?   	github.com/AutoByteus/autobyteus-voice-runtime/launcher/internal/embeddedplan	[no test files]
build-and-qualify (english, darwin-arm64)	Verify source and closed toolchain	2026-08-04T05:37:57.0968020Z ok  	github.com/AutoByteus/autobyteus-voice-runtime/packaging/archive	0.594s
build-and-qualify (english, darwin-arm64)	Verify source and closed toolchain	2026-08-04T05:37:57.0968960Z ?   	github.com/AutoByteus/autobyteus-voice-runtime/packaging/cmd/provider-package-tool	[no test files]
build-and-qualify (english, darwin-arm64)	Verify source and closed toolchain	2026-08-04T05:37:57.2299590Z 
build-and-qualify (english, darwin-arm64)	Verify source and closed toolchain	2026-08-04T05:37:57.2300010Z > @autobyteus/voice-input-runtime@1.0.0 check:evidence
build-and-qualify (english, darwin-arm64)	Verify source and closed toolchain	2026-08-04T05:37:57.2300520Z > node tooling/verify-english-preservation.mjs && node tooling/verify-chinese-qualification.mjs
build-and-qualify (english, darwin-arm64)	Verify source and closed toolchain	2026-08-04T05:37:57.2300850Z 
build-and-qualify (english, darwin-arm64)	Verify source and closed toolchain	2026-08-04T05:37:57.3543050Z English preservation v2 authority reproduced byte-identically.
build-and-qualify (english, darwin-arm64)	Verify source and closed toolchain	2026-08-04T05:37:57.5111560Z Chinese v2 scoring/trust and Profile Resource Policy verified.
build-and-qualify (english, darwin-arm64)	Verify source and closed toolchain	2026-08-04T05:37:57.6379800Z 
build-and-qualify (english, darwin-arm64)	Verify source and closed toolchain	2026-08-04T05:37:57.6380240Z > @autobyteus/voice-input-runtime@1.0.0 test
build-and-qualify (english, darwin-arm64)	Verify source and closed toolchain	2026-08-04T05:37:57.6380540Z > node --test tests/**/*.test.mjs
build-and-qualify (english, darwin-arm64)	Verify source and closed toolchain	2026-08-04T05:37:57.6381250Z 
build-and-qualify (english, darwin-arm64)	Verify source and closed toolchain	2026-08-04T05:37:57.7134360Z TAP version 13
build-and-qualify (english, darwin-arm64)	Verify source and closed toolchain	2026-08-04T05:37:57.9880000Z # Subtest: byte framing accepts every split and coalesced canonical records
build-and-qualify (english, darwin-arm64)	Verify source and closed toolchain	2026-08-04T05:37:57.9885850Z ok 1 - byte framing accepts every split and coalesced canonical records
build-and-qualify (english, darwin-arm64)	Verify source and closed toolchain	2026-08-04T05:37:57.9980600Z   ---
build-and-qualify (english, darwin-arm64)	Verify source and closed toolchain	2026-08-04T05:37:57.9982100Z   duration_ms: 13.351125
build-and-qualify (english, darwin-arm64)	Verify source and closed toolchain	2026-08-04T05:37:57.9982790Z   type: 'test'
build-and-qualify (english, darwin-arm64)	Verify source and closed toolchain	2026-08-04T05:37:57.9983560Z   ...
build-and-qualify (english, darwin-arm64)	Verify source and closed toolchain	2026-08-04T05:37:57.9984610Z # Subtest: invalid, oversized, noncanonical, and truncated prefixed lines fail
build-and-qualify (english, darwin-arm64)	Verify source and closed toolchain	2026-08-04T05:37:57.9985140Z ok 2 - invalid, oversized, noncanonical, and truncated prefixed lines fail
build-and-qualify (english, darwin-arm64)	Verify source and closed toolchain	2026-08-04T05:37:57.9987500Z   ---
build-and-qualify (english, darwin-arm64)	Verify source and closed toolchain	2026-08-04T05:37:57.9988440Z   duration_ms: 2.110708
build-and-qualify (english, darwin-arm64)	Verify source and closed toolchain	2026-08-04T05:37:57.9988850Z   type: 'test'
build-and-qualify (english, darwin-arm64)	Verify source and closed toolchain	2026-08-04T05:37:57.9989030Z   ...
build-and-qualify (english, darwin-arm64)	Verify source and closed toolchain	2026-08-04T05:37:57.9989400Z # Subtest: worker duration and qualification receipt clocks remain separate
build-and-qualify (english, darwin-arm64)	Verify source and closed toolchain	2026-08-04T05:37:57.9989820Z ok 3 - worker duration and qualification receipt clocks remain separate
build-and-qualify (english, darwin-arm64)	Verify source and closed toolchain	2026-08-04T05:37:57.9990150Z   ---
build-and-qualify (english, darwin-arm64)	Verify source and closed toolchain	2026-08-04T05:37:57.9990320Z   duration_ms: 0.237084
build-and-qualify (english, darwin-arm64)	Verify source and closed toolchain	2026-08-04T05:37:57.9990500Z   type: 'test'
build-and-qualify (english, darwin-arm64)	Verify source and closed toolchain	2026-08-04T05:37:57.9990670Z   ...
build-and-qualify (english, darwin-arm64)	Verify source and closed toolchain	2026-08-04T05:37:57.9990910Z # Subtest: diagnostic receipt time is captured at LF consumption
build-and-qualify (english, darwin-arm64)	Verify source and closed toolchain	2026-08-04T05:37:57.9991330Z ok 4 - diagnostic receipt time is captured at LF consumption
build-and-qualify (english, darwin-arm64)	Verify source and closed toolchain	2026-08-04T05:37:57.9991570Z   ---
build-and-qualify (english, darwin-arm64)	Verify source and closed toolchain	2026-08-04T05:37:57.9991740Z   duration_ms: 0.495458
build-and-qualify (english, darwin-arm64)	Verify source and closed toolchain	2026-08-04T05:37:57.9992390Z   type: 'test'
build-and-qualify (english, darwin-arm64)	Verify source and closed toolchain	2026-08-04T05:37:57.9992580Z   ...
build-and-qualify (english, darwin-arm64)	Verify source and closed toolchain	2026-08-04T05:37:57.9992910Z # Subtest: closed RSS windows retain contained, crossings, touching, and shared samples
build-and-qualify (english, darwin-arm64)	Verify source and closed toolchain	2026-08-04T05:37:57.9993460Z ok 5 - closed RSS windows retain contained, crossings, touching, and shared samples
build-and-qualify (english, darwin-arm64)	Verify source and closed toolchain	2026-08-04T05:37:58.0010190Z   ---
build-and-qualify (english, darwin-arm64)	Verify source and closed toolchain	2026-08-04T05:37:58.0010480Z   duration_ms: 0.781041
build-and-qualify (english, darwin-arm64)	Verify source and closed toolchain	2026-08-04T05:37:58.0010660Z   type: 'test'
build-and-qualify (english, darwin-arm64)	Verify source and closed toolchain	2026-08-04T05:37:58.0010800Z   ...
build-and-qualify (english, darwin-arm64)	Verify source and closed toolchain	2026-08-04T05:37:58.0011090Z # Subtest: invalid windows, ordering, and worker regression fail closed
build-and-qualify (english, darwin-arm64)	Verify source and closed toolchain	2026-08-04T05:37:58.0011490Z ok 6 - invalid windows, ordering, and worker regression fail closed
build-and-qualify (english, darwin-arm64)	Verify source and closed toolchain	2026-08-04T05:37:58.0011760Z   ---
build-and-qualify (english, darwin-arm64)	Verify source and closed toolchain	2026-08-04T05:37:58.0011930Z   duration_ms: 0.435917
build-and-qualify (english, darwin-arm64)	Verify source and closed toolchain	2026-08-04T05:37:58.0012130Z   type: 'test'
build-and-qualify (english, darwin-arm64)	Verify source and closed toolchain	2026-08-04T05:37:58.0012370Z   ...
build-and-qualify (english, darwin-arm64)	Verify source and closed toolchain	2026-08-04T05:37:58.0012710Z # Subtest: failed partial preparation is retained and unrelated stderr is redacted
build-and-qualify (english, darwin-arm64)	Verify source and closed toolchain	2026-08-04T05:37:58.0013180Z ok 7 - failed partial preparation is retained and unrelated stderr is redacted
build-and-qualify (english, darwin-arm64)	Verify source and closed toolchain	2026-08-04T05:37:58.0013530Z   ---
build-and-qualify (english, darwin-arm64)	Verify source and closed toolchain	2026-08-04T05:37:58.0013690Z   duration_ms: 0.359083
build-and-qualify (english, darwin-arm64)	Verify source and closed toolchain	2026-08-04T05:37:58.0013870Z   type: 'test'
build-and-qualify (english, darwin-arm64)	Verify source and closed toolchain	2026-08-04T05:37:58.0014010Z   ...
build-and-qualify (english, darwin-arm64)	Verify source and closed toolchain	2026-08-04T05:37:58.0014300Z # Subtest: successful preparation with no RSS coverage fails durable evidence
build-and-qualify (english, darwin-arm64)	Verify source and closed toolchain	2026-08-04T05:37:58.0014730Z ok 8 - successful preparation with no RSS coverage fails durable evidence
build-and-qualify (english, darwin-arm64)	Verify source and closed toolchain	2026-08-04T05:37:58.0015050Z   ---
build-and-qualify (english, darwin-arm64)	Verify source and closed toolchain	2026-08-04T05:37:58.0015200Z   duration_ms: 1.296708
build-and-qualify (english, darwin-arm64)	Verify source and closed toolchain	2026-08-04T05:37:58.0015400Z   type: 'test'
build-and-qualify (english, darwin-arm64)	Verify source and closed toolchain	2026-08-04T05:37:58.0015570Z   ...
build-and-qualify (english, darwin-arm64)	Verify source and closed toolchain	2026-08-04T05:37:58.0091490Z # Subtest: written evidence revalidates and recomputes
build-and-qualify (english, darwin-arm64)	Verify source and closed toolchain	2026-08-04T05:37:58.0100950Z ok 9 - written evidence revalidates and recomputes
build-and-qualify (english, darwin-arm64)	Verify source and closed toolchain	2026-08-04T05:37:58.0102530Z   ---
build-and-qualify (english, darwin-arm64)	Verify source and closed toolchain	2026-08-04T05:37:58.0103120Z   duration_ms: 26.587125
build-and-qualify (english, darwin-arm64)	Verify source and closed toolchain	2026-08-04T05:37:58.0132310Z   type: 'test'
build-and-qualify (english, darwin-arm64)	Verify source and closed toolchain	2026-08-04T05:37:58.0133990Z   ...
build-and-qualify (english, darwin-arm64)	Verify source and closed toolchain	2026-08-04T05:37:58.0143250Z # Subtest: qualification binding rejects evidence from another attempt identity
build-and-qualify (english, darwin-arm64)	Verify source and closed toolchain	2026-08-04T05:37:58.0144190Z ok 10 - qualification binding rejects evidence from another attempt identity
build-and-qualify (english, darwin-arm64)	Verify source and closed toolchain	2026-08-04T05:37:58.0144690Z   ---
build-and-qualify (english, darwin-arm64)	Verify source and closed toolchain	2026-08-04T05:37:58.0144910Z   duration_ms: 7.1515
build-and-qualify (english, darwin-arm64)	Verify source and closed toolchain	2026-08-04T05:37:58.0145100Z   type: 'test'
build-and-qualify (english, darwin-arm64)	Verify source and closed toolchain	2026-08-04T05:37:58.0145280Z   ...
build-and-qualify (english, darwin-arm64)	Verify source and closed toolchain	2026-08-04T05:37:58.0256120Z # Subtest: session follows ready, request, and bounded shutdown
build-and-qualify (english, darwin-arm64)	Verify source and closed toolchain	2026-08-04T05:37:58.0270220Z ok 11 - session follows ready, request, and bounded shutdown
build-and-qualify (english, darwin-arm64)	Verify source and closed toolchain	2026-08-04T05:37:58.0274980Z   ---
build-and-qualify (english, darwin-arm64)	Verify source and closed toolchain	2026-08-04T05:37:58.0276030Z   duration_ms: 4.8915
build-and-qualify (english, darwin-arm64)	Verify source and closed toolchain	2026-08-04T05:37:58.0277570Z   type: 'test'
build-and-qualify (english, darwin-arm64)	Verify source and closed toolchain	2026-08-04T05:37:58.0278120Z   ...
build-and-qualify (english, darwin-arm64)	Verify source and closed toolchain	2026-08-04T05:37:58.0278910Z # Subtest: malformed protocol terminally fails and awaits termination
build-and-qualify (english, darwin-arm64)	Verify source and closed toolchain	2026-08-04T05:37:58.0280010Z ok 12 - malformed protocol terminally fails and awaits termination
build-and-qualify (english, darwin-arm64)	Verify source and closed toolchain	2026-08-04T05:37:58.0280740Z   ---
build-and-qualify (english, darwin-arm64)	Verify source and closed toolchain	2026-08-04T05:37:58.0281190Z   duration_ms: 0.551458
build-and-qualify (english, darwin-arm64)	Verify source and closed toolchain	2026-08-04T05:37:58.0281680Z   type: 'test'
build-and-qualify (english, darwin-arm64)	Verify source and closed toolchain	2026-08-04T05:37:58.0282080Z   ...
build-and-qualify (english, darwin-arm64)	Verify source and closed toolchain	2026-08-04T05:37:58.0283260Z # Subtest: hello timeout terminally fails and awaits termination
build-and-qualify (english, darwin-arm64)	Verify source and closed toolchain	2026-08-04T05:37:58.0283920Z ok 13 - hello timeout terminally fails and awaits termination
build-and-qualify (english, darwin-arm64)	Verify source and closed toolchain	2026-08-04T05:37:58.0284200Z   ---
build-and-qualify (english, darwin-arm64)	Verify source and closed toolchain	2026-08-04T05:37:58.0284850Z   duration_ms: 21.879416
build-and-qualify (english, darwin-arm64)	Verify source and closed toolchain	2026-08-04T05:37:58.0285110Z   type: 'test'
build-and-qualify (english, darwin-arm64)	Verify source and closed toolchain	2026-08-04T05:37:58.0285280Z   ...
build-and-qualify (english, darwin-arm64)	Verify source and closed toolchain	2026-08-04T05:37:58.0285510Z # Subtest: write failure terminally fails without replay
build-and-qualify (english, darwin-arm64)	Verify source and closed toolchain	2026-08-04T05:37:58.0285860Z ok 14 - write failure terminally fails without replay
build-and-qualify (english, darwin-arm64)	Verify source and closed toolchain	2026-08-04T05:37:58.0286090Z   ---
build-and-qualify (english, darwin-arm64)	Verify source and closed toolchain	2026-08-04T05:37:58.0286230Z   duration_ms: 1.298583
build-and-qualify (english, darwin-arm64)	Verify source and closed toolchain	2026-08-04T05:37:58.0286410Z   type: 'test'
build-and-qualify (english, darwin-arm64)	Verify source and closed toolchain	2026-08-04T05:37:58.0286570Z   ...
build-and-qualify (english, darwin-arm64)	Verify source and closed toolchain	2026-08-04T05:37:58.0286880Z # Subtest: terminal failure escalates once when graceful termination is ignored
build-and-qualify (english, darwin-arm64)	Verify source and closed toolchain	2026-08-04T05:37:58.0287320Z ok 15 - terminal failure escalates once when graceful termination is ignored
build-and-qualify (english, darwin-arm64)	Verify source and closed toolchain	2026-08-04T05:37:58.0287610Z   ---
build-and-qualify (english, darwin-arm64)	Verify source and closed toolchain	2026-08-04T05:37:58.0287750Z   duration_ms: 21.164542
build-and-qualify (english, darwin-arm64)	Verify source and closed toolchain	2026-08-04T05:37:58.0287920Z   type: 'test'
build-and-qualify (english, darwin-arm64)	Verify source and closed toolchain	2026-08-04T05:37:58.0288060Z   ...
build-and-qualify (english, darwin-arm64)	Verify source and closed toolchain	2026-08-04T05:37:58.0288320Z # Subtest: statefully decodes UTF-8 and line delimiters split at every byte
build-and-qualify (english, darwin-arm64)	Verify source and closed toolchain	2026-08-04T05:37:58.0288720Z ok 16 - statefully decodes UTF-8 and line delimiters split at every byte
build-and-qualify (english, darwin-arm64)	Verify source and closed toolchain	2026-08-04T05:37:58.0289000Z   ---
build-and-qualify (english, darwin-arm64)	Verify source and closed toolchain	2026-08-04T05:37:58.0289130Z   duration_ms: 3.935458
build-and-qualify (english, darwin-arm64)	Verify source and closed toolchain	2026-08-04T05:37:58.0289300Z   type: 'test'
build-and-qualify (english, darwin-arm64)	Verify source and closed toolchain	2026-08-04T05:37:58.0289440Z   ...
build-and-qualify (english, darwin-arm64)	Verify source and closed toolchain	2026-08-04T05:37:58.0289670Z # Subtest: truncated UTF-8 on stdout termination fails the session
build-and-qualify (english, darwin-arm64)	Verify source and closed toolchain	2026-08-04T05:37:58.0290020Z ok 17 - truncated UTF-8 on stdout termination fails the session
build-and-qualify (english, darwin-arm64)	Verify source and closed toolchain	2026-08-04T05:37:58.0290290Z   ---
build-and-qualify (english, darwin-arm64)	Verify source and closed toolchain	2026-08-04T05:37:58.0290490Z   duration_ms: 0.903541
build-and-qualify (english, darwin-arm64)	Verify source and closed toolchain	2026-08-04T05:37:58.0290690Z   type: 'test'
build-and-qualify (english, darwin-arm64)	Verify source and closed toolchain	2026-08-04T05:37:58.0290860Z   ...
build-and-qualify (english, darwin-arm64)	Verify source and closed toolchain	2026-08-04T05:37:58.0291140Z # Subtest: session forwards exact raw stderr chunks without interpreting framing
build-and-qualify (english, darwin-arm64)	Verify source and closed toolchain	2026-08-04T05:37:58.0291590Z ok 18 - session forwards exact raw stderr chunks without interpreting framing
build-and-qualify (english, darwin-arm64)	Verify source and closed toolchain	2026-08-04T05:37:58.0291920Z   ---
build-and-qualify (english, darwin-arm64)	Verify source and closed toolchain	2026-08-04T05:37:58.0292070Z   duration_ms: 0.565375
build-and-qualify (english, darwin-arm64)	Verify source and closed toolchain	2026-08-04T05:37:58.0292300Z   type: 'test'
build-and-qualify (english, darwin-arm64)	Verify source and closed toolchain	2026-08-04T05:37:58.0292430Z   ...
build-and-qualify (english, darwin-arm64)	Verify source and closed toolchain	2026-08-04T05:38:04.9293990Z # Subtest: CommonCrypto streaming digest matches exact boundary payloads
build-and-qualify (english, darwin-arm64)	Verify source and closed toolchain	2026-08-04T05:38:04.9294540Z ok 19 - CommonCrypto streaming digest matches exact boundary payloads
build-and-qualify (english, darwin-arm64)	Verify source and closed toolchain	2026-08-04T05:38:04.9294830Z   ---
build-and-qualify (english, darwin-arm64)	Verify source and closed toolchain	2026-08-04T05:38:04.9295000Z   duration_ms: 7167.032542
build-and-qualify (english, darwin-arm64)	Verify source and closed toolchain	2026-08-04T05:38:04.9295220Z   type: 'test'
build-and-qualify (english, darwin-arm64)	Verify source and closed toolchain	2026-08-04T05:38:04.9295360Z   ...
build-and-qualify (english, darwin-arm64)	Verify source and closed toolchain	2026-08-04T05:38:05.3852610Z # Subtest: integrity owner is bounded, Apple-only, and classifies failures
build-and-qualify (english, darwin-arm64)	Verify source and closed toolchain	2026-08-04T05:38:05.3853950Z ok 20 - integrity owner is bounded, Apple-only, and classifies failures
build-and-qualify (english, darwin-arm64)	Verify source and closed toolchain	2026-08-04T05:38:05.3854320Z   ---
build-and-qualify (english, darwin-arm64)	Verify source and closed toolchain	2026-08-04T05:38:05.3854490Z   duration_ms: 455.996625
build-and-qualify (english, darwin-arm64)	Verify source and closed toolchain	2026-08-04T05:38:05.3854710Z   type: 'test'
build-and-qualify (english, darwin-arm64)	Verify source and closed toolchain	2026-08-04T05:38:05.3854880Z   ...
build-and-qualify (english, darwin-arm64)	Verify source and closed toolchain	2026-08-04T05:38:05.6253350Z # Subtest: preparation emitter writes exact private canonical lines
build-and-qualify (english, darwin-arm64)	Verify source and closed toolchain	2026-08-04T05:38:05.6253890Z ok 21 - preparation emitter writes exact private canonical lines
build-and-qualify (english, darwin-arm64)	Verify source and closed toolchain	2026-08-04T05:38:05.6254200Z   ---
build-and-qualify (english, darwin-arm64)	Verify source and closed toolchain	2026-08-04T05:38:05.6254360Z   duration_ms: 240.907166
build-and-qualify (english, darwin-arm64)	Verify source and closed toolchain	2026-08-04T05:38:05.6254580Z   type: 'test'
build-and-qualify (english, darwin-arm64)	Verify source and closed toolchain	2026-08-04T05:38:05.6254730Z   ...
build-and-qualify (english, darwin-arm64)	Verify source and closed toolchain	2026-08-04T05:38:05.6320280Z # Subtest: cleanup removes a verified read-only package tree
build-and-qualify (english, darwin-arm64)	Verify source and closed toolchain	2026-08-04T05:38:05.6320670Z ok 22 - cleanup removes a verified read-only package tree
build-and-qualify (english, darwin-arm64)	Verify source and closed toolchain	2026-08-04T05:38:05.6321450Z   ---
build-and-qualify (english, darwin-arm64)	Verify source and closed toolchain	2026-08-04T05:38:05.6321600Z   duration_ms: 18.560625
build-and-qualify (english, darwin-arm64)	Verify source and closed toolchain	2026-08-04T05:38:05.6321820Z   type: 'test'
build-and-qualify (english, darwin-arm64)	Verify source and closed toolchain	2026-08-04T05:38:05.6321960Z   ...
build-and-qualify (english, darwin-arm64)	Verify source and closed toolchain	2026-08-04T05:38:05.6322220Z # Subtest: internal target mapping covers every supported Node and Go tuple
build-and-qualify (english, darwin-arm64)	Verify source and closed toolchain	2026-08-04T05:38:05.6322910Z ok 23 - internal target mapping covers every supported Node and Go tuple
build-and-qualify (english, darwin-arm64)	Verify source and closed toolchain	2026-08-04T05:38:05.6323210Z   ---
build-and-qualify (english, darwin-arm64)	Verify source and closed toolchain	2026-08-04T05:38:05.6323530Z   duration_ms: 1.617834
build-and-qualify (english, darwin-arm64)	Verify source and closed toolchain	2026-08-04T05:38:05.6324080Z   type: 'test'
build-and-qualify (english, darwin-arm64)	Verify source and closed toolchain	2026-08-04T05:38:05.6324250Z   ...
build-and-qualify (english, darwin-arm64)	Verify source and closed toolchain	2026-08-04T05:38:05.6324550Z # Subtest: every supported Go root manifest is bound to its locked archive
build-and-qualify (english, darwin-arm64)	Verify source and closed toolchain	2026-08-04T05:38:05.6325000Z ok 24 - every supported Go root manifest is bound to its locked archive
build-and-qualify (english, darwin-arm64)	Verify source and closed toolchain	2026-08-04T05:38:05.6325310Z   ---
build-and-qualify (english, darwin-arm64)	Verify source and closed toolchain	2026-08-04T05:38:05.6325470Z   duration_ms: 49.630042
build-and-qualify (english, darwin-arm64)	Verify source and closed toolchain	2026-08-04T05:38:05.6325660Z   type: 'test'
build-and-qualify (english, darwin-arm64)	Verify source and closed toolchain	2026-08-04T05:38:05.6325800Z   ...
build-and-qualify (english, darwin-arm64)	Verify source and closed toolchain	2026-08-04T05:38:05.6326380Z # Subtest: version-preserving fake Go compiler is rejected by exact bytes
build-and-qualify (english, darwin-arm64)	Verify source and closed toolchain	2026-08-04T05:38:05.6326870Z ok 25 - version-preserving fake Go compiler is rejected by exact bytes
build-and-qualify (english, darwin-arm64)	Verify source and closed toolchain	2026-08-04T05:38:05.6327180Z   ---
build-and-qualify (english, darwin-arm64)	Verify source and closed toolchain	2026-08-04T05:38:05.6327350Z   duration_ms: 9.39275
build-and-qualify (english, darwin-arm64)	Verify source and closed toolchain	2026-08-04T05:38:05.6327560Z   type: 'test'
build-and-qualify (english, darwin-arm64)	Verify source and closed toolchain	2026-08-04T05:38:05.6327720Z   ...
build-and-qualify (english, darwin-arm64)	Verify source and closed toolchain	2026-08-04T05:38:05.6327990Z # Subtest: official locked Go front binary without its sibling root is rejected
build-and-qualify (english, darwin-arm64)	Verify source and closed toolchain	2026-08-04T05:38:05.6328420Z ok 26 - official locked Go front binary without its sibling root is rejected
build-and-qualify (english, darwin-arm64)	Verify source and closed toolchain	2026-08-04T05:38:05.6328740Z   ---
build-and-qualify (english, darwin-arm64)	Verify source and closed toolchain	2026-08-04T05:38:05.6328900Z   duration_ms: 108.928917
build-and-qualify (english, darwin-arm64)	Verify source and closed toolchain	2026-08-04T05:38:05.6329080Z   type: 'test'
build-and-qualify (english, darwin-arm64)	Verify source and closed toolchain	2026-08-04T05:38:05.6329210Z   ...
build-and-qualify (english, darwin-arm64)	Verify source and closed toolchain	2026-08-04T05:38:05.6329480Z # Subtest: exact Go front binary is rejected when a sibling tool is missing
build-and-qualify (english, darwin-arm64)	Verify source and closed toolchain	2026-08-04T05:38:05.6329890Z ok 27 - exact Go front binary is rejected when a sibling tool is missing
build-and-qualify (english, darwin-arm64)	Verify source and closed toolchain	2026-08-04T05:38:05.6330200Z   ---
build-and-qualify (english, darwin-arm64)	Verify source and closed toolchain	2026-08-04T05:38:05.6330340Z   duration_ms: 39.833125
build-and-qualify (english, darwin-arm64)	Verify source and closed toolchain	2026-08-04T05:38:05.6330500Z   type: 'test'
build-and-qualify (english, darwin-arm64)	Verify source and closed toolchain	2026-08-04T05:38:05.6330670Z   ...
build-and-qualify (english, darwin-arm64)	Verify source and closed toolchain	2026-08-04T05:38:05.6330930Z # Subtest: exact Go front binary is rejected when a sibling tool is modified
build-and-qualify (english, darwin-arm64)	Verify source and closed toolchain	2026-08-04T05:38:05.6331350Z ok 28 - exact Go front binary is rejected when a sibling tool is modified
build-and-qualify (english, darwin-arm64)	Verify source and closed toolchain	2026-08-04T05:38:05.6331660Z   ---
build-and-qualify (english, darwin-arm64)	Verify source and closed toolchain	2026-08-04T05:38:05.6331810Z   duration_ms: 12.222292
build-and-qualify (english, darwin-arm64)	Verify source and closed toolchain	2026-08-04T05:38:05.6331990Z   type: 'test'
build-and-qualify (english, darwin-arm64)	Verify source and closed toolchain	2026-08-04T05:38:05.6332150Z   ...
build-and-qualify (english, darwin-arm64)	Verify source and closed toolchain	2026-08-04T05:38:05.6332410Z # Subtest: inherited alternate GOROOT is rejected before Go execution
build-and-qualify (english, darwin-arm64)	Verify source and closed toolchain	2026-08-04T05:38:05.6332780Z ok 29 - inherited alternate GOROOT is rejected before Go execution
build-and-qualify (english, darwin-arm64)	Verify source and closed toolchain	2026-08-04T05:38:05.6333050Z   ---
build-and-qualify (english, darwin-arm64)	Verify source and closed toolchain	2026-08-04T05:38:05.6333220Z   duration_ms: 15.746667
build-and-qualify (english, darwin-arm64)	Verify source and closed toolchain	2026-08-04T05:38:05.6333380Z   type: 'test'
build-and-qualify (english, darwin-arm64)	Verify source and closed toolchain	2026-08-04T05:38:05.6333530Z   ...
build-and-qualify (english, darwin-arm64)	Verify source and closed toolchain	2026-08-04T05:38:05.6333790Z # Subtest: inherited GOCACHEPROG is rejected before verified Go invocation
build-and-qualify (english, darwin-arm64)	Verify source and closed toolchain	2026-08-04T05:38:05.6334210Z ok 30 - inherited GOCACHEPROG is rejected before verified Go invocation
build-and-qualify (english, darwin-arm64)	Verify source and closed toolchain	2026-08-04T05:38:05.6334520Z   ---
build-and-qualify (english, darwin-arm64)	Verify source and closed toolchain	2026-08-04T05:38:05.6334660Z   duration_ms: 56.170792
build-and-qualify (english, darwin-arm64)	Verify source and closed toolchain	2026-08-04T05:38:05.6334840Z   type: 'test'
build-and-qualify (english, darwin-arm64)	Verify source and closed toolchain	2026-08-04T05:38:05.6334990Z   ...
build-and-qualify (english, darwin-arm64)	Verify source and closed toolchain	2026-08-04T05:38:05.6335260Z # Subtest: locked native source rejects a modified tree at the same commit
build-and-qualify (english, darwin-arm64)	Verify source and closed toolchain	2026-08-04T05:38:05.6335650Z ok 31 - locked native source rejects a modified tree at the same commit
build-and-qualify (english, darwin-arm64)	Verify source and closed toolchain	2026-08-04T05:38:05.6335940Z   ---
build-and-qualify (english, darwin-arm64)	Verify source and closed toolchain	2026-08-04T05:38:05.6336090Z   duration_ms: 478.313625
build-and-qualify (english, darwin-arm64)	Verify source and closed toolchain	2026-08-04T05:38:05.6336290Z   type: 'test'
build-and-qualify (english, darwin-arm64)	Verify source and closed toolchain	2026-08-04T05:38:05.6336450Z   ...
build-and-qualify (english, darwin-arm64)	Verify source and closed toolchain	2026-08-04T05:38:05.6349640Z # Subtest: wheelhouse rejects target wheel bytes changed without a version change
build-and-qualify (english, darwin-arm64)	Verify source and closed toolchain	2026-08-04T05:38:05.6350150Z ok 32 - wheelhouse rejects target wheel bytes changed without a version change
build-and-qualify (english, darwin-arm64)	Verify source and closed toolchain	2026-08-04T05:38:05.6350440Z   ---
build-and-qualify (english, darwin-arm64)	Verify source and closed toolchain	2026-08-04T05:38:05.6350580Z   duration_ms: 6.052375
build-and-qualify (english, darwin-arm64)	Verify source and closed toolchain	2026-08-04T05:38:05.6350740Z   type: 'test'
build-and-qualify (english, darwin-arm64)	Verify source and closed toolchain	2026-08-04T05:38:05.6350880Z   ...
build-and-qualify (english, darwin-arm64)	Verify source and closed toolchain	2026-08-04T05:38:05.6351180Z # Subtest: operator-materialized Python trees are not accepted as build inputs
build-and-qualify (english, darwin-arm64)	Verify source and closed toolchain	2026-08-04T05:38:05.6351620Z ok 33 - operator-materialized Python trees are not accepted as build inputs
build-and-qualify (english, darwin-arm64)	Verify source and closed toolchain	2026-08-04T05:38:05.6352360Z   ---
build-and-qualify (english, darwin-arm64)	Verify source and closed toolchain	2026-08-04T05:38:05.6352500Z   duration_ms: 0.624167
build-and-qualify (english, darwin-arm64)	Verify source and closed toolchain	2026-08-04T05:38:05.6352650Z   type: 'test'
build-and-qualify (english, darwin-arm64)	Verify source and closed toolchain	2026-08-04T05:38:05.6352790Z   ...
build-and-qualify (english, darwin-arm64)	Verify source and closed toolchain	2026-08-04T05:38:05.6353300Z # Subtest: the exact locked topology becomes a closed relocatable reproducible tree
build-and-qualify (english, darwin-arm64)	Verify source and closed toolchain	2026-08-04T05:38:05.6353750Z ok 34 - the exact locked topology becomes a closed relocatable reproducible tree
build-and-qualify (english, darwin-arm64)	Verify source and closed toolchain	2026-08-04T05:38:05.6354040Z   ---
build-and-qualify (english, darwin-arm64)	Verify source and closed toolchain	2026-08-04T05:38:05.6354180Z   duration_ms: 245.669917
build-and-qualify (english, darwin-arm64)	Verify source and closed toolchain	2026-08-04T05:38:05.6354350Z   type: 'test'
build-and-qualify (english, darwin-arm64)	Verify source and closed toolchain	2026-08-04T05:38:05.6354480Z   ...
build-and-qualify (english, darwin-arm64)	Verify source and closed toolchain	2026-08-04T05:38:05.6354720Z # Subtest: unsafe, incomplete, and unexpected archive entries fail closed
build-and-qualify (english, darwin-arm64)	Verify source and closed toolchain	2026-08-04T05:38:05.6355020Z     # Subtest: absolute link
build-and-qualify (english, darwin-arm64)	Verify source and closed toolchain	2026-08-04T05:38:05.6355230Z     ok 1 - absolute link
build-and-qualify (english, darwin-arm64)	Verify source and closed toolchain	2026-08-04T05:38:05.6355390Z       ---
build-and-qualify (english, darwin-arm64)	Verify source and closed toolchain	2026-08-04T05:38:05.6355530Z       duration_ms: 23.119208
build-and-qualify (english, darwin-arm64)	Verify source and closed toolchain	2026-08-04T05:38:05.6355700Z       type: 'test'
build-and-qualify (english, darwin-arm64)	Verify source and closed toolchain	2026-08-04T05:38:05.6355840Z       ...
build-and-qualify (english, darwin-arm64)	Verify source and closed toolchain	2026-08-04T05:38:05.6355980Z     # Subtest: escaping link
build-and-qualify (english, darwin-arm64)	Verify source and closed toolchain	2026-08-04T05:38:05.6356170Z     ok 2 - escaping link
build-and-qualify (english, darwin-arm64)	Verify source and closed toolchain	2026-08-04T05:38:05.6356320Z       ---
build-and-qualify (english, darwin-arm64)	Verify source and closed toolchain	2026-08-04T05:38:05.6356460Z       duration_ms: 20.715291
build-and-qualify (english, darwin-arm64)	Verify source and closed toolchain	2026-08-04T05:38:05.6356630Z       type: 'test'
build-and-qualify (english, darwin-arm64)	Verify source and closed toolchain	2026-08-04T05:38:05.6356770Z       ...
build-and-qualify (english, darwin-arm64)	Verify source and closed toolchain	2026-08-04T05:38:05.6356920Z     # Subtest: dangling link
build-and-qualify (english, darwin-arm64)	Verify source and closed toolchain	2026-08-04T05:38:05.6357090Z     ok 3 - dangling link
build-and-qualify (english, darwin-arm64)	Verify source and closed toolchain	2026-08-04T05:38:05.6357250Z       ---
build-and-qualify (english, darwin-arm64)	Verify source and closed toolchain	2026-08-04T05:38:05.6357390Z       duration_ms: 18.507417
build-and-qualify (english, darwin-arm64)	Verify source and closed toolchain	2026-08-04T05:38:05.6357550Z       type: 'test'
build-and-qualify (english, darwin-arm64)	Verify source and closed toolchain	2026-08-04T05:38:05.6357690Z       ...
build-and-qualify (english, darwin-arm64)	Verify source and closed toolchain	2026-08-04T05:38:05.6357820Z     # Subtest: cyclic link
build-and-qualify (english, darwin-arm64)	Verify source and closed toolchain	2026-08-04T05:38:05.6357990Z     ok 4 - cyclic link
build-and-qualify (english, darwin-arm64)	Verify source and closed toolchain	2026-08-04T05:38:05.6358140Z       ---
build-and-qualify (english, darwin-arm64)	Verify source and closed toolchain	2026-08-04T05:38:05.6358290Z       duration_ms: 17.0375
build-and-qualify (english, darwin-arm64)	Verify source and closed toolchain	2026-08-04T05:38:05.6358450Z       type: 'test'
build-and-qualify (english, darwin-arm64)	Verify source and closed toolchain	2026-08-04T05:38:05.6358600Z       ...
build-and-qualify (english, darwin-arm64)	Verify source and closed toolchain	2026-08-04T05:38:05.6358750Z     # Subtest: unexpected link
build-and-qualify (english, darwin-arm64)	Verify source and closed toolchain	2026-08-04T05:38:05.6358940Z     ok 5 - unexpected link
build-and-qualify (english, darwin-arm64)	Verify source and closed toolchain	2026-08-04T05:38:05.6359500Z       ---
build-and-qualify (english, darwin-arm64)	Verify source and closed toolchain	2026-08-04T05:38:05.6360410Z       duration_ms: 30.899834
build-and-qualify (english, darwin-arm64)	Verify source and closed toolchain	2026-08-04T05:38:05.6360650Z       type: 'test'
build-and-qualify (english, darwin-arm64)	Verify source and closed toolchain	2026-08-04T05:38:05.6360810Z       ...
build-and-qualify (english, darwin-arm64)	Verify source and closed toolchain	2026-08-04T05:38:05.6360970Z     # Subtest: missing approved link
build-and-qualify (english, darwin-arm64)	Verify source and closed toolchain	2026-08-04T05:38:05.6361200Z     ok 6 - missing approved link
build-and-qualify (english, darwin-arm64)	Verify source and closed toolchain	2026-08-04T05:38:05.6361390Z       ---
build-and-qualify (english, darwin-arm64)	Verify source and closed toolchain	2026-08-04T05:38:05.6361540Z       duration_ms: 25.388708
build-and-qualify (english, darwin-arm64)	Verify source and closed toolchain	2026-08-04T05:38:05.6361880Z       type: 'test'
build-and-qualify (english, darwin-arm64)	Verify source and closed toolchain	2026-08-04T05:38:05.6362100Z       ...
build-and-qualify (english, darwin-arm64)	Verify source and closed toolchain	2026-08-04T05:38:05.6362270Z     # Subtest: special entry
build-and-qualify (english, darwin-arm64)	Verify source and closed toolchain	2026-08-04T05:38:05.6362470Z     ok 7 - special entry
build-and-qualify (english, darwin-arm64)	Verify source and closed toolchain	2026-08-04T05:38:05.6362630Z       ---
build-and-qualify (english, darwin-arm64)	Verify source and closed toolchain	2026-08-04T05:38:05.6362790Z       duration_ms: 28.555167
build-and-qualify (english, darwin-arm64)	Verify source and closed toolchain	2026-08-04T05:38:05.6362970Z       type: 'test'
build-and-qualify (english, darwin-arm64)	Verify source and closed toolchain	2026-08-04T05:38:05.6363110Z       ...
build-and-qualify (english, darwin-arm64)	Verify source and closed toolchain	2026-08-04T05:38:05.6363240Z     1..7
build-and-qualify (english, darwin-arm64)	Verify source and closed toolchain	2026-08-04T05:38:05.6363480Z ok 35 - unsafe, incomplete, and unexpected archive entries fail closed
build-and-qualify (english, darwin-arm64)	Verify source and closed toolchain	2026-08-04T05:38:05.6363790Z   ---
build-and-qualify (english, darwin-arm64)	Verify source and closed toolchain	2026-08-04T05:38:05.6363940Z   duration_ms: 166.461583
build-and-qualify (english, darwin-arm64)	Verify source and closed toolchain	2026-08-04T05:38:05.6364110Z   type: 'test'
build-and-qualify (english, darwin-arm64)	Verify source and closed toolchain	2026-08-04T05:38:05.6364250Z   ...
build-and-qualify (english, darwin-arm64)	Verify source and closed toolchain	2026-08-04T05:38:05.6364540Z # Subtest: Python closure excludes dependency tests and development headers coherently
build-and-qualify (english, darwin-arm64)	Verify source and closed toolchain	2026-08-04T05:38:05.6365010Z ok 36 - Python closure excludes dependency tests and development headers coherently
build-and-qualify (english, darwin-arm64)	Verify source and closed toolchain	2026-08-04T05:38:05.6365320Z   ---
build-and-qualify (english, darwin-arm64)	Verify source and closed toolchain	2026-08-04T05:38:05.6365470Z   duration_ms: 44.02975
build-and-qualify (english, darwin-arm64)	Verify source and closed toolchain	2026-08-04T05:38:05.6365630Z   type: 'test'
build-and-qualify (english, darwin-arm64)	Verify source and closed toolchain	2026-08-04T05:38:05.6365760Z   ...
build-and-qualify (english, darwin-arm64)	Verify source and closed toolchain	2026-08-04T05:38:05.6366090Z # Subtest: the complete observed staged manifest passes the canonical Go validator after closure
build-and-qualify (english, darwin-arm64)	Verify source and closed toolchain	2026-08-04T05:38:05.6366610Z ok 37 - the complete observed staged manifest passes the canonical Go validator after closure
build-and-qualify (english, darwin-arm64)	Verify source and closed toolchain	2026-08-04T05:38:05.6366940Z   ---
build-and-qualify (english, darwin-arm64)	Verify source and closed toolchain	2026-08-04T05:38:05.6367080Z   duration_ms: 6805.545167
build-and-qualify (english, darwin-arm64)	Verify source and closed toolchain	2026-08-04T05:38:05.6367250Z   type: 'test'
build-and-qualify (english, darwin-arm64)	Verify source and closed toolchain	2026-08-04T05:38:05.6367380Z   ...
build-and-qualify (english, darwin-arm64)	Verify source and closed toolchain	2026-08-04T05:38:05.6367650Z # Subtest: reproducibility proof requires byte-identical archives and reports
build-and-qualify (english, darwin-arm64)	Verify source and closed toolchain	2026-08-04T05:38:05.6368070Z ok 38 - reproducibility proof requires byte-identical archives and reports
build-and-qualify (english, darwin-arm64)	Verify source and closed toolchain	2026-08-04T05:38:05.6368870Z   ---
build-and-qualify (english, darwin-arm64)	Verify source and closed toolchain	2026-08-04T05:38:05.6369010Z   duration_ms: 164.444792
build-and-qualify (english, darwin-arm64)	Verify source and closed toolchain	2026-08-04T05:38:05.6369180Z   type: 'test'
build-and-qualify (english, darwin-arm64)	Verify source and closed toolchain	2026-08-04T05:38:05.6369310Z   ...
build-and-qualify (english, darwin-arm64)	Verify source and closed toolchain	2026-08-04T05:38:05.6369780Z # Subtest: the exact Xcode clang++ alias links C++ while its identical clang target does not
build-and-qualify (english, darwin-arm64)	Verify source and closed toolchain	2026-08-04T05:38:05.6370250Z ok 39 - the exact Xcode clang++ alias links C++ while its identical clang target does not
build-and-qualify (english, darwin-arm64)	Verify source and closed toolchain	2026-08-04T05:38:05.6370560Z   ---
build-and-qualify (english, darwin-arm64)	Verify source and closed toolchain	2026-08-04T05:38:05.6370690Z   duration_ms: 3806.366167
build-and-qualify (english, darwin-arm64)	Verify source and closed toolchain	2026-08-04T05:38:05.6370850Z   type: 'test'
build-and-qualify (english, darwin-arm64)	Verify source and closed toolchain	2026-08-04T05:38:05.6370980Z   ...
build-and-qualify (english, darwin-arm64)	Verify source and closed toolchain	2026-08-04T05:38:05.6371220Z # Subtest: the clang++ alias rejects target, byte, topology, and directory drift
build-and-qualify (english, darwin-arm64)	Verify source and closed toolchain	2026-08-04T05:38:05.6371660Z ok 40 - the clang++ alias rejects target, byte, topology, and directory drift
build-and-qualify (english, darwin-arm64)	Verify source and closed toolchain	2026-08-04T05:38:05.6371950Z   ---
build-and-qualify (english, darwin-arm64)	Verify source and closed toolchain	2026-08-04T05:38:05.6372080Z   duration_ms: 179.001125
build-and-qualify (english, darwin-arm64)	Verify source and closed toolchain	2026-08-04T05:38:05.6372240Z   type: 'test'
build-and-qualify (english, darwin-arm64)	Verify source and closed toolchain	2026-08-04T05:38:05.6372370Z   ...
build-and-qualify (english, darwin-arm64)	Verify source and closed toolchain	2026-08-04T05:38:05.6372610Z # Subtest: native build overrides are rejected case-insensitively before use
build-and-qualify (english, darwin-arm64)	Verify source and closed toolchain	2026-08-04T05:38:05.6373000Z ok 41 - native build overrides are rejected case-insensitively before use
build-and-qualify (english, darwin-arm64)	Verify source and closed toolchain	2026-08-04T05:38:05.6373270Z   ---
build-and-qualify (english, darwin-arm64)	Verify source and closed toolchain	2026-08-04T05:38:05.6373400Z   duration_ms: 0.864042
build-and-qualify (english, darwin-arm64)	Verify source and closed toolchain	2026-08-04T05:38:05.6373550Z   type: 'test'
build-and-qualify (english, darwin-arm64)	Verify source and closed toolchain	2026-08-04T05:38:05.6373680Z   ...
build-and-qualify (english, darwin-arm64)	Verify source and closed toolchain	2026-08-04T05:38:05.6373930Z # Subtest: the production environment owner accepts the preflight CMake symlink
build-and-qualify (english, darwin-arm64)	Verify source and closed toolchain	2026-08-04T05:38:05.6374360Z ok 42 - the production environment owner accepts the preflight CMake symlink
build-and-qualify (english, darwin-arm64)	Verify source and closed toolchain	2026-08-04T05:38:05.6374640Z   ---
build-and-qualify (english, darwin-arm64)	Verify source and closed toolchain	2026-08-04T05:38:05.6374770Z   duration_ms: 555.285667
build-and-qualify (english, darwin-arm64)	Verify source and closed toolchain	2026-08-04T05:38:05.6374930Z   type: 'test'
build-and-qualify (english, darwin-arm64)	Verify source and closed toolchain	2026-08-04T05:38:05.6375050Z   ...
build-and-qualify (english, darwin-arm64)	Verify source and closed toolchain	2026-08-04T05:38:05.6375320Z # Subtest: the Xcode ranlib alias retains invocation semantics and authenticated topology
build-and-qualify (english, darwin-arm64)	Verify source and closed toolchain	2026-08-04T05:38:05.6375770Z ok 43 - the Xcode ranlib alias retains invocation semantics and authenticated topology
build-and-qualify (english, darwin-arm64)	Verify source and closed toolchain	2026-08-04T05:38:05.6376070Z   ---
build-and-qualify (english, darwin-arm64)	Verify source and closed toolchain	2026-08-04T05:38:05.6376200Z   duration_ms: 325.727667
build-and-qualify (english, darwin-arm64)	Verify source and closed toolchain	2026-08-04T05:38:05.6376360Z   type: 'test'
build-and-qualify (english, darwin-arm64)	Verify source and closed toolchain	2026-08-04T05:38:05.6376480Z   ...
build-and-qualify (english, darwin-arm64)	Verify source and closed toolchain	2026-08-04T05:38:05.6376820Z # Subtest: the canonical sandboxed package entry consumes outside-authorized preflight without sudo spawn
build-and-qualify (english, darwin-arm64)	Verify source and closed toolchain	2026-08-04T05:38:05.6377370Z ok 44 - the canonical sandboxed package entry consumes outside-authorized preflight without sudo spawn
build-and-qualify (english, darwin-arm64)	Verify source and closed toolchain	2026-08-04T05:38:05.6377720Z   ---
build-and-qualify (english, darwin-arm64)	Verify source and closed toolchain	2026-08-04T05:38:05.6377850Z   duration_ms: 988.810875
build-and-qualify (english, darwin-arm64)	Verify source and closed toolchain	2026-08-04T05:38:05.6378000Z   type: 'test'
build-and-qualify (english, darwin-arm64)	Verify source and closed toolchain	2026-08-04T05:38:05.6378130Z   ...
build-and-qualify (english, darwin-arm64)	Verify source and closed toolchain	2026-08-04T05:38:05.6378440Z # Subtest: the trusted PATH is closed and rechecks every selected tool
build-and-qualify (english, darwin-arm64)	Verify source and closed toolchain	2026-08-04T05:38:05.6378790Z ok 45 - the trusted PATH is closed and rechecks every selected tool
build-and-qualify (english, darwin-arm64)	Verify source and closed toolchain	2026-08-04T05:38:05.6379040Z   ---
build-and-qualify (english, darwin-arm64)	Verify source and closed toolchain	2026-08-04T05:38:05.6379170Z   duration_ms: 103.34625
build-and-qualify (english, darwin-arm64)	Verify source and closed toolchain	2026-08-04T05:38:05.6379330Z   type: 'test'
build-and-qualify (english, darwin-arm64)	Verify source and closed toolchain	2026-08-04T05:38:05.6379460Z   ...
build-and-qualify (english, darwin-arm64)	Verify source and closed toolchain	2026-08-04T05:38:05.6379700Z # Subtest: trusted executable bytes and explicit CMake configuration are bound
build-and-qualify (english, darwin-arm64)	Verify source and closed toolchain	2026-08-04T05:38:05.6380110Z ok 46 - trusted executable bytes and explicit CMake configuration are bound
build-and-qualify (english, darwin-arm64)	Verify source and closed toolchain	2026-08-04T05:38:05.6380380Z   ---
build-and-qualify (english, darwin-arm64)	Verify source and closed toolchain	2026-08-04T05:38:05.6380520Z   duration_ms: 7.363791
build-and-qualify (english, darwin-arm64)	Verify source and closed toolchain	2026-08-04T05:38:05.6380670Z   type: 'test'
build-and-qualify (english, darwin-arm64)	Verify source and closed toolchain	2026-08-04T05:38:05.6380800Z   ...
build-and-qualify (english, darwin-arm64)	Verify source and closed toolchain	2026-08-04T05:38:05.6381020Z # Subtest: resolved CMake selection must match the bound environment
build-and-qualify (english, darwin-arm64)	Verify source and closed toolchain	2026-08-04T05:38:05.6381360Z ok 47 - resolved CMake selection must match the bound environment
build-and-qualify (english, darwin-arm64)	Verify source and closed toolchain	2026-08-04T05:38:05.6381600Z   ---
build-and-qualify (english, darwin-arm64)	Verify source and closed toolchain	2026-08-04T05:38:05.6381730Z   duration_ms: 7.49375
build-and-qualify (english, darwin-arm64)	Verify source and closed toolchain	2026-08-04T05:38:05.6381880Z   type: 'test'
build-and-qualify (english, darwin-arm64)	Verify source and closed toolchain	2026-08-04T05:38:05.6382010Z   ...
build-and-qualify (english, darwin-arm64)	Verify source and closed toolchain	2026-08-04T05:38:05.6382230Z # Subtest: every current package builder consumes the trusted owner
build-and-qualify (english, darwin-arm64)	Verify source and closed toolchain	2026-08-04T05:38:05.6382560Z ok 48 - every current package builder consumes the trusted owner
build-and-qualify (english, darwin-arm64)	Verify source and closed toolchain	2026-08-04T05:38:05.6382790Z   ---
build-and-qualify (english, darwin-arm64)	Verify source and closed toolchain	2026-08-04T05:38:05.6382920Z   duration_ms: 4.639667
build-and-qualify (english, darwin-arm64)	Verify source and closed toolchain	2026-08-04T05:38:05.6383080Z   type: 'test'
build-and-qualify (english, darwin-arm64)	Verify source and closed toolchain	2026-08-04T05:38:05.6383200Z   ...
build-and-qualify (english, darwin-arm64)	Verify source and closed toolchain	2026-08-04T05:38:05.6383480Z # Subtest: the locked Metal sed pipeline runs through only the authenticated closed PATH
build-and-qualify (english, darwin-arm64)	Verify source and closed toolchain	2026-08-04T05:38:05.6384070Z ok 49 - the locked Metal sed pipeline runs through only the authenticated closed PATH
build-and-qualify (english, darwin-arm64)	Verify source and closed toolchain	2026-08-04T05:38:05.6384490Z   ---
build-and-qualify (english, darwin-arm64)	Verify source and closed toolchain	2026-08-04T05:38:05.6384620Z   duration_ms: 691.684666
build-and-qualify (english, darwin-arm64)	Verify source and closed toolchain	2026-08-04T05:38:05.6384780Z   type: 'test'
build-and-qualify (english, darwin-arm64)	Verify source and closed toolchain	2026-08-04T05:38:05.6384910Z   ...
build-and-qualify (english, darwin-arm64)	Verify source and closed toolchain	2026-08-04T05:38:06.9999910Z # Subtest: pinned launcher build is byte deterministic and rejects public argv
build-and-qualify (english, darwin-arm64)	Verify source and closed toolchain	2026-08-04T05:38:07.0000450Z ok 50 - pinned launcher build is byte deterministic and rejects public argv
build-and-qualify (english, darwin-arm64)	Verify source and closed toolchain	2026-08-04T05:38:07.0000740Z   ---
build-and-qualify (english, darwin-arm64)	Verify source and closed toolchain	2026-08-04T05:38:07.0000890Z   duration_ms: 8998.262208
build-and-qualify (english, darwin-arm64)	Verify source and closed toolchain	2026-08-04T05:38:07.0001070Z   type: 'test'
build-and-qualify (english, darwin-arm64)	Verify source and closed toolchain	2026-08-04T05:38:07.0001200Z   ...
build-and-qualify (english, darwin-arm64)	Verify source and closed toolchain	2026-08-04T05:38:07.0051470Z # Subtest: relocated public launcher bootstraps the contained Python import root
build-and-qualify (english, darwin-arm64)	Verify source and closed toolchain	2026-08-04T05:38:07.0051970Z ok 51 - relocated public launcher bootstraps the contained Python import root
build-and-qualify (english, darwin-arm64)	Verify source and closed toolchain	2026-08-04T05:38:07.0052270Z   ---
build-and-qualify (english, darwin-arm64)	Verify source and closed toolchain	2026-08-04T05:38:07.0052420Z   duration_ms: 7277.561417
build-and-qualify (english, darwin-arm64)	Verify source and closed toolchain	2026-08-04T05:38:07.0052610Z   type: 'test'
build-and-qualify (english, darwin-arm64)	Verify source and closed toolchain	2026-08-04T05:38:07.0052740Z   ...
build-and-qualify (english, darwin-arm64)	Verify source and closed toolchain	2026-08-04T05:38:07.0052920Z # Subtest: launcher fixtures obey exact schema
build-and-qualify (english, darwin-arm64)	Verify source and closed toolchain	2026-08-04T05:38:07.0053180Z ok 52 - launcher fixtures obey exact schema
build-and-qualify (english, darwin-arm64)	Verify source and closed toolchain	2026-08-04T05:38:07.0053390Z   ---
build-and-qualify (english, darwin-arm64)	Verify source and closed toolchain	2026-08-04T05:38:07.0053530Z   duration_ms: 43.799209
build-and-qualify (english, darwin-arm64)	Verify source and closed toolchain	2026-08-04T05:38:07.0053700Z   type: 'test'
build-and-qualify (english, darwin-arm64)	Verify source and closed toolchain	2026-08-04T05:38:07.0053840Z   ...
build-and-qualify (english, darwin-arm64)	Verify source and closed toolchain	2026-08-04T05:38:07.0054010Z # Subtest: startup fixtures obey exact schema
build-and-qualify (english, darwin-arm64)	Verify source and closed toolchain	2026-08-04T05:38:07.0054260Z ok 53 - startup fixtures obey exact schema
build-and-qualify (english, darwin-arm64)	Verify source and closed toolchain	2026-08-04T05:38:07.0054570Z   ---
build-and-qualify (english, darwin-arm64)	Verify source and closed toolchain	2026-08-04T05:38:07.0054800Z   duration_ms: 25.046833
build-and-qualify (english, darwin-arm64)	Verify source and closed toolchain	2026-08-04T05:38:07.0054980Z   type: 'test'
build-and-qualify (english, darwin-arm64)	Verify source and closed toolchain	2026-08-04T05:38:07.0055340Z   ...
build-and-qualify (english, darwin-arm64)	Verify source and closed toolchain	2026-08-04T05:38:07.0055600Z # Subtest: protocol fixtures obey exact schema
build-and-qualify (english, darwin-arm64)	Verify source and closed toolchain	2026-08-04T05:38:07.0055880Z ok 54 - protocol fixtures obey exact schema
build-and-qualify (english, darwin-arm64)	Verify source and closed toolchain	2026-08-04T05:38:07.0056080Z   ---
build-and-qualify (english, darwin-arm64)	Verify source and closed toolchain	2026-08-04T05:38:07.0056220Z   duration_ms: 60.654083
build-and-qualify (english, darwin-arm64)	Verify source and closed toolchain	2026-08-04T05:38:07.0056390Z   type: 'test'
build-and-qualify (english, darwin-arm64)	Verify source and closed toolchain	2026-08-04T05:38:07.0056540Z   ...
build-and-qualify (english, darwin-arm64)	Verify source and closed toolchain	2026-08-04T05:38:07.0056720Z # Subtest: all public schemas compile strictly
build-and-qualify (english, darwin-arm64)	Verify source and closed toolchain	2026-08-04T05:38:07.0056970Z ok 55 - all public schemas compile strictly
build-and-qualify (english, darwin-arm64)	Verify source and closed toolchain	2026-08-04T05:38:07.0057190Z   ---
build-and-qualify (english, darwin-arm64)	Verify source and closed toolchain	2026-08-04T05:38:07.0057340Z   duration_ms: 208.091625
build-and-qualify (english, darwin-arm64)	Verify source and closed toolchain	2026-08-04T05:38:07.0057510Z   type: 'test'
build-and-qualify (english, darwin-arm64)	Verify source and closed toolchain	2026-08-04T05:38:07.0057650Z   ...
build-and-qualify (english, darwin-arm64)	Verify source and closed toolchain	2026-08-04T05:38:07.0057930Z # Subtest: Build Input path policy accepts the exact current Chinese source path set
build-and-qualify (english, darwin-arm64)	Verify source and closed toolchain	2026-08-04T05:38:07.0058380Z ok 56 - Build Input path policy accepts the exact current Chinese source path set
build-and-qualify (english, darwin-arm64)	Verify source and closed toolchain	2026-08-04T05:38:07.0058680Z   ---
build-and-qualify (english, darwin-arm64)	Verify source and closed toolchain	2026-08-04T05:38:07.0058820Z   duration_ms: 14.09975
build-and-qualify (english, darwin-arm64)	Verify source and closed toolchain	2026-08-04T05:38:07.0058980Z   type: 'test'
build-and-qualify (english, darwin-arm64)	Verify source and closed toolchain	2026-08-04T05:38:07.0059110Z   ...
build-and-qualify (english, darwin-arm64)	Verify source and closed toolchain	2026-08-04T05:38:07.0059370Z # Subtest: Build Input path policy rejects aliases, unsafe syntax, and collisions
build-and-qualify (english, darwin-arm64)	Verify source and closed toolchain	2026-08-04T05:38:07.0059830Z ok 57 - Build Input path policy rejects aliases, unsafe syntax, and collisions
build-and-qualify (english, darwin-arm64)	Verify source and closed toolchain	2026-08-04T05:38:07.0060110Z   ---
build-and-qualify (english, darwin-arm64)	Verify source and closed toolchain	2026-08-04T05:38:07.0060250Z   duration_ms: 0.756458
build-and-qualify (english, darwin-arm64)	Verify source and closed toolchain	2026-08-04T05:38:07.0060410Z   type: 'test'
build-and-qualify (english, darwin-arm64)	Verify source and closed toolchain	2026-08-04T05:38:07.0060550Z   ...
build-and-qualify (english, darwin-arm64)	Verify source and closed toolchain	2026-08-04T05:38:07.0060850Z # Subtest: aggregate verifier accepts the exact retained API-REV-016 Chinese manifest
build-and-qualify (english, darwin-arm64)	Verify source and closed toolchain	2026-08-04T05:38:07.0061330Z not ok 58 - aggregate verifier accepts the exact retained API-REV-016 Chinese manifest
build-and-qualify (english, darwin-arm64)	Verify source and closed toolchain	2026-08-04T05:38:07.0061640Z   ---
build-and-qualify (english, darwin-arm64)	Verify source and closed toolchain	2026-08-04T05:38:07.0061770Z   duration_ms: 0.990917
build-and-qualify (english, darwin-arm64)	Verify source and closed toolchain	2026-08-04T05:38:07.0061940Z   type: 'test'
build-and-qualify (english, darwin-arm64)	Verify source and closed toolchain	2026-08-04T05:38:07.0062600Z   location: '/private/tmp/autobyteus-actions-runner-voice-v2.336.0-20260804/_work/autobyteus-voice-runtime/autobyteus-voice-runtime/tests/release/build-input-path-contract.test.mjs:87:1'
build-and-qualify (english, darwin-arm64)	Verify source and closed toolchain	2026-08-04T05:38:07.0063250Z   failureType: 'testCodeFailure'
build-and-qualify (english, darwin-arm64)	Verify source and closed toolchain	2026-08-04T05:38:07.0064290Z   error: "ENOENT: no such file or directory, open '/private/tmp/autobyteus-actions-runner-voice-v2.336.0-20260804/_work/autobyteus-voice-runtime/autobyteus-voice-runtime/tickets/in-progress/voice-input-runtime-reliability/api-e2e-evidence/api-rev-016/chinese-darwin-arm64/build-input-manifest.json'"
build-and-qualify (english, darwin-arm64)	Verify source and closed toolchain	2026-08-04T05:38:07.0065970Z   code: 'ENOENT'
build-and-qualify (english, darwin-arm64)	Verify source and closed toolchain	2026-08-04T05:38:07.0066120Z   stack: |-
build-and-qualify (english, darwin-arm64)	Verify source and closed toolchain	2026-08-04T05:38:07.0066310Z     async open (node:internal/fs/promises:639:25)
build-and-qualify (english, darwin-arm64)	Verify source and closed toolchain	2026-08-04T05:38:07.0066960Z     async Object.readFile (node:internal/fs/promises:1252:14)
build-and-qualify (english, darwin-arm64)	Verify source and closed toolchain	2026-08-04T05:38:07.0067660Z     async readJson (file:///private/tmp/autobyteus-actions-runner-voice-v2.336.0-20260804/_work/autobyteus-voice-runtime/autobyteus-voice-runtime/build/lib/files.mjs:12:21)
build-and-qualify (english, darwin-arm64)	Verify source and closed toolchain	2026-08-04T05:38:07.0068820Z     async TestContext.<anonymous> (file:///private/tmp/autobyteus-actions-runner-voice-v2.336.0-20260804/_work/autobyteus-voice-runtime/autobyteus-voice-runtime/tests/release/build-input-path-contract.test.mjs:92:16)
build-and-qualify (english, darwin-arm64)	Verify source and closed toolchain	2026-08-04T05:38:07.0069590Z     async Test.run (node:internal/test_runner/test:1054:7)
build-and-qualify (english, darwin-arm64)	Verify source and closed toolchain	2026-08-04T05:38:07.0069980Z     async Test.processPendingSubtests (node:internal/test_runner/test:744:7)
build-and-qualify (english, darwin-arm64)	Verify source and closed toolchain	2026-08-04T05:38:07.0070270Z   ...
build-and-qualify (english, darwin-arm64)	Verify source and closed toolchain	2026-08-04T05:38:07.0070540Z # Subtest: aggregate verifier retains canonical unsafe-path and record rejection
build-and-qualify (english, darwin-arm64)	Verify source and closed toolchain	2026-08-04T05:38:07.0070980Z ok 59 - aggregate verifier retains canonical unsafe-path and record rejection
build-and-qualify (english, darwin-arm64)	Verify source and closed toolchain	2026-08-04T05:38:07.0071270Z   ---
build-and-qualify (english, darwin-arm64)	Verify source and closed toolchain	2026-08-04T05:38:07.0071420Z   duration_ms: 0.797625
build-and-qualify (english, darwin-arm64)	Verify source and closed toolchain	2026-08-04T05:38:07.0071580Z   type: 'test'
build-and-qualify (english, darwin-arm64)	Verify source and closed toolchain	2026-08-04T05:38:07.0071710Z   ...
build-and-qualify (english, darwin-arm64)	Verify source and closed toolchain	2026-08-04T05:38:07.0071970Z # Subtest: package verification rejects an unsafe Build Input manifest record
build-and-qualify (english, darwin-arm64)	Verify source and closed toolchain	2026-08-04T05:38:07.0072390Z ok 60 - package verification rejects an unsafe Build Input manifest record
build-and-qualify (english, darwin-arm64)	Verify source and closed toolchain	2026-08-04T05:38:07.0072670Z   ---
build-and-qualify (english, darwin-arm64)	Verify source and closed toolchain	2026-08-04T05:38:07.0072810Z   duration_ms: 3.77575
build-and-qualify (english, darwin-arm64)	Verify source and closed toolchain	2026-08-04T05:38:07.0072970Z   type: 'test'
build-and-qualify (english, darwin-arm64)	Verify source and closed toolchain	2026-08-04T05:38:07.0073100Z   ...
build-and-qualify (english, darwin-arm64)	Verify source and closed toolchain	2026-08-04T05:38:07.0073390Z # Subtest: materialized current Chinese routing paths pass the package verifier unchanged
build-and-qualify (english, darwin-arm64)	Verify source and closed toolchain	2026-08-04T05:38:07.0073870Z ok 61 - materialized current Chinese routing paths pass the package verifier unchanged
build-and-qualify (english, darwin-arm64)	Verify source and closed toolchain	2026-08-04T05:38:07.0074180Z   ---
build-and-qualify (english, darwin-arm64)	Verify source and closed toolchain	2026-08-04T05:38:07.0074330Z   duration_ms: 1221.152083
build-and-qualify (english, darwin-arm64)	Verify source and closed toolchain	2026-08-04T05:38:07.0074500Z   type: 'test'
build-and-qualify (english, darwin-arm64)	Verify source and closed toolchain	2026-08-04T05:38:07.0074630Z   ...
build-and-qualify (english, darwin-arm64)	Verify source and closed toolchain	2026-08-04T05:38:07.0074890Z # Subtest: Current Release Matrix is the sole exact two-entry current authority
build-and-qualify (english, darwin-arm64)	Verify source and closed toolchain	2026-08-04T05:38:07.0075320Z ok 62 - Current Release Matrix is the sole exact two-entry current authority
build-and-qualify (english, darwin-arm64)	Verify source and closed toolchain	2026-08-04T05:38:07.0075600Z   ---
build-and-qualify (english, darwin-arm64)	Verify source and closed toolchain	2026-08-04T05:38:07.0075730Z   duration_ms: 7.159708
build-and-qualify (english, darwin-arm64)	Verify source and closed toolchain	2026-08-04T05:38:07.0075890Z   type: 'test'
build-and-qualify (english, darwin-arm64)	Verify source and closed toolchain	2026-08-04T05:38:07.0076020Z   ...
build-and-qualify (english, darwin-arm64)	Verify source and closed toolchain	2026-08-04T05:38:07.0076300Z # Subtest: materializer creates a closed deterministic tree from a clean exact repository
build-and-qualify (english, darwin-arm64)	Verify source and closed toolchain	2026-08-04T05:38:07.0076760Z ok 63 - materializer creates a closed deterministic tree from a clean exact repository
build-and-qualify (english, darwin-arm64)	Verify source and closed toolchain	2026-08-04T05:38:07.0077060Z   ---
build-and-qualify (english, darwin-arm64)	Verify source and closed toolchain	2026-08-04T05:38:07.0077200Z   duration_ms: 587.018625
build-and-qualify (english, darwin-arm64)	Verify source and closed toolchain	2026-08-04T05:38:07.0077350Z   type: 'test'
build-and-qualify (english, darwin-arm64)	Verify source and closed toolchain	2026-08-04T05:38:07.0077540Z   ...
build-and-qualify (english, darwin-arm64)	Verify source and closed toolchain	2026-08-04T05:38:07.0077830Z # Subtest: branch projection is release-neutral, exact, and independently byte-recomputed
build-and-qualify (english, darwin-arm64)	Verify source and closed toolchain	2026-08-04T05:38:07.0083610Z ok 64 - branch projection is release-neutral, exact, and independently byte-recomputed
build-and-qualify (english, darwin-arm64)	Verify source and closed toolchain	2026-08-04T05:38:07.0083950Z   ---
build-and-qualify (english, darwin-arm64)	Verify source and closed toolchain	2026-08-04T05:38:07.0084090Z   duration_ms: 757.890417
build-and-qualify (english, darwin-arm64)	Verify source and closed toolchain	2026-08-04T05:38:07.0084250Z   type: 'test'
build-and-qualify (english, darwin-arm64)	Verify source and closed toolchain	2026-08-04T05:38:07.0084380Z   ...
build-and-qualify (english, darwin-arm64)	Verify source and closed toolchain	2026-08-04T05:38:07.0084690Z # Subtest: release chain is acyclic and published verification is a separate always-written result
build-and-qualify (english, darwin-arm64)	Verify source and closed toolchain	2026-08-04T05:38:07.0085210Z ok 65 - release chain is acyclic and published verification is a separate always-written result
build-and-qualify (english, darwin-arm64)	Verify source and closed toolchain	2026-08-04T05:38:07.0085530Z   ---
build-and-qualify (english, darwin-arm64)	Verify source and closed toolchain	2026-08-04T05:38:07.0085670Z   duration_ms: 1328.0935
build-and-qualify (english, darwin-arm64)	Verify source and closed toolchain	2026-08-04T05:38:07.0085830Z   type: 'test'
build-and-qualify (english, darwin-arm64)	Verify source and closed toolchain	2026-08-04T05:38:07.0085960Z   ...
build-and-qualify (english, darwin-arm64)	Verify source and closed toolchain	2026-08-04T05:38:07.0086240Z # Subtest: quarantine deletes only the failed GitHub Release and proves the tag is unchanged
build-and-qualify (english, darwin-arm64)	Verify source and closed toolchain	2026-08-04T05:38:07.0086760Z ok 66 - quarantine deletes only the failed GitHub Release and proves the tag is unchanged
build-and-qualify (english, darwin-arm64)	Verify source and closed toolchain	2026-08-04T05:38:07.0087070Z   ---
build-and-qualify (english, darwin-arm64)	Verify source and closed toolchain	2026-08-04T05:38:07.0087200Z   duration_ms: 356.517
build-and-qualify (english, darwin-arm64)	Verify source and closed toolchain	2026-08-04T05:38:07.0087750Z   type: 'test'
build-and-qualify (english, darwin-arm64)	Verify source and closed toolchain	2026-08-04T05:38:07.0087880Z   ...
build-and-qualify (english, darwin-arm64)	Verify source and closed toolchain	2026-08-04T05:38:07.0088150Z # Subtest: workflow derives two current jobs and preserves post-publication separation
build-and-qualify (english, darwin-arm64)	Verify source and closed toolchain	2026-08-04T05:38:07.0088600Z ok 67 - workflow derives two current jobs and preserves post-publication separation
build-and-qualify (english, darwin-arm64)	Verify source and closed toolchain	2026-08-04T05:38:07.0089060Z   ---
build-and-qualify (english, darwin-arm64)	Verify source and closed toolchain	2026-08-04T05:38:07.0089190Z   duration_ms: 1.206542
build-and-qualify (english, darwin-arm64)	Verify source and closed toolchain	2026-08-04T05:38:07.0089350Z   type: 'test'
build-and-qualify (english, darwin-arm64)	Verify source and closed toolchain	2026-08-04T05:38:07.0089480Z   ...
build-and-qualify (english, darwin-arm64)	Verify source and closed toolchain	2026-08-04T05:38:07.0089740Z # Subtest: generated compliance is an exact recipe/provenance/policy/notice join
build-and-qualify (english, darwin-arm64)	Verify source and closed toolchain	2026-08-04T05:38:07.0090150Z ok 68 - generated compliance is an exact recipe/provenance/policy/notice join
build-and-qualify (english, darwin-arm64)	Verify source and closed toolchain	2026-08-04T05:38:07.0090430Z   ---
build-and-qualify (english, darwin-arm64)	Verify source and closed toolchain	2026-08-04T05:38:07.0090570Z   duration_ms: 90.863833
build-and-qualify (english, darwin-arm64)	Verify source and closed toolchain	2026-08-04T05:38:07.0090720Z   type: 'test'
build-and-qualify (english, darwin-arm64)	Verify source and closed toolchain	2026-08-04T05:38:07.0090860Z   ...
build-and-qualify (english, darwin-arm64)	Verify source and closed toolchain	2026-08-04T05:38:07.0091110Z # Subtest: qualification contract fixes Seatbelt and exact 30/30/100 trial sets
build-and-qualify (english, darwin-arm64)	Verify source and closed toolchain	2026-08-04T05:38:07.0091520Z ok 69 - qualification contract fixes Seatbelt and exact 30/30/100 trial sets
build-and-qualify (english, darwin-arm64)	Verify source and closed toolchain	2026-08-04T05:38:07.0091790Z   ---
build-and-qualify (english, darwin-arm64)	Verify source and closed toolchain	2026-08-04T05:38:07.0091920Z   duration_ms: 6.665458
build-and-qualify (english, darwin-arm64)	Verify source and closed toolchain	2026-08-04T05:38:07.0092080Z   type: 'test'
build-and-qualify (english, darwin-arm64)	Verify source and closed toolchain	2026-08-04T05:38:07.0092200Z   ...
build-and-qualify (english, darwin-arm64)	Verify source and closed toolchain	2026-08-04T05:38:07.0092480Z # Subtest: every current recipe repository-file byte still matches its reviewed digest
build-and-qualify (english, darwin-arm64)	Verify source and closed toolchain	2026-08-04T05:38:07.0092930Z ok 70 - every current recipe repository-file byte still matches its reviewed digest
build-and-qualify (english, darwin-arm64)	Verify source and closed toolchain	2026-08-04T05:38:07.0093220Z   ---
build-and-qualify (english, darwin-arm64)	Verify source and closed toolchain	2026-08-04T05:38:07.0093350Z   duration_ms: 22.349667
build-and-qualify (english, darwin-arm64)	Verify source and closed toolchain	2026-08-04T05:38:07.0093500Z   type: 'test'
build-and-qualify (english, darwin-arm64)	Verify source and closed toolchain	2026-08-04T05:38:07.0093630Z   ...
build-and-qualify (english, darwin-arm64)	Verify source and closed toolchain	2026-08-04T05:38:07.0093840Z # Subtest: the captured healthy pmset thermal state is normal
build-and-qualify (english, darwin-arm64)	Verify source and closed toolchain	2026-08-04T05:38:07.0094150Z ok 71 - the captured healthy pmset thermal state is normal
build-and-qualify (english, darwin-arm64)	Verify source and closed toolchain	2026-08-04T05:38:07.0094380Z   ---
build-and-qualify (english, darwin-arm64)	Verify source and closed toolchain	2026-08-04T05:38:07.0094510Z   duration_ms: 3.775709
build-and-qualify (english, darwin-arm64)	Verify source and closed toolchain	2026-08-04T05:38:07.0094660Z   type: 'test'
build-and-qualify (english, darwin-arm64)	Verify source and closed toolchain	2026-08-04T05:38:07.0094790Z   ...
build-and-qualify (english, darwin-arm64)	Verify source and closed toolchain	2026-08-04T05:38:07.0095010Z # Subtest: an affirmative thermal or performance warning is rejected
build-and-qualify (english, darwin-arm64)	Verify source and closed toolchain	2026-08-04T05:38:07.0095370Z ok 72 - an affirmative thermal or performance warning is rejected
build-and-qualify (english, darwin-arm64)	Verify source and closed toolchain	2026-08-04T05:38:07.0095610Z   ---
build-and-qualify (english, darwin-arm64)	Verify source and closed toolchain	2026-08-04T05:38:07.0095740Z   duration_ms: 0.759042
build-and-qualify (english, darwin-arm64)	Verify source and closed toolchain	2026-08-04T05:38:07.0095890Z   type: 'test'
build-and-qualify (english, darwin-arm64)	Verify source and closed toolchain	2026-08-04T05:38:07.0096020Z   ...
build-and-qualify (english, darwin-arm64)	Verify source and closed toolchain	2026-08-04T05:38:07.0096230Z # Subtest: unrecognized or malformed thermal state is rejected
build-and-qualify (english, darwin-arm64)	Verify source and closed toolchain	2026-08-04T05:38:07.0096540Z ok 73 - unrecognized or malformed thermal state is rejected
build-and-qualify (english, darwin-arm64)	Verify source and closed toolchain	2026-08-04T05:38:07.0096770Z   ---
build-and-qualify (english, darwin-arm64)	Verify source and closed toolchain	2026-08-04T05:38:07.0096900Z   duration_ms: 0.094458
build-and-qualify (english, darwin-arm64)	Verify source and closed toolchain	2026-08-04T05:38:07.0097060Z   type: 'test'
build-and-qualify (english, darwin-arm64)	Verify source and closed toolchain	2026-08-04T05:38:07.0097190Z   ...
build-and-qualify (english, darwin-arm64)	Verify source and closed toolchain	2026-08-04T05:38:07.0097480Z # Subtest: a post-attempt functional breach controls ledger, profile exit, and retained QSet
build-and-qualify (english, darwin-arm64)	Verify source and closed toolchain	2026-08-04T05:38:07.0097970Z ok 74 - a post-attempt functional breach controls ledger, profile exit, and retained QSet
build-and-qualify (english, darwin-arm64)	Verify source and closed toolchain	2026-08-04T05:38:07.0098280Z   ---
build-and-qualify (english, darwin-arm64)	Verify source and closed toolchain	2026-08-04T05:38:07.0098410Z   duration_ms: 1207.082959
build-and-qualify (english, darwin-arm64)	Verify source and closed toolchain	2026-08-04T05:38:07.0098560Z   type: 'test'
build-and-qualify (english, darwin-arm64)	Verify source and closed toolchain	2026-08-04T05:38:07.0098700Z   ...
build-and-qualify (english, darwin-arm64)	Verify source and closed toolchain	2026-08-04T05:38:07.0098990Z # Subtest: functional preflight retains the true six-sample average and only classifies load
build-and-qualify (english, darwin-arm64)	Verify source and closed toolchain	2026-08-04T05:38:07.0099470Z ok 75 - functional preflight retains the true six-sample average and only classifies load
build-and-qualify (english, darwin-arm64)	Verify source and closed toolchain	2026-08-04T05:38:07.0099790Z   ---
build-and-qualify (english, darwin-arm64)	Verify source and closed toolchain	2026-08-04T05:38:07.0099920Z   duration_ms: 0.912875
build-and-qualify (english, darwin-arm64)	Verify source and closed toolchain	2026-08-04T05:38:07.0100070Z   type: 'test'
build-and-qualify (english, darwin-arm64)	Verify source and closed toolchain	2026-08-04T05:38:07.0100200Z   ...
build-and-qualify (english, darwin-arm64)	Verify source and closed toolchain	2026-08-04T05:38:07.0100430Z # Subtest: latency reference status cannot change functional authority
build-and-qualify (english, darwin-arm64)	Verify source and closed toolchain	2026-08-04T05:38:07.0100790Z ok 76 - latency reference status cannot change functional authority
build-and-qualify (english, darwin-arm64)	Verify source and closed toolchain	2026-08-04T05:38:07.0101040Z   ---
build-and-qualify (english, darwin-arm64)	Verify source and closed toolchain	2026-08-04T05:38:07.0101170Z   duration_ms: 0.105375
build-and-qualify (english, darwin-arm64)	Verify source and closed toolchain	2026-08-04T05:38:07.0101320Z   type: 'test'
build-and-qualify (english, darwin-arm64)	Verify source and closed toolchain	2026-08-04T05:38:07.0101460Z   ...
build-and-qualify (english, darwin-arm64)	Verify source and closed toolchain	2026-08-04T05:38:07.0101710Z # Subtest: missing timing observations cannot enter a passing functional chain
build-and-qualify (english, darwin-arm64)	Verify source and closed toolchain	2026-08-04T05:38:07.0102120Z ok 77 - missing timing observations cannot enter a passing functional chain
build-and-qualify (english, darwin-arm64)	Verify source and closed toolchain	2026-08-04T05:38:07.0102400Z   ---
build-and-qualify (english, darwin-arm64)	Verify source and closed toolchain	2026-08-04T05:38:07.0102700Z   duration_ms: 0.274875
build-and-qualify (english, darwin-arm64)	Verify source and closed toolchain	2026-08-04T05:38:07.0102850Z   type: 'test'
build-and-qualify (english, darwin-arm64)	Verify source and closed toolchain	2026-08-04T05:38:07.0102980Z   ...
build-and-qualify (english, darwin-arm64)	Verify source and closed toolchain	2026-08-04T05:38:07.0103250Z # Subtest: a failed prerequisite is durable Blocked evidence, not a load classification
build-and-qualify (english, darwin-arm64)	Verify source and closed toolchain	2026-08-04T05:38:07.0103840Z ok 78 - a failed prerequisite is durable Blocked evidence, not a load classification
build-and-qualify (english, darwin-arm64)	Verify source and closed toolchain	2026-08-04T05:38:07.0104150Z   ---
build-and-qualify (english, darwin-arm64)	Verify source and closed toolchain	2026-08-04T05:38:07.0104290Z   duration_ms: 93.204208
build-and-qualify (english, darwin-arm64)	Verify source and closed toolchain	2026-08-04T05:38:07.0104460Z   type: 'test'
build-and-qualify (english, darwin-arm64)	Verify source and closed toolchain	2026-08-04T05:38:07.0104590Z   ...
build-and-qualify (english, darwin-arm64)	Verify source and closed toolchain	2026-08-04T05:38:07.0104910Z # Subtest: Summary 2 forbids a reverse Assessment edge and Assessment 1 has no functional decision
build-and-qualify (english, darwin-arm64)	Verify source and closed toolchain	2026-08-04T05:38:07.0105430Z ok 79 - Summary 2 forbids a reverse Assessment edge and Assessment 1 has no functional decision
build-and-qualify (english, darwin-arm64)	Verify source and closed toolchain	2026-08-04T05:38:07.0105760Z   ---
build-and-qualify (english, darwin-arm64)	Verify source and closed toolchain	2026-08-04T05:38:07.0105900Z   duration_ms: 119.754417
build-and-qualify (english, darwin-arm64)	Verify source and closed toolchain	2026-08-04T05:38:07.0106060Z   type: 'test'
build-and-qualify (english, darwin-arm64)	Verify source and closed toolchain	2026-08-04T05:38:07.0106200Z   ...
build-and-qualify (english, darwin-arm64)	Verify source and closed toolchain	2026-08-04T05:38:07.0106480Z # Subtest: maintained-main proof rejects descendants and accepts equality or integration
build-and-qualify (english, darwin-arm64)	Verify source and closed toolchain	2026-08-04T05:38:07.0106960Z ok 80 - maintained-main proof rejects descendants and accepts equality or integration
build-and-qualify (english, darwin-arm64)	Verify source and closed toolchain	2026-08-04T05:38:07.0107260Z   ---
build-and-qualify (english, darwin-arm64)	Verify source and closed toolchain	2026-08-04T05:38:07.0107400Z   duration_ms: 840.997417
build-and-qualify (english, darwin-arm64)	Verify source and closed toolchain	2026-08-04T05:38:07.0107560Z   type: 'test'
build-and-qualify (english, darwin-arm64)	Verify source and closed toolchain	2026-08-04T05:38:07.0107690Z   ...
build-and-qualify (english, darwin-arm64)	Verify source and closed toolchain	2026-08-04T05:38:07.0107990Z # Subtest: performance evidence requires executed cold resets and meaningful warm samples
build-and-qualify (english, darwin-arm64)	Verify source and closed toolchain	2026-08-04T05:38:07.0108460Z ok 81 - performance evidence requires executed cold resets and meaningful warm samples
build-and-qualify (english, darwin-arm64)	Verify source and closed toolchain	2026-08-04T05:38:07.0108770Z   ---
build-and-qualify (english, darwin-arm64)	Verify source and closed toolchain	2026-08-04T05:38:07.0108900Z   duration_ms: 8.229458
build-and-qualify (english, darwin-arm64)	Verify source and closed toolchain	2026-08-04T05:38:07.0109050Z   type: 'test'
build-and-qualify (english, darwin-arm64)	Verify source and closed toolchain	2026-08-04T05:38:07.0109170Z   ...
build-and-qualify (english, darwin-arm64)	Verify source and closed toolchain	2026-08-04T05:38:07.0109410Z # Subtest: Profile Resource Policy closes the exact matrix without defaults
build-and-qualify (english, darwin-arm64)	Verify source and closed toolchain	2026-08-04T05:38:07.0110000Z ok 82 - Profile Resource Policy closes the exact matrix without defaults
build-and-qualify (english, darwin-arm64)	Verify source and closed toolchain	2026-08-04T05:38:07.0111020Z   ---
build-and-qualify (english, darwin-arm64)	Verify source and closed toolchain	2026-08-04T05:38:07.0111190Z   duration_ms: 43.647583
build-and-qualify (english, darwin-arm64)	Verify source and closed toolchain	2026-08-04T05:38:07.0111370Z   type: 'test'
build-and-qualify (english, darwin-arm64)	Verify source and closed toolchain	2026-08-04T05:38:07.0111510Z   ...
build-and-qualify (english, darwin-arm64)	Verify source and closed toolchain	2026-08-04T05:38:07.0112060Z # Subtest: Chinese 3,949,543,424-byte peak passes hard 4 GiB and misses only optimization
build-and-qualify (english, darwin-arm64)	Verify source and closed toolchain	2026-08-04T05:38:07.0112570Z ok 83 - Chinese 3,949,543,424-byte peak passes hard 4 GiB and misses only optimization
build-and-qualify (english, darwin-arm64)	Verify source and closed toolchain	2026-08-04T05:38:07.0112860Z   ---
build-and-qualify (english, darwin-arm64)	Verify source and closed toolchain	2026-08-04T05:38:07.0113000Z   duration_ms: 21.111417
build-and-qualify (english, darwin-arm64)	Verify source and closed toolchain	2026-08-04T05:38:07.0113170Z   type: 'test'
build-and-qualify (english, darwin-arm64)	Verify source and closed toolchain	2026-08-04T05:38:07.0113300Z   ...
build-and-qualify (english, darwin-arm64)	Verify source and closed toolchain	2026-08-04T05:38:07.0113490Z # Subtest: English retains the 2.5 GiB hard boundary
build-and-qualify (english, darwin-arm64)	Verify source and closed toolchain	2026-08-04T05:38:07.0113760Z ok 84 - English retains the 2.5 GiB hard boundary
build-and-qualify (english, darwin-arm64)	Verify source and closed toolchain	2026-08-04T05:38:07.0113980Z   ---
build-and-qualify (english, darwin-arm64)	Verify source and closed toolchain	2026-08-04T05:38:07.0114120Z   duration_ms: 14.78825
build-and-qualify (english, darwin-arm64)	Verify source and closed toolchain	2026-08-04T05:38:07.0114280Z   type: 'test'
build-and-qualify (english, darwin-arm64)	Verify source and closed toolchain	2026-08-04T05:38:07.0114410Z   ...
build-and-qualify (english, darwin-arm64)	Verify source and closed toolchain	2026-08-04T05:38:07.0114630Z # Subtest: policy bytes are matrix-bound and cannot be substituted
build-and-qualify (english, darwin-arm64)	Verify source and closed toolchain	2026-08-04T05:38:07.0114990Z ok 85 - policy bytes are matrix-bound and cannot be substituted
build-and-qualify (english, darwin-arm64)	Verify source and closed toolchain	2026-08-04T05:38:07.0115240Z   ---
build-and-qualify (english, darwin-arm64)	Verify source and closed toolchain	2026-08-04T05:38:07.0115380Z   duration_ms: 14.699875
build-and-qualify (english, darwin-arm64)	Verify source and closed toolchain	2026-08-04T05:38:07.0115540Z   type: 'test'
build-and-qualify (english, darwin-arm64)	Verify source and closed toolchain	2026-08-04T05:38:07.0115680Z   ...
build-and-qualify (english, darwin-arm64)	Verify source and closed toolchain	2026-08-04T05:38:07.0115880Z # Subtest: a started timeout is durable before and after failure
build-and-qualify (english, darwin-arm64)	Verify source and closed toolchain	2026-08-04T05:38:07.0116210Z ok 86 - a started timeout is durable before and after failure
build-and-qualify (english, darwin-arm64)	Verify source and closed toolchain	2026-08-04T05:38:07.0116440Z   ---
build-and-qualify (english, darwin-arm64)	Verify source and closed toolchain	2026-08-04T05:38:07.0116570Z   duration_ms: 26.11325
build-and-qualify (english, darwin-arm64)	Verify source and closed toolchain	2026-08-04T05:38:07.0116720Z   type: 'test'
build-and-qualify (english, darwin-arm64)	Verify source and closed toolchain	2026-08-04T05:38:07.0116850Z   ...
build-and-qualify (english, darwin-arm64)	Verify source and closed toolchain	2026-08-04T05:38:07.0117180Z # Subtest: production-shaped process loss retains ledger, Summary, and Assessment before terminal failure
build-and-qualify (english, darwin-arm64)	Verify source and closed toolchain	2026-08-04T05:38:07.0117750Z ok 87 - production-shaped process loss retains ledger, Summary, and Assessment before terminal failure
build-and-qualify (english, darwin-arm64)	Verify source and closed toolchain	2026-08-04T05:38:07.0118100Z   ---
build-and-qualify (english, darwin-arm64)	Verify source and closed toolchain	2026-08-04T05:38:07.0118230Z   duration_ms: 356.391625
build-and-qualify (english, darwin-arm64)	Verify source and closed toolchain	2026-08-04T05:38:07.0118390Z   type: 'test'
build-and-qualify (english, darwin-arm64)	Verify source and closed toolchain	2026-08-04T05:38:07.0118510Z   ...
build-and-qualify (english, darwin-arm64)	Verify source and closed toolchain	2026-08-04T05:38:07.0118830Z # Subtest: release schema rejects declarative pass records without raw identities and measurements
build-and-qualify (english, darwin-arm64)	Verify source and closed toolchain	2026-08-04T05:38:07.0119720Z ok 88 - release schema rejects declarative pass records without raw identities and measurements
build-and-qualify (english, darwin-arm64)	Verify source and closed toolchain	2026-08-04T05:38:07.0120050Z   ---
build-and-qualify (english, darwin-arm64)	Verify source and closed toolchain	2026-08-04T05:38:07.0120330Z   duration_ms: 61.9305
build-and-qualify (english, darwin-arm64)	Verify source and closed toolchain	2026-08-04T05:38:07.0120490Z   type: 'test'
build-and-qualify (english, darwin-arm64)	Verify source and closed toolchain	2026-08-04T05:38:07.0120620Z   ...
build-and-qualify (english, darwin-arm64)	Verify source and closed toolchain	2026-08-04T05:38:07.0120930Z # Subtest: candidate history retains selected and unsuccessful improvement lanes by exact digest
build-and-qualify (english, darwin-arm64)	Verify source and closed toolchain	2026-08-04T05:38:07.0121440Z ok 89 - candidate history retains selected and unsuccessful improvement lanes by exact digest
build-and-qualify (english, darwin-arm64)	Verify source and closed toolchain	2026-08-04T05:38:07.0121760Z   ---
build-and-qualify (english, darwin-arm64)	Verify source and closed toolchain	2026-08-04T05:38:07.0121900Z   duration_ms: 13.355375
build-and-qualify (english, darwin-arm64)	Verify source and closed toolchain	2026-08-04T05:38:07.0122050Z   type: 'test'
build-and-qualify (english, darwin-arm64)	Verify source and closed toolchain	2026-08-04T05:38:07.0122190Z   ...
build-and-qualify (english, darwin-arm64)	Verify source and closed toolchain	2026-08-04T05:38:07.0122450Z # Subtest: release workflow qualifies before creating a tag and has no tag trigger
build-and-qualify (english, darwin-arm64)	Verify source and closed toolchain	2026-08-04T05:38:07.0122910Z ok 90 - release workflow qualifies before creating a tag and has no tag trigger
build-and-qualify (english, darwin-arm64)	Verify source and closed toolchain	2026-08-04T05:38:07.0123550Z   ---
build-and-qualify (english, darwin-arm64)	Verify source and closed toolchain	2026-08-04T05:38:07.0123840Z   duration_ms: 4.180125
build-and-qualify (english, darwin-arm64)	Verify source and closed toolchain	2026-08-04T05:38:07.0124020Z   type: 'test'
build-and-qualify (english, darwin-arm64)	Verify source and closed toolchain	2026-08-04T05:38:07.0124170Z   ...
build-and-qualify (english, darwin-arm64)	Verify source and closed toolchain	2026-08-04T05:38:07.0125120Z # Subtest: the non-root preflight identifies execute-only sudo without reading it
build-and-qualify (english, darwin-arm64)	Verify source and closed toolchain	2026-08-04T05:38:07.0125760Z ok 91 - the non-root preflight identifies execute-only sudo without reading it
build-and-qualify (english, darwin-arm64)	Verify source and closed toolchain	2026-08-04T05:38:07.0126080Z   ---
build-and-qualify (english, darwin-arm64)	Verify source and closed toolchain	2026-08-04T05:38:07.0126230Z   duration_ms: 58.414042
build-and-qualify (english, darwin-arm64)	Verify source and closed toolchain	2026-08-04T05:38:07.0126400Z   type: 'test'
build-and-qualify (english, darwin-arm64)	Verify source and closed toolchain	2026-08-04T05:38:07.0126530Z   ...
build-and-qualify (english, darwin-arm64)	Verify source and closed toolchain	2026-08-04T05:38:07.0126810Z # Subtest: repository-owned baseline rejects wrong digest and semantic identities
build-and-qualify (english, darwin-arm64)	Verify source and closed toolchain	2026-08-04T05:38:07.0127370Z ok 92 - repository-owned baseline rejects wrong digest and semantic identities
build-and-qualify (english, darwin-arm64)	Verify source and closed toolchain	2026-08-04T05:38:07.0127830Z   ---
build-and-qualify (english, darwin-arm64)	Verify source and closed toolchain	2026-08-04T05:38:07.0127990Z   duration_ms: 61.591458
build-and-qualify (english, darwin-arm64)	Verify source and closed toolchain	2026-08-04T05:38:07.0128160Z   type: 'test'
build-and-qualify (english, darwin-arm64)	Verify source and closed toolchain	2026-08-04T05:38:07.0128300Z   ...
build-and-qualify (english, darwin-arm64)	Verify source and closed toolchain	2026-08-04T05:38:07.0128960Z # Subtest: English v2 authority replaces invalid final v1 files without changing the trust boundary
build-and-qualify (english, darwin-arm64)	Verify source and closed toolchain	2026-08-04T05:38:07.0129960Z ok 93 - English v2 authority replaces invalid final v1 files without changing the trust boundary
build-and-qualify (english, darwin-arm64)	Verify source and closed toolchain	2026-08-04T05:38:07.0130360Z   ---
build-and-qualify (english, darwin-arm64)	Verify source and closed toolchain	2026-08-04T05:38:07.0130560Z   duration_ms: 23.420208
build-and-qualify (english, darwin-arm64)	Verify source and closed toolchain	2026-08-04T05:38:07.0130750Z   type: 'test'
build-and-qualify (english, darwin-arm64)	Verify source and closed toolchain	2026-08-04T05:38:07.0131150Z   ...
build-and-qualify (english, darwin-arm64)	Verify source and closed toolchain	2026-08-04T05:38:07.0131890Z # Subtest: Chinese v2 trust is scoring-bound and active v1 cannot participate
build-and-qualify (english, darwin-arm64)	Verify source and closed toolchain	2026-08-04T05:38:07.0132790Z ok 94 - Chinese v2 trust is scoring-bound and active v1 cannot participate
build-and-qualify (english, darwin-arm64)	Verify source and closed toolchain	2026-08-04T05:38:07.0133090Z   ---
build-and-qualify (english, darwin-arm64)	Verify source and closed toolchain	2026-08-04T05:38:07.0133240Z   duration_ms: 36.035
build-and-qualify (english, darwin-arm64)	Verify source and closed toolchain	2026-08-04T05:38:07.0133400Z   type: 'test'
build-and-qualify (english, darwin-arm64)	Verify source and closed toolchain	2026-08-04T05:38:07.0133540Z   ...
build-and-qualify (english, darwin-arm64)	Verify source and closed toolchain	2026-08-04T05:38:07.0133800Z # Subtest: checked-in corpus and baseline require 49 unique one-to-one identities
build-and-qualify (english, darwin-arm64)	Verify source and closed toolchain	2026-08-04T05:38:07.0134230Z ok 95 - checked-in corpus and baseline require 49 unique one-to-one identities
build-and-qualify (english, darwin-arm64)	Verify source and closed toolchain	2026-08-04T05:38:07.0134510Z   ---
build-and-qualify (english, darwin-arm64)	Verify source and closed toolchain	2026-08-04T05:38:07.0134660Z   duration_ms: 1.343542
build-and-qualify (english, darwin-arm64)	Verify source and closed toolchain	2026-08-04T05:38:07.0134820Z   type: 'test'
build-and-qualify (english, darwin-arm64)	Verify source and closed toolchain	2026-08-04T05:38:07.0134960Z   ...
build-and-qualify (english, darwin-arm64)	Verify source and closed toolchain	2026-08-04T05:38:07.0135310Z # Subtest: production corpus validator covers the English-v2 manifest shape and rejects duplicate identities
build-and-qualify (english, darwin-arm64)	Verify source and closed toolchain	2026-08-04T05:38:07.0135890Z ok 96 - production corpus validator covers the English-v2 manifest shape and rejects duplicate identities
build-and-qualify (english, darwin-arm64)	Verify source and closed toolchain	2026-08-04T05:38:07.0136250Z   ---
build-and-qualify (english, darwin-arm64)	Verify source and closed toolchain	2026-08-04T05:38:07.0136390Z   duration_ms: 254.362084
build-and-qualify (english, darwin-arm64)	Verify source and closed toolchain	2026-08-04T05:38:07.0136550Z   type: 'test'
build-and-qualify (english, darwin-arm64)	Verify source and closed toolchain	2026-08-04T05:38:07.0136680Z   ...
build-and-qualify (english, darwin-arm64)	Verify source and closed toolchain	2026-08-04T05:38:07.0136910Z # Subtest: English v2 authority rejects changed immutable source bytes
build-and-qualify (english, darwin-arm64)	Verify source and closed toolchain	2026-08-04T05:38:07.0137280Z ok 97 - English v2 authority rejects changed immutable source bytes
build-and-qualify (english, darwin-arm64)	Verify source and closed toolchain	2026-08-04T05:38:07.0137530Z   ---
build-and-qualify (english, darwin-arm64)	Verify source and closed toolchain	2026-08-04T05:38:07.0137670Z   duration_ms: 11.376708
build-and-qualify (english, darwin-arm64)	Verify source and closed toolchain	2026-08-04T05:38:07.0137830Z   type: 'test'
build-and-qualify (english, darwin-arm64)	Verify source and closed toolchain	2026-08-04T05:38:07.0137960Z   ...
build-and-qualify (english, darwin-arm64)	Verify source and closed toolchain	2026-08-04T05:38:07.0138260Z # Subtest: English v2 reproduction rejects changed generated authority when five other outputs match
build-and-qualify (english, darwin-arm64)	Verify source and closed toolchain	2026-08-04T05:38:07.0138800Z ok 98 - English v2 reproduction rejects changed generated authority when five other outputs match
build-and-qualify (english, darwin-arm64)	Verify source and closed toolchain	2026-08-04T05:38:07.0139580Z   ---
build-and-qualify (english, darwin-arm64)	Verify source and closed toolchain	2026-08-04T05:38:07.0139720Z   duration_ms: 14.483166
build-and-qualify (english, darwin-arm64)	Verify source and closed toolchain	2026-08-04T05:38:07.0139870Z   type: 'test'
build-and-qualify (english, darwin-arm64)	Verify source and closed toolchain	2026-08-04T05:38:07.0140210Z   ...
build-and-qualify (english, darwin-arm64)	Verify source and closed toolchain	2026-08-04T05:38:07.0140430Z # Subtest: frozen Chinese scorer reproduces all 200 rows and 343/6580
build-and-qualify (english, darwin-arm64)	Verify source and closed toolchain	2026-08-04T05:38:07.0140780Z ok 99 - frozen Chinese scorer reproduces all 200 rows and 343/6580
build-and-qualify (english, darwin-arm64)	Verify source and closed toolchain	2026-08-04T05:38:07.0141020Z   ---
build-and-qualify (english, darwin-arm64)	Verify source and closed toolchain	2026-08-04T05:38:07.0141160Z   duration_ms: 56.826708
build-and-qualify (english, darwin-arm64)	Verify source and closed toolchain	2026-08-04T05:38:07.0141320Z   type: 'test'
build-and-qualify (english, darwin-arm64)	Verify source and closed toolchain	2026-08-04T05:38:07.0141450Z   ...
build-and-qualify (english, darwin-arm64)	Verify source and closed toolchain	2026-08-04T05:38:07.0141750Z # Subtest: Chinese scoring authority binds exact contract/map and excludes product punctuation
build-and-qualify (english, darwin-arm64)	Verify source and closed toolchain	2026-08-04T05:38:07.0142250Z ok 100 - Chinese scoring authority binds exact contract/map and excludes product punctuation
build-and-qualify (english, darwin-arm64)	Verify source and closed toolchain	2026-08-04T05:38:07.0142560Z   ---
build-and-qualify (english, darwin-arm64)	Verify source and closed toolchain	2026-08-04T05:38:07.0142690Z   duration_ms: 48.96
build-and-qualify (english, darwin-arm64)	Verify source and closed toolchain	2026-08-04T05:38:07.0142840Z   type: 'test'
build-and-qualify (english, darwin-arm64)	Verify source and closed toolchain	2026-08-04T05:38:07.0142970Z   ...
build-and-qualify (english, darwin-arm64)	Verify source and closed toolchain	2026-08-04T05:38:07.0143200Z # Subtest: retained API-REV-014 raw text re-scores to exact 342/6580
build-and-qualify (english, darwin-arm64)	Verify source and closed toolchain	2026-08-04T05:38:07.0143580Z not ok 101 - retained API-REV-014 raw text re-scores to exact 342/6580
build-and-qualify (english, darwin-arm64)	Verify source and closed toolchain	2026-08-04T05:38:07.0143830Z   ---
build-and-qualify (english, darwin-arm64)	Verify source and closed toolchain	2026-08-04T05:38:07.0143970Z   duration_ms: 1.502459
build-and-qualify (english, darwin-arm64)	Verify source and closed toolchain	2026-08-04T05:38:07.0144120Z   type: 'test'
build-and-qualify (english, darwin-arm64)	Verify source and closed toolchain	2026-08-04T05:38:07.0144740Z   location: '/private/tmp/autobyteus-actions-runner-voice-v2.336.0-20260804/_work/autobyteus-voice-runtime/autobyteus-voice-runtime/tests/scoring/chinese-qualification.test.mjs:91:1'
build-and-qualify (english, darwin-arm64)	Verify source and closed toolchain	2026-08-04T05:38:07.0145370Z   failureType: 'testCodeFailure'
build-and-qualify (english, darwin-arm64)	Verify source and closed toolchain	2026-08-04T05:38:07.0146340Z   error: "ENOENT: no such file or directory, open '/private/tmp/autobyteus-actions-runner-voice-v2.336.0-20260804/_work/autobyteus-voice-runtime/autobyteus-voice-runtime/tickets/in-progress/voice-input-runtime-reliability/api-e2e-evidence/api-rev-014/chinese-darwin-arm64/raw-results.json'"
build-and-qualify (english, darwin-arm64)	Verify source and closed toolchain	2026-08-04T05:38:07.0147250Z   code: 'ENOENT'
build-and-qualify (english, darwin-arm64)	Verify source and closed toolchain	2026-08-04T05:38:07.0147390Z   stack: |-
build-and-qualify (english, darwin-arm64)	Verify source and closed toolchain	2026-08-04T05:38:07.0147570Z     async open (node:internal/fs/promises:639:25)
build-and-qualify (english, darwin-arm64)	Verify source and closed toolchain	2026-08-04T05:38:07.0147860Z     async Object.readFile (node:internal/fs/promises:1252:14)
build-and-qualify (english, darwin-arm64)	Verify source and closed toolchain	2026-08-04T05:38:07.0148530Z     async shaFile (file:///private/tmp/autobyteus-actions-runner-voice-v2.336.0-20260804/_work/autobyteus-voice-runtime/autobyteus-voice-runtime/build/lib/files.mjs:9:17)
build-and-qualify (english, darwin-arm64)	Verify source and closed toolchain	2026-08-04T05:38:07.0149640Z     async TestContext.<anonymous> (file:///private/tmp/autobyteus-actions-runner-voice-v2.336.0-20260804/_work/autobyteus-voice-runtime/autobyteus-voice-runtime/tests/scoring/chinese-qualification.test.mjs:97:5)
build-and-qualify (english, darwin-arm64)	Verify source and closed toolchain	2026-08-04T05:38:07.0150400Z     async Test.run (node:internal/test_runner/test:1054:7)
build-and-qualify (english, darwin-arm64)	Verify source and closed toolchain	2026-08-04T05:38:07.0150770Z     async Test.processPendingSubtests (node:internal/test_runner/test:744:7)
build-and-qualify (english, darwin-arm64)	Verify source and closed toolchain	2026-08-04T05:38:07.0151060Z   ...
build-and-qualify (english, darwin-arm64)	Verify source and closed toolchain	2026-08-04T05:38:07.0151230Z # Subtest: normalization fixtures are exact
build-and-qualify (english, darwin-arm64)	Verify source and closed toolchain	2026-08-04T05:38:07.0151480Z ok 102 - normalization fixtures are exact
build-and-qualify (english, darwin-arm64)	Verify source and closed toolchain	2026-08-04T05:38:07.0151670Z   ---
build-and-qualify (english, darwin-arm64)	Verify source and closed toolchain	2026-08-04T05:38:07.0151800Z   duration_ms: 5.63125
build-and-qualify (english, darwin-arm64)	Verify source and closed toolchain	2026-08-04T05:38:07.0151960Z   type: 'test'
build-and-qualify (english, darwin-arm64)	Verify source and closed toolchain	2026-08-04T05:38:07.0152100Z   ...
build-and-qualify (english, darwin-arm64)	Verify source and closed toolchain	2026-08-04T05:38:07.0152310Z # Subtest: Chinese qualification CER is separate and symmetric
build-and-qualify (english, darwin-arm64)	Verify source and closed toolchain	2026-08-04T05:38:07.0152640Z ok 103 - Chinese qualification CER is separate and symmetric
build-and-qualify (english, darwin-arm64)	Verify source and closed toolchain	2026-08-04T05:38:07.0152880Z   ---
build-and-qualify (english, darwin-arm64)	Verify source and closed toolchain	2026-08-04T05:38:07.0153010Z   duration_ms: 0.498875
build-and-qualify (english, darwin-arm64)	Verify source and closed toolchain	2026-08-04T05:38:07.0153170Z   type: 'test'
build-and-qualify (english, darwin-arm64)	Verify source and closed toolchain	2026-08-04T05:38:07.0153300Z   ...
build-and-qualify (english, darwin-arm64)	Verify source and closed toolchain	2026-08-04T05:38:07.0153550Z # Subtest: canonical dictionary pipeline matches pinned OpenCC twp-to-cn
build-and-qualify (english, darwin-arm64)	Verify source and closed toolchain	2026-08-04T05:38:07.0154230Z ok 104 - canonical dictionary pipeline matches pinned OpenCC twp-to-cn
build-and-qualify (english, darwin-arm64)	Verify source and closed toolchain	2026-08-04T05:38:07.0154550Z   ---
build-and-qualify (english, darwin-arm64)	Verify source and closed toolchain	2026-08-04T05:38:07.0160300Z   duration_ms: 9.780792
build-and-qualify (english, darwin-arm64)	Verify source and closed toolchain	2026-08-04T05:38:07.0160480Z   type: 'test'
build-and-qualify (english, darwin-arm64)	Verify source and closed toolchain	2026-08-04T05:38:07.0160620Z   ...
build-and-qualify (english, darwin-arm64)	Verify source and closed toolchain	2026-08-04T05:38:07.0160750Z 1..104
build-and-qualify (english, darwin-arm64)	Verify source and closed toolchain	2026-08-04T05:38:07.0160890Z # tests 111
build-and-qualify (english, darwin-arm64)	Verify source and closed toolchain	2026-08-04T05:38:07.0161020Z # suites 0
build-and-qualify (english, darwin-arm64)	Verify source and closed toolchain	2026-08-04T05:38:07.0161150Z # pass 109
build-and-qualify (english, darwin-arm64)	Verify source and closed toolchain	2026-08-04T05:38:07.0161320Z # fail 2
build-and-qualify (english, darwin-arm64)	Verify source and closed toolchain	2026-08-04T05:38:07.0162010Z # cancelled 0
build-and-qualify (english, darwin-arm64)	Verify source and closed toolchain	2026-08-04T05:38:07.0162190Z # skipped 0
build-and-qualify (english, darwin-arm64)	Verify source and closed toolchain	2026-08-04T05:38:07.0162480Z # todo 0
build-and-qualify (english, darwin-arm64)	Verify source and closed toolchain	2026-08-04T05:38:07.0162660Z # duration_ms 9320.427709
build-and-qualify (english, darwin-arm64)	Verify source and closed toolchain	2026-08-04T05:38:07.0225970Z ##[error]Process completed with exit code 1.
build-and-qualify (english, darwin-arm64)	Run actions/upload-artifact@v4	﻿2026-08-04T05:38:07.0299110Z Node 20 is being deprecated. This workflow is running with Node 24 by default. If you need to temporarily use Node 20, you can set the ACTIONS_ALLOW_USE_UNSECURE_NODE_VERSION=true environment variable. For more information see: https://github.blog/changelog/2025-09-19-deprecation-of-node-20-on-github-actions-runners/
build-and-qualify (english, darwin-arm64)	Run actions/upload-artifact@v4	2026-08-04T05:38:07.0300400Z ##[group]Run actions/upload-artifact@v4
build-and-qualify (english, darwin-arm64)	Run actions/upload-artifact@v4	2026-08-04T05:38:07.0300590Z with:
build-and-qualify (english, darwin-arm64)	Run actions/upload-artifact@v4	2026-08-04T05:38:07.0300730Z   name: qualified-english-darwin-arm64
build-and-qualify (english, darwin-arm64)	Run actions/upload-artifact@v4	2026-08-04T05:38:07.0300920Z   path: out/
build-and-qualify (english, darwin-arm64)	Run actions/upload-artifact@v4	2026-08-04T05:38:07.0301050Z   if-no-files-found: error
build-and-qualify (english, darwin-arm64)	Run actions/upload-artifact@v4	2026-08-04T05:38:07.0301210Z   retention-days: 7
build-and-qualify (english, darwin-arm64)	Run actions/upload-artifact@v4	2026-08-04T05:38:07.0301360Z   compression-level: 0
build-and-qualify (english, darwin-arm64)	Run actions/upload-artifact@v4	2026-08-04T05:38:07.0301500Z   overwrite: false
build-and-qualify (english, darwin-arm64)	Run actions/upload-artifact@v4	2026-08-04T05:38:07.0301660Z   include-hidden-files: false
build-and-qualify (english, darwin-arm64)	Run actions/upload-artifact@v4	2026-08-04T05:38:07.0301820Z env:
build-and-qualify (english, darwin-arm64)	Run actions/upload-artifact@v4	2026-08-04T05:38:07.0301940Z   VOICE_RELEASE_TAG_INPUT: v1.0.0
build-and-qualify (english, darwin-arm64)	Run actions/upload-artifact@v4	2026-08-04T05:38:07.0302130Z   VOICE_RUNTIME_VERSION_INPUT: 1.0.0
build-and-qualify (english, darwin-arm64)	Run actions/upload-artifact@v4	2026-08-04T05:38:07.0302330Z   VOICE_QUALIFICATION_RUN_ID_INPUT: 
build-and-qualify (english, darwin-arm64)	Run actions/upload-artifact@v4	2026-08-04T05:38:07.0302520Z ##[endgroup]
build-and-qualify (english, darwin-arm64)	Run actions/upload-artifact@v4	2026-08-04T05:38:07.1655120Z (node:29909) [DEP0040] DeprecationWarning: The `punycode` module is deprecated. Please use a userland alternative instead.
build-and-qualify (english, darwin-arm64)	Run actions/upload-artifact@v4	2026-08-04T05:38:07.1655860Z (Use `node --trace-deprecation ...` to show where the warning was created)
build-and-qualify (english, darwin-arm64)	Run actions/upload-artifact@v4	2026-08-04T05:38:07.1674100Z ##[error]No files were found with the provided path: out/. No artifacts will be uploaded.
build-and-qualify (english, darwin-arm64)	Stop job-owned sleep prevention	﻿2026-08-04T05:38:07.1740600Z ##[group]Run if test -f "$RUNNER_TEMP/voice-caffeinate.pid"; then
build-and-qualify (english, darwin-arm64)	Stop job-owned sleep prevention	2026-08-04T05:38:07.1740980Z [36;1mif test -f "$RUNNER_TEMP/voice-caffeinate.pid"; then[0m
build-and-qualify (english, darwin-arm64)	Stop job-owned sleep prevention	2026-08-04T05:38:07.1741370Z [36;1m  kill "$(cat "$RUNNER_TEMP/voice-caffeinate.pid")" 2>/dev/null || true[0m
build-and-qualify (english, darwin-arm64)	Stop job-owned sleep prevention	2026-08-04T05:38:07.1741650Z [36;1mfi[0m
build-and-qualify (english, darwin-arm64)	Stop job-owned sleep prevention	2026-08-04T05:38:07.1775390Z shell: /bin/bash --noprofile --norc -e -o pipefail {0}
build-and-qualify (english, darwin-arm64)	Stop job-owned sleep prevention	2026-08-04T05:38:07.1776900Z env:
build-and-qualify (english, darwin-arm64)	Stop job-owned sleep prevention	2026-08-04T05:38:07.1777800Z   VOICE_RELEASE_TAG_INPUT: v1.0.0
build-and-qualify (english, darwin-arm64)	Stop job-owned sleep prevention	2026-08-04T05:38:07.1778300Z   VOICE_RUNTIME_VERSION_INPUT: 1.0.0
build-and-qualify (english, darwin-arm64)	Stop job-owned sleep prevention	2026-08-04T05:38:07.1778560Z   VOICE_QUALIFICATION_RUN_ID_INPUT: 
build-and-qualify (english, darwin-arm64)	Stop job-owned sleep prevention	2026-08-04T05:38:07.1778900Z ##[endgroup]
build-and-qualify (english, darwin-arm64)	Post Run actions/checkout@v4	﻿2026-08-04T05:38:07.2144270Z Node 20 is being deprecated. This workflow is running with Node 24 by default. If you need to temporarily use Node 20, you can set the ACTIONS_ALLOW_USE_UNSECURE_NODE_VERSION=true environment variable. For more information see: https://github.blog/changelog/2025-09-19-deprecation-of-node-20-on-github-actions-runners/
build-and-qualify (english, darwin-arm64)	Post Run actions/checkout@v4	2026-08-04T05:38:07.2145240Z Post job cleanup.
build-and-qualify (english, darwin-arm64)	Post Run actions/checkout@v4	2026-08-04T05:38:07.3066510Z [command]/usr/bin/git version
build-and-qualify (english, darwin-arm64)	Post Run actions/checkout@v4	2026-08-04T05:38:07.3261380Z git version 2.50.1 (Apple Git-155)
build-and-qualify (english, darwin-arm64)	Post Run actions/checkout@v4	2026-08-04T05:38:07.3288440Z Temporarily overriding HOME='/private/tmp/autobyteus-actions-runner-voice-v2.336.0-20260804/_work/_temp/dd95161b-df82-4e0f-abf0-ad15d8d5a74c' before making global git config changes
build-and-qualify (english, darwin-arm64)	Post Run actions/checkout@v4	2026-08-04T05:38:07.3289390Z Adding repository directory to the temporary git global config as a safe directory
build-and-qualify (english, darwin-arm64)	Post Run actions/checkout@v4	2026-08-04T05:38:07.3292950Z [command]/usr/bin/git config --global --add safe.directory /private/tmp/autobyteus-actions-runner-voice-v2.336.0-20260804/_work/autobyteus-voice-runtime/autobyteus-voice-runtime
build-and-qualify (english, darwin-arm64)	Post Run actions/checkout@v4	2026-08-04T05:38:07.4230300Z [command]/usr/bin/git config --local --name-only --get-regexp core\.sshCommand
build-and-qualify (english, darwin-arm64)	Post Run actions/checkout@v4	2026-08-04T05:38:07.4422010Z [command]/usr/bin/git submodule foreach --recursive sh -c "git config --local --name-only --get-regexp 'core\.sshCommand' && git config --local --unset-all 'core.sshCommand' || :"
build-and-qualify (english, darwin-arm64)	Post Run actions/checkout@v4	2026-08-04T05:38:07.5516400Z [command]/usr/bin/git config --local --name-only --get-regexp http\.https\:\/\/github\.com\/\.extraheader
build-and-qualify (english, darwin-arm64)	Post Run actions/checkout@v4	2026-08-04T05:38:07.5692250Z http.https://github.com/.extraheader
build-and-qualify (english, darwin-arm64)	Post Run actions/checkout@v4	2026-08-04T05:38:07.5699610Z [command]/usr/bin/git config --local --unset-all http.https://github.com/.extraheader
build-and-qualify (english, darwin-arm64)	Post Run actions/checkout@v4	2026-08-04T05:38:07.5884170Z [command]/usr/bin/git submodule foreach --recursive sh -c "git config --local --name-only --get-regexp 'http\.https\:\/\/github\.com\/\.extraheader' && git config --local --unset-all 'http.https://github.com/.extraheader' || :"
build-and-qualify (english, darwin-arm64)	Post Run actions/checkout@v4	2026-08-04T05:38:07.6969880Z [command]/usr/bin/git config --local --name-only --get-regexp ^includeIf\.gitdir:
build-and-qualify (english, darwin-arm64)	Post Run actions/checkout@v4	2026-08-04T05:38:07.7153070Z [command]/usr/bin/git submodule foreach --recursive git config --local --show-origin --name-only --get-regexp remote.origin.url
build-and-qualify (english, darwin-arm64)	Complete job	﻿2026-08-04T05:38:07.8310770Z Cleaning up orphan processes
build-and-qualify (english, darwin-arm64)	Complete job	2026-08-04T05:38:07.9776670Z ##[warning]Node.js 20 is deprecated. The following actions target Node.js 20 but are being forced to run on Node.js 24: actions/checkout@v4, actions/upload-artifact@v4. For more information see: https://github.blog/changelog/2025-09-19-deprecation-of-node-20-on-github-actions-runners/
build-and-qualify (chinese, darwin-arm64)	Set up job	﻿2026-08-04T05:38:15.0223550Z Current runner version: '2.336.0'
build-and-qualify (chinese, darwin-arm64)	Set up job	2026-08-04T05:38:15.0228830Z Runner name: 'voice-m1-max-20260804'
build-and-qualify (chinese, darwin-arm64)	Set up job	2026-08-04T05:38:15.0229290Z Runner group name: 'Default'
build-and-qualify (chinese, darwin-arm64)	Set up job	2026-08-04T05:38:15.0229900Z Machine name: 'MacBookPro'
build-and-qualify (chinese, darwin-arm64)	Set up job	2026-08-04T05:38:15.0231950Z ##[group]GITHUB_TOKEN Permissions
build-and-qualify (chinese, darwin-arm64)	Set up job	2026-08-04T05:38:15.0233230Z Actions: read
build-and-qualify (chinese, darwin-arm64)	Set up job	2026-08-04T05:38:15.0233550Z Contents: write
build-and-qualify (chinese, darwin-arm64)	Set up job	2026-08-04T05:38:15.0233860Z Metadata: read
build-and-qualify (chinese, darwin-arm64)	Set up job	2026-08-04T05:38:15.0234180Z ##[endgroup]
build-and-qualify (chinese, darwin-arm64)	Set up job	2026-08-04T05:38:15.0235370Z Secret source: Actions
build-and-qualify (chinese, darwin-arm64)	Set up job	2026-08-04T05:38:15.0235930Z Prepare workflow directory
build-and-qualify (chinese, darwin-arm64)	Set up job	2026-08-04T05:38:15.0996340Z Prepare all required actions
build-and-qualify (chinese, darwin-arm64)	Set up job	2026-08-04T05:38:15.1031130Z Getting action download info
build-and-qualify (chinese, darwin-arm64)	Set up job	2026-08-04T05:38:15.6923990Z Download action repository 'actions/checkout@v4' (SHA:11d5960a326750d5838078e36cf38b85af677262)
build-and-qualify (chinese, darwin-arm64)	Set up job	2026-08-04T05:38:16.1263790Z Download action repository 'actions/upload-artifact@v4' (SHA:ea165f8d65b6e75b540449e92b4886f43607fa02)
build-and-qualify (chinese, darwin-arm64)	Set up job	2026-08-04T05:38:16.9205070Z Complete job name: build-and-qualify (chinese, darwin-arm64)
build-and-qualify (chinese, darwin-arm64)	Run actions/checkout@v4	﻿2026-08-04T05:38:16.9734110Z Node 20 is being deprecated. This workflow is running with Node 24 by default. If you need to temporarily use Node 20, you can set the ACTIONS_ALLOW_USE_UNSECURE_NODE_VERSION=true environment variable. For more information see: https://github.blog/changelog/2025-09-19-deprecation-of-node-20-on-github-actions-runners/
build-and-qualify (chinese, darwin-arm64)	Run actions/checkout@v4	2026-08-04T05:38:16.9739640Z ##[group]Run actions/checkout@v4
build-and-qualify (chinese, darwin-arm64)	Run actions/checkout@v4	2026-08-04T05:38:16.9739950Z with:
build-and-qualify (chinese, darwin-arm64)	Run actions/checkout@v4	2026-08-04T05:38:16.9740110Z   fetch-depth: 0
build-and-qualify (chinese, darwin-arm64)	Run actions/checkout@v4	2026-08-04T05:38:16.9740320Z   repository: AutoByteus/autobyteus-voice-runtime
build-and-qualify (chinese, darwin-arm64)	Run actions/checkout@v4	2026-08-04T05:38:16.9742280Z   token: ***
build-and-qualify (chinese, darwin-arm64)	Run actions/checkout@v4	2026-08-04T05:38:16.9742440Z   ssh-strict: true
build-and-qualify (chinese, darwin-arm64)	Run actions/checkout@v4	2026-08-04T05:38:16.9742610Z   ssh-user: git
build-and-qualify (chinese, darwin-arm64)	Run actions/checkout@v4	2026-08-04T05:38:16.9742780Z   persist-credentials: true
build-and-qualify (chinese, darwin-arm64)	Run actions/checkout@v4	2026-08-04T05:38:16.9743000Z   clean: true
build-and-qualify (chinese, darwin-arm64)	Run actions/checkout@v4	2026-08-04T05:38:16.9743200Z   sparse-checkout-cone-mode: true
build-and-qualify (chinese, darwin-arm64)	Run actions/checkout@v4	2026-08-04T05:38:16.9743430Z   fetch-tags: false
build-and-qualify (chinese, darwin-arm64)	Run actions/checkout@v4	2026-08-04T05:38:16.9743620Z   show-progress: true
build-and-qualify (chinese, darwin-arm64)	Run actions/checkout@v4	2026-08-04T05:38:16.9743820Z   lfs: false
build-and-qualify (chinese, darwin-arm64)	Run actions/checkout@v4	2026-08-04T05:38:16.9744000Z   submodules: false
build-and-qualify (chinese, darwin-arm64)	Run actions/checkout@v4	2026-08-04T05:38:16.9744250Z   set-safe-directory: true
build-and-qualify (chinese, darwin-arm64)	Run actions/checkout@v4	2026-08-04T05:38:16.9744460Z   allow-unsafe-pr-checkout: false
build-and-qualify (chinese, darwin-arm64)	Run actions/checkout@v4	2026-08-04T05:38:16.9744840Z env:
build-and-qualify (chinese, darwin-arm64)	Run actions/checkout@v4	2026-08-04T05:38:16.9745020Z   VOICE_RELEASE_TAG_INPUT: v1.0.0
build-and-qualify (chinese, darwin-arm64)	Run actions/checkout@v4	2026-08-04T05:38:16.9745250Z   VOICE_RUNTIME_VERSION_INPUT: 1.0.0
build-and-qualify (chinese, darwin-arm64)	Run actions/checkout@v4	2026-08-04T05:38:16.9745500Z   VOICE_QUALIFICATION_RUN_ID_INPUT: 
build-and-qualify (chinese, darwin-arm64)	Run actions/checkout@v4	2026-08-04T05:38:16.9745720Z ##[endgroup]
build-and-qualify (chinese, darwin-arm64)	Run actions/checkout@v4	2026-08-04T05:38:17.0677110Z Syncing repository: AutoByteus/autobyteus-voice-runtime
build-and-qualify (chinese, darwin-arm64)	Run actions/checkout@v4	2026-08-04T05:38:17.0678360Z ##[group]Getting Git version info
build-and-qualify (chinese, darwin-arm64)	Run actions/checkout@v4	2026-08-04T05:38:17.0678990Z Working directory is '/private/tmp/autobyteus-actions-runner-voice-v2.336.0-20260804/_work/autobyteus-voice-runtime/autobyteus-voice-runtime'
build-and-qualify (chinese, darwin-arm64)	Run actions/checkout@v4	2026-08-04T05:38:17.0679780Z [command]/usr/bin/git version
build-and-qualify (chinese, darwin-arm64)	Run actions/checkout@v4	2026-08-04T05:38:17.0822400Z git version 2.50.1 (Apple Git-155)
build-and-qualify (chinese, darwin-arm64)	Run actions/checkout@v4	2026-08-04T05:38:17.0831620Z ##[endgroup]
build-and-qualify (chinese, darwin-arm64)	Run actions/checkout@v4	2026-08-04T05:38:17.0841570Z Temporarily overriding HOME='/private/tmp/autobyteus-actions-runner-voice-v2.336.0-20260804/_work/_temp/f4e1e0c6-5d0f-4974-8c74-e63efbce42f4' before making global git config changes
build-and-qualify (chinese, darwin-arm64)	Run actions/checkout@v4	2026-08-04T05:38:17.0842520Z Adding repository directory to the temporary git global config as a safe directory
build-and-qualify (chinese, darwin-arm64)	Run actions/checkout@v4	2026-08-04T05:38:17.0847040Z [command]/usr/bin/git config --global --add safe.directory /private/tmp/autobyteus-actions-runner-voice-v2.336.0-20260804/_work/autobyteus-voice-runtime/autobyteus-voice-runtime
build-and-qualify (chinese, darwin-arm64)	Run actions/checkout@v4	2026-08-04T05:38:17.1725860Z [command]/usr/bin/git config --local --get remote.origin.url
build-and-qualify (chinese, darwin-arm64)	Run actions/checkout@v4	2026-08-04T05:38:17.1893820Z https://github.com/AutoByteus/autobyteus-voice-runtime
build-and-qualify (chinese, darwin-arm64)	Run actions/checkout@v4	2026-08-04T05:38:17.1903600Z ##[group]Removing previously created refs, to avoid conflicts
build-and-qualify (chinese, darwin-arm64)	Run actions/checkout@v4	2026-08-04T05:38:17.1907600Z [command]/usr/bin/git rev-parse --symbolic-full-name --verify --quiet HEAD
build-and-qualify (chinese, darwin-arm64)	Run actions/checkout@v4	2026-08-04T05:38:17.2108160Z refs/heads/main
build-and-qualify (chinese, darwin-arm64)	Run actions/checkout@v4	2026-08-04T05:38:17.2120350Z [command]/usr/bin/git checkout --detach
build-and-qualify (chinese, darwin-arm64)	Run actions/checkout@v4	2026-08-04T05:38:17.2399850Z HEAD is now at a890d22 Merge voice input runtime reliability
build-and-qualify (chinese, darwin-arm64)	Run actions/checkout@v4	2026-08-04T05:38:17.2606760Z [command]/usr/bin/git branch --delete --force main
build-and-qualify (chinese, darwin-arm64)	Run actions/checkout@v4	2026-08-04T05:38:17.2806710Z Deleted branch main (was a890d22).
build-and-qualify (chinese, darwin-arm64)	Run actions/checkout@v4	2026-08-04T05:38:17.3009780Z ##[endgroup]
build-and-qualify (chinese, darwin-arm64)	Run actions/checkout@v4	2026-08-04T05:38:17.3015620Z [command]/usr/bin/git submodule status
build-and-qualify (chinese, darwin-arm64)	Run actions/checkout@v4	2026-08-04T05:38:17.4111030Z ##[group]Cleaning the repository
build-and-qualify (chinese, darwin-arm64)	Run actions/checkout@v4	2026-08-04T05:38:17.4113960Z [command]/usr/bin/git clean -ffdx
build-and-qualify (chinese, darwin-arm64)	Run actions/checkout@v4	2026-08-04T05:38:17.5061180Z Removing node_modules/
build-and-qualify (chinese, darwin-arm64)	Run actions/checkout@v4	2026-08-04T05:38:17.5061740Z Removing providers/english-faster-whisper/__pycache__/
build-and-qualify (chinese, darwin-arm64)	Run actions/checkout@v4	2026-08-04T05:38:17.5062110Z Removing providers/english-mlx/__pycache__/
build-and-qualify (chinese, darwin-arm64)	Run actions/checkout@v4	2026-08-04T05:38:17.5062530Z Removing providers/python/autobyteus_voice_provider/__pycache__/
build-and-qualify (chinese, darwin-arm64)	Run actions/checkout@v4	2026-08-04T05:38:17.5062940Z Removing tests/providers/__pycache__/
build-and-qualify (chinese, darwin-arm64)	Run actions/checkout@v4	2026-08-04T05:38:17.5069160Z [command]/usr/bin/git reset --hard HEAD
build-and-qualify (chinese, darwin-arm64)	Run actions/checkout@v4	2026-08-04T05:38:17.5313830Z HEAD is now at a890d22 Merge voice input runtime reliability
build-and-qualify (chinese, darwin-arm64)	Run actions/checkout@v4	2026-08-04T05:38:17.5317700Z ##[endgroup]
build-and-qualify (chinese, darwin-arm64)	Run actions/checkout@v4	2026-08-04T05:38:17.5321330Z ##[group]Disabling automatic garbage collection
build-and-qualify (chinese, darwin-arm64)	Run actions/checkout@v4	2026-08-04T05:38:17.5325710Z [command]/usr/bin/git config --local gc.auto 0
build-and-qualify (chinese, darwin-arm64)	Run actions/checkout@v4	2026-08-04T05:38:17.5510510Z ##[endgroup]
build-and-qualify (chinese, darwin-arm64)	Run actions/checkout@v4	2026-08-04T05:38:17.5510970Z ##[group]Setting up auth
build-and-qualify (chinese, darwin-arm64)	Run actions/checkout@v4	2026-08-04T05:38:17.5517180Z [command]/usr/bin/git config --local --name-only --get-regexp core\.sshCommand
build-and-qualify (chinese, darwin-arm64)	Run actions/checkout@v4	2026-08-04T05:38:17.5703370Z [command]/usr/bin/git submodule foreach --recursive sh -c "git config --local --name-only --get-regexp 'core\.sshCommand' && git config --local --unset-all 'core.sshCommand' || :"
build-and-qualify (chinese, darwin-arm64)	Run actions/checkout@v4	2026-08-04T05:38:17.6744960Z [command]/usr/bin/git config --local --name-only --get-regexp http\.https\:\/\/github\.com\/\.extraheader
build-and-qualify (chinese, darwin-arm64)	Run actions/checkout@v4	2026-08-04T05:38:17.6915220Z [command]/usr/bin/git submodule foreach --recursive sh -c "git config --local --name-only --get-regexp 'http\.https\:\/\/github\.com\/\.extraheader' && git config --local --unset-all 'http.https://github.com/.extraheader' || :"
build-and-qualify (chinese, darwin-arm64)	Run actions/checkout@v4	2026-08-04T05:38:17.8000650Z [command]/usr/bin/git config --local --name-only --get-regexp ^includeIf\.gitdir:
build-and-qualify (chinese, darwin-arm64)	Run actions/checkout@v4	2026-08-04T05:38:17.8188270Z [command]/usr/bin/git submodule foreach --recursive git config --local --show-origin --name-only --get-regexp remote.origin.url
build-and-qualify (chinese, darwin-arm64)	Run actions/checkout@v4	2026-08-04T05:38:17.9266960Z [command]/usr/bin/git config --local http.https://github.com/.extraheader AUTHORIZATION: basic ***
build-and-qualify (chinese, darwin-arm64)	Run actions/checkout@v4	2026-08-04T05:38:17.9473120Z ##[endgroup]
build-and-qualify (chinese, darwin-arm64)	Run actions/checkout@v4	2026-08-04T05:38:17.9473630Z ##[group]Fetching the repository
build-and-qualify (chinese, darwin-arm64)	Run actions/checkout@v4	2026-08-04T05:38:17.9479920Z [command]/usr/bin/git -c protocol.version=2 fetch --prune --no-recurse-submodules origin +refs/heads/*:refs/remotes/origin/* +refs/tags/*:refs/tags/*
build-and-qualify (chinese, darwin-arm64)	Run actions/checkout@v4	2026-08-04T05:38:18.4257170Z [command]/usr/bin/git branch --list --remote origin/main
build-and-qualify (chinese, darwin-arm64)	Run actions/checkout@v4	2026-08-04T05:38:18.4464850Z   origin/main
build-and-qualify (chinese, darwin-arm64)	Run actions/checkout@v4	2026-08-04T05:38:18.4474070Z [command]/usr/bin/git rev-parse refs/remotes/origin/main
build-and-qualify (chinese, darwin-arm64)	Run actions/checkout@v4	2026-08-04T05:38:18.4665730Z a890d22031359f53d94c7c67bf183344fb35d904
build-and-qualify (chinese, darwin-arm64)	Run actions/checkout@v4	2026-08-04T05:38:18.4668230Z ##[endgroup]
build-and-qualify (chinese, darwin-arm64)	Run actions/checkout@v4	2026-08-04T05:38:18.4668600Z ##[group]Determining the checkout info
build-and-qualify (chinese, darwin-arm64)	Run actions/checkout@v4	2026-08-04T05:38:18.4668980Z ##[endgroup]
build-and-qualify (chinese, darwin-arm64)	Run actions/checkout@v4	2026-08-04T05:38:18.4673640Z [command]/usr/bin/git sparse-checkout disable
build-and-qualify (chinese, darwin-arm64)	Run actions/checkout@v4	2026-08-04T05:38:18.4924860Z [command]/usr/bin/git config --local --unset-all extensions.worktreeConfig
build-and-qualify (chinese, darwin-arm64)	Run actions/checkout@v4	2026-08-04T05:38:18.5145890Z ##[group]Checking out the ref
build-and-qualify (chinese, darwin-arm64)	Run actions/checkout@v4	2026-08-04T05:38:18.5152710Z [command]/usr/bin/git checkout --progress --force -B main refs/remotes/origin/main
build-and-qualify (chinese, darwin-arm64)	Run actions/checkout@v4	2026-08-04T05:38:18.5467690Z Switched to a new branch 'main'
build-and-qualify (chinese, darwin-arm64)	Run actions/checkout@v4	2026-08-04T05:38:18.5472400Z branch 'main' set up to track 'origin/main'.
build-and-qualify (chinese, darwin-arm64)	Run actions/checkout@v4	2026-08-04T05:38:18.5478300Z ##[endgroup]
build-and-qualify (chinese, darwin-arm64)	Run actions/checkout@v4	2026-08-04T05:38:18.5680640Z [command]/usr/bin/git log -1 --format=%H
build-and-qualify (chinese, darwin-arm64)	Run actions/checkout@v4	2026-08-04T05:38:18.5881070Z a890d22031359f53d94c7c67bf183344fb35d904
build-and-qualify (chinese, darwin-arm64)	Verify source and closed toolchain	﻿2026-08-04T05:38:18.6075480Z ##[group]Run test "$(node --version)" = v22.23.1
build-and-qualify (chinese, darwin-arm64)	Verify source and closed toolchain	2026-08-04T05:38:18.6075830Z [36;1mtest "$(node --version)" = v22.23.1[0m
build-and-qualify (chinese, darwin-arm64)	Verify source and closed toolchain	2026-08-04T05:38:18.6076390Z [36;1mtest "$(shasum -a 256 contracts/catalog/current-release-matrix-v1.json | cut -d' ' -f1)" = "f3f57336d2598bc7c78ba0d8a10e6ad4da77c16b10274533986f29571d6de76d"[0m
build-and-qualify (chinese, darwin-arm64)	Verify source and closed toolchain	2026-08-04T05:38:18.6076960Z [36;1mnode build/verify-go-toolchain.mjs --go "$VOICE_GO"[0m
build-and-qualify (chinese, darwin-arm64)	Verify source and closed toolchain	2026-08-04T05:38:18.6077530Z [36;1mtest "$("$VOICE_CMAKE" --version | head -1)" = "cmake version 4.3.3"[0m
build-and-qualify (chinese, darwin-arm64)	Verify source and closed toolchain	2026-08-04T05:38:18.6077820Z [36;1mnpm ci --ignore-scripts[0m
build-and-qualify (chinese, darwin-arm64)	Verify source and closed toolchain	2026-08-04T05:38:18.6078000Z [36;1mnpm run check[0m
build-and-qualify (chinese, darwin-arm64)	Verify source and closed toolchain	2026-08-04T05:38:18.6118080Z shell: /bin/bash --noprofile --norc -e -o pipefail {0}
build-and-qualify (chinese, darwin-arm64)	Verify source and closed toolchain	2026-08-04T05:38:18.6118340Z env:
build-and-qualify (chinese, darwin-arm64)	Verify source and closed toolchain	2026-08-04T05:38:18.6118480Z   VOICE_RELEASE_TAG_INPUT: v1.0.0
build-and-qualify (chinese, darwin-arm64)	Verify source and closed toolchain	2026-08-04T05:38:18.6118680Z   VOICE_RUNTIME_VERSION_INPUT: 1.0.0
build-and-qualify (chinese, darwin-arm64)	Verify source and closed toolchain	2026-08-04T05:38:18.6118880Z   VOICE_QUALIFICATION_RUN_ID_INPUT: 
build-and-qualify (chinese, darwin-arm64)	Verify source and closed toolchain	2026-08-04T05:38:18.6119060Z ##[endgroup]
build-and-qualify (chinese, darwin-arm64)	Verify source and closed toolchain	2026-08-04T05:38:21.2770600Z {"schemaVersion":1,"version":"go version go1.26.5 darwin/arm64","host":{"platform":"darwin","architecture":"arm64"},"archive":{"fileName":"go1.26.5.darwin-arm64.tar.gz","sha256":"efb87ff28af9a188d0536ef5d42e63dd52ba8263cd7344a993cc48dd11dedb6a","sizeBytes":64738542},"rootIdentity":{"manifestFileName":"darwin-arm64.json","manifestSha256":"675d0ddbda6f6994975a17821aae5d6628aca94ca5fb6210ef1d00a850a6bce9","treeSha256":"27fd7f0918282550923f1820c890432b262feb7e574cb6bfd3c9f4962cdbb9ee","fileCount":15026,"totalSizeBytes":228637077}}
build-and-qualify (chinese, darwin-arm64)	Verify source and closed toolchain	2026-08-04T05:38:21.9173920Z 
build-and-qualify (chinese, darwin-arm64)	Verify source and closed toolchain	2026-08-04T05:38:21.9174430Z added 8 packages, and audited 9 packages in 562ms
build-and-qualify (chinese, darwin-arm64)	Verify source and closed toolchain	2026-08-04T05:38:21.9174680Z 
build-and-qualify (chinese, darwin-arm64)	Verify source and closed toolchain	2026-08-04T05:38:21.9174840Z 3 packages are looking for funding
build-and-qualify (chinese, darwin-arm64)	Verify source and closed toolchain	2026-08-04T05:38:21.9175130Z   run `npm fund` for details
build-and-qualify (chinese, darwin-arm64)	Verify source and closed toolchain	2026-08-04T05:38:21.9177830Z 
build-and-qualify (chinese, darwin-arm64)	Verify source and closed toolchain	2026-08-04T05:38:21.9177980Z found 0 vulnerabilities
build-and-qualify (chinese, darwin-arm64)	Verify source and closed toolchain	2026-08-04T05:38:22.0381300Z 
build-and-qualify (chinese, darwin-arm64)	Verify source and closed toolchain	2026-08-04T05:38:22.0381920Z > @autobyteus/voice-input-runtime@1.0.0 check
build-and-qualify (chinese, darwin-arm64)	Verify source and closed toolchain	2026-08-04T05:38:22.0382460Z > npm run check:js && npm run check:python && npm run check:go && npm run check:evidence && npm test
build-and-qualify (chinese, darwin-arm64)	Verify source and closed toolchain	2026-08-04T05:38:22.0382820Z 
build-and-qualify (chinese, darwin-arm64)	Verify source and closed toolchain	2026-08-04T05:38:22.1584540Z 
build-and-qualify (chinese, darwin-arm64)	Verify source and closed toolchain	2026-08-04T05:38:22.1585110Z > @autobyteus/voice-input-runtime@1.0.0 check:js
build-and-qualify (chinese, darwin-arm64)	Verify source and closed toolchain	2026-08-04T05:38:22.1585480Z > node tooling/check-source.mjs
build-and-qualify (chinese, darwin-arm64)	Verify source and closed toolchain	2026-08-04T05:38:22.1585630Z 
build-and-qualify (chinese, darwin-arm64)	Verify source and closed toolchain	2026-08-04T05:38:22.3619120Z 
build-and-qualify (chinese, darwin-arm64)	Verify source and closed toolchain	2026-08-04T05:38:22.3619680Z > @autobyteus/voice-input-runtime@1.0.0 check:python
build-and-qualify (chinese, darwin-arm64)	Verify source and closed toolchain	2026-08-04T05:38:22.3620280Z > python3 -m unittest discover -s tests/providers -p '*_test.py' && python3 -m compileall -q providers
build-and-qualify (chinese, darwin-arm64)	Verify source and closed toolchain	2026-08-04T05:38:22.3620620Z 
build-and-qualify (chinese, darwin-arm64)	Verify source and closed toolchain	2026-08-04T05:38:22.5233390Z .......
build-and-qualify (chinese, darwin-arm64)	Verify source and closed toolchain	2026-08-04T05:38:22.5233770Z ----------------------------------------------------------------------
build-and-qualify (chinese, darwin-arm64)	Verify source and closed toolchain	2026-08-04T05:38:22.5235260Z Ran 7 tests in 0.060s
build-and-qualify (chinese, darwin-arm64)	Verify source and closed toolchain	2026-08-04T05:38:22.5235470Z 
build-and-qualify (chinese, darwin-arm64)	Verify source and closed toolchain	2026-08-04T05:38:22.5235570Z OK
build-and-qualify (chinese, darwin-arm64)	Verify source and closed toolchain	2026-08-04T05:38:22.7090630Z 
build-and-qualify (chinese, darwin-arm64)	Verify source and closed toolchain	2026-08-04T05:38:22.7091530Z > @autobyteus/voice-input-runtime@1.0.0 check:go
build-and-qualify (chinese, darwin-arm64)	Verify source and closed toolchain	2026-08-04T05:38:22.7091950Z > node tooling/check-go.mjs
build-and-qualify (chinese, darwin-arm64)	Verify source and closed toolchain	2026-08-04T05:38:22.7092120Z 
build-and-qualify (chinese, darwin-arm64)	Verify source and closed toolchain	2026-08-04T05:38:25.1683510Z ?   	github.com/AutoByteus/autobyteus-voice-runtime/launcher/cmd/voice-provider-launcher	[no test files]
build-and-qualify (chinese, darwin-arm64)	Verify source and closed toolchain	2026-08-04T05:38:25.1759500Z ok  	github.com/AutoByteus/autobyteus-voice-runtime/launcher/internal	(cached)
build-and-qualify (chinese, darwin-arm64)	Verify source and closed toolchain	2026-08-04T05:38:25.1760670Z ?   	github.com/AutoByteus/autobyteus-voice-runtime/launcher/internal/embeddedplan	[no test files]
build-and-qualify (chinese, darwin-arm64)	Verify source and closed toolchain	2026-08-04T05:38:25.1790310Z ok  	github.com/AutoByteus/autobyteus-voice-runtime/packaging/archive	(cached)
build-and-qualify (chinese, darwin-arm64)	Verify source and closed toolchain	2026-08-04T05:38:25.1791480Z ?   	github.com/AutoByteus/autobyteus-voice-runtime/packaging/cmd/provider-package-tool	[no test files]
build-and-qualify (chinese, darwin-arm64)	Verify source and closed toolchain	2026-08-04T05:38:25.3081060Z 
build-and-qualify (chinese, darwin-arm64)	Verify source and closed toolchain	2026-08-04T05:38:25.3081590Z > @autobyteus/voice-input-runtime@1.0.0 check:evidence
build-and-qualify (chinese, darwin-arm64)	Verify source and closed toolchain	2026-08-04T05:38:25.3082160Z > node tooling/verify-english-preservation.mjs && node tooling/verify-chinese-qualification.mjs
build-and-qualify (chinese, darwin-arm64)	Verify source and closed toolchain	2026-08-04T05:38:25.3082500Z 
build-and-qualify (chinese, darwin-arm64)	Verify source and closed toolchain	2026-08-04T05:38:25.4297250Z English preservation v2 authority reproduced byte-identically.
build-and-qualify (chinese, darwin-arm64)	Verify source and closed toolchain	2026-08-04T05:38:25.5791410Z Chinese v2 scoring/trust and Profile Resource Policy verified.
build-and-qualify (chinese, darwin-arm64)	Verify source and closed toolchain	2026-08-04T05:38:25.7057600Z 
build-and-qualify (chinese, darwin-arm64)	Verify source and closed toolchain	2026-08-04T05:38:25.7058180Z > @autobyteus/voice-input-runtime@1.0.0 test
build-and-qualify (chinese, darwin-arm64)	Verify source and closed toolchain	2026-08-04T05:38:25.7058540Z > node --test tests/**/*.test.mjs
build-and-qualify (chinese, darwin-arm64)	Verify source and closed toolchain	2026-08-04T05:38:25.7058680Z 
build-and-qualify (chinese, darwin-arm64)	Verify source and closed toolchain	2026-08-04T05:38:25.7724070Z TAP version 13
build-and-qualify (chinese, darwin-arm64)	Verify source and closed toolchain	2026-08-04T05:38:26.0348080Z # Subtest: byte framing accepts every split and coalesced canonical records
build-and-qualify (chinese, darwin-arm64)	Verify source and closed toolchain	2026-08-04T05:38:26.0458110Z ok 1 - byte framing accepts every split and coalesced canonical records
build-and-qualify (chinese, darwin-arm64)	Verify source and closed toolchain	2026-08-04T05:38:26.0559690Z   ---
build-and-qualify (chinese, darwin-arm64)	Verify source and closed toolchain	2026-08-04T05:38:26.0565420Z   duration_ms: 23.738792
build-and-qualify (chinese, darwin-arm64)	Verify source and closed toolchain	2026-08-04T05:38:26.0573570Z   type: 'test'
build-and-qualify (chinese, darwin-arm64)	Verify source and closed toolchain	2026-08-04T05:38:26.0574530Z   ...
build-and-qualify (chinese, darwin-arm64)	Verify source and closed toolchain	2026-08-04T05:38:26.0575290Z # Subtest: invalid, oversized, noncanonical, and truncated prefixed lines fail
build-and-qualify (chinese, darwin-arm64)	Verify source and closed toolchain	2026-08-04T05:38:26.0575810Z ok 2 - invalid, oversized, noncanonical, and truncated prefixed lines fail
build-and-qualify (chinese, darwin-arm64)	Verify source and closed toolchain	2026-08-04T05:38:26.0576160Z   ---
build-and-qualify (chinese, darwin-arm64)	Verify source and closed toolchain	2026-08-04T05:38:26.0576320Z   duration_ms: 1.000084
build-and-qualify (chinese, darwin-arm64)	Verify source and closed toolchain	2026-08-04T05:38:26.0576530Z   type: 'test'
build-and-qualify (chinese, darwin-arm64)	Verify source and closed toolchain	2026-08-04T05:38:26.0576730Z   ...
build-and-qualify (chinese, darwin-arm64)	Verify source and closed toolchain	2026-08-04T05:38:26.0577020Z # Subtest: worker duration and qualification receipt clocks remain separate
build-and-qualify (chinese, darwin-arm64)	Verify source and closed toolchain	2026-08-04T05:38:26.0577470Z ok 3 - worker duration and qualification receipt clocks remain separate
build-and-qualify (chinese, darwin-arm64)	Verify source and closed toolchain	2026-08-04T05:38:26.0577770Z   ---
build-and-qualify (chinese, darwin-arm64)	Verify source and closed toolchain	2026-08-04T05:38:26.0577950Z   duration_ms: 0.134375
build-and-qualify (chinese, darwin-arm64)	Verify source and closed toolchain	2026-08-04T05:38:26.0578160Z   type: 'test'
build-and-qualify (chinese, darwin-arm64)	Verify source and closed toolchain	2026-08-04T05:38:26.0578330Z   ...
build-and-qualify (chinese, darwin-arm64)	Verify source and closed toolchain	2026-08-04T05:38:26.0578590Z # Subtest: diagnostic receipt time is captured at LF consumption
build-and-qualify (chinese, darwin-arm64)	Verify source and closed toolchain	2026-08-04T05:38:26.0578970Z ok 4 - diagnostic receipt time is captured at LF consumption
build-and-qualify (chinese, darwin-arm64)	Verify source and closed toolchain	2026-08-04T05:38:26.0579240Z   ---
build-and-qualify (chinese, darwin-arm64)	Verify source and closed toolchain	2026-08-04T05:38:26.0579400Z   duration_ms: 0.637333
build-and-qualify (chinese, darwin-arm64)	Verify source and closed toolchain	2026-08-04T05:38:26.0579590Z   type: 'test'
build-and-qualify (chinese, darwin-arm64)	Verify source and closed toolchain	2026-08-04T05:38:26.0579760Z   ...
build-and-qualify (chinese, darwin-arm64)	Verify source and closed toolchain	2026-08-04T05:38:26.0580060Z # Subtest: closed RSS windows retain contained, crossings, touching, and shared samples
build-and-qualify (chinese, darwin-arm64)	Verify source and closed toolchain	2026-08-04T05:38:26.0580580Z ok 5 - closed RSS windows retain contained, crossings, touching, and shared samples
build-and-qualify (chinese, darwin-arm64)	Verify source and closed toolchain	2026-08-04T05:38:26.0580900Z   ---
build-and-qualify (chinese, darwin-arm64)	Verify source and closed toolchain	2026-08-04T05:38:26.0581090Z   duration_ms: 0.672083
build-and-qualify (chinese, darwin-arm64)	Verify source and closed toolchain	2026-08-04T05:38:26.0581260Z   type: 'test'
build-and-qualify (chinese, darwin-arm64)	Verify source and closed toolchain	2026-08-04T05:38:26.0581440Z   ...
build-and-qualify (chinese, darwin-arm64)	Verify source and closed toolchain	2026-08-04T05:38:26.0581690Z # Subtest: invalid windows, ordering, and worker regression fail closed
build-and-qualify (chinese, darwin-arm64)	Verify source and closed toolchain	2026-08-04T05:38:26.0582190Z ok 6 - invalid windows, ordering, and worker regression fail closed
build-and-qualify (chinese, darwin-arm64)	Verify source and closed toolchain	2026-08-04T05:38:26.0582470Z   ---
build-and-qualify (chinese, darwin-arm64)	Verify source and closed toolchain	2026-08-04T05:38:26.0582850Z   duration_ms: 0.286583
build-and-qualify (chinese, darwin-arm64)	Verify source and closed toolchain	2026-08-04T05:38:26.0583090Z   type: 'test'
build-and-qualify (chinese, darwin-arm64)	Verify source and closed toolchain	2026-08-04T05:38:26.0583250Z   ...
build-and-qualify (chinese, darwin-arm64)	Verify source and closed toolchain	2026-08-04T05:38:26.0583560Z # Subtest: failed partial preparation is retained and unrelated stderr is redacted
build-and-qualify (chinese, darwin-arm64)	Verify source and closed toolchain	2026-08-04T05:38:26.0597120Z ok 7 - failed partial preparation is retained and unrelated stderr is redacted
build-and-qualify (chinese, darwin-arm64)	Verify source and closed toolchain	2026-08-04T05:38:26.0601620Z   ---
build-and-qualify (chinese, darwin-arm64)	Verify source and closed toolchain	2026-08-04T05:38:26.0602420Z   duration_ms: 0.301083
build-and-qualify (chinese, darwin-arm64)	Verify source and closed toolchain	2026-08-04T05:38:26.0603390Z   type: 'test'
build-and-qualify (chinese, darwin-arm64)	Verify source and closed toolchain	2026-08-04T05:38:26.0604630Z   ...
build-and-qualify (chinese, darwin-arm64)	Verify source and closed toolchain	2026-08-04T05:38:26.0701910Z # Subtest: successful preparation with no RSS coverage fails durable evidence
build-and-qualify (chinese, darwin-arm64)	Verify source and closed toolchain	2026-08-04T05:38:26.0702440Z ok 8 - successful preparation with no RSS coverage fails durable evidence
build-and-qualify (chinese, darwin-arm64)	Verify source and closed toolchain	2026-08-04T05:38:26.0702810Z   ---
build-and-qualify (chinese, darwin-arm64)	Verify source and closed toolchain	2026-08-04T05:38:26.0714300Z   duration_ms: 0.706667
build-and-qualify (chinese, darwin-arm64)	Verify source and closed toolchain	2026-08-04T05:38:26.0804610Z   type: 'test'
build-and-qualify (chinese, darwin-arm64)	Verify source and closed toolchain	2026-08-04T05:38:26.0806020Z   ...
build-and-qualify (chinese, darwin-arm64)	Verify source and closed toolchain	2026-08-04T05:38:26.0958340Z # Subtest: written evidence revalidates and recomputes
build-and-qualify (chinese, darwin-arm64)	Verify source and closed toolchain	2026-08-04T05:38:26.0959680Z ok 9 - written evidence revalidates and recomputes
build-and-qualify (chinese, darwin-arm64)	Verify source and closed toolchain	2026-08-04T05:38:26.0960710Z   ---
build-and-qualify (chinese, darwin-arm64)	Verify source and closed toolchain	2026-08-04T05:38:26.0962140Z   duration_ms: 56.2575
build-and-qualify (chinese, darwin-arm64)	Verify source and closed toolchain	2026-08-04T05:38:26.0965520Z   type: 'test'
build-and-qualify (chinese, darwin-arm64)	Verify source and closed toolchain	2026-08-04T05:38:26.0966140Z   ...
build-and-qualify (chinese, darwin-arm64)	Verify source and closed toolchain	2026-08-04T05:38:26.1071320Z # Subtest: qualification binding rejects evidence from another attempt identity
build-and-qualify (chinese, darwin-arm64)	Verify source and closed toolchain	2026-08-04T05:38:26.1072210Z ok 10 - qualification binding rejects evidence from another attempt identity
build-and-qualify (chinese, darwin-arm64)	Verify source and closed toolchain	2026-08-04T05:38:26.1072570Z   ---
build-and-qualify (chinese, darwin-arm64)	Verify source and closed toolchain	2026-08-04T05:38:26.1072760Z   duration_ms: 11.914458
build-and-qualify (chinese, darwin-arm64)	Verify source and closed toolchain	2026-08-04T05:38:26.1072950Z   type: 'test'
build-and-qualify (chinese, darwin-arm64)	Verify source and closed toolchain	2026-08-04T05:38:26.1073130Z   ...
build-and-qualify (chinese, darwin-arm64)	Verify source and closed toolchain	2026-08-04T05:38:26.1108900Z # Subtest: session follows ready, request, and bounded shutdown
build-and-qualify (chinese, darwin-arm64)	Verify source and closed toolchain	2026-08-04T05:38:26.1212970Z ok 11 - session follows ready, request, and bounded shutdown
build-and-qualify (chinese, darwin-arm64)	Verify source and closed toolchain	2026-08-04T05:38:26.1296760Z   ---
build-and-qualify (chinese, darwin-arm64)	Verify source and closed toolchain	2026-08-04T05:38:26.1298000Z   duration_ms: 2.895875
build-and-qualify (chinese, darwin-arm64)	Verify source and closed toolchain	2026-08-04T05:38:26.1298700Z   type: 'test'
build-and-qualify (chinese, darwin-arm64)	Verify source and closed toolchain	2026-08-04T05:38:26.1299130Z   ...
build-and-qualify (chinese, darwin-arm64)	Verify source and closed toolchain	2026-08-04T05:38:26.1299540Z # Subtest: malformed protocol terminally fails and awaits termination
build-and-qualify (chinese, darwin-arm64)	Verify source and closed toolchain	2026-08-04T05:38:26.1300490Z ok 12 - malformed protocol terminally fails and awaits termination
build-and-qualify (chinese, darwin-arm64)	Verify source and closed toolchain	2026-08-04T05:38:26.1302050Z   ---
build-and-qualify (chinese, darwin-arm64)	Verify source and closed toolchain	2026-08-04T05:38:26.1302250Z   duration_ms: 0.5845
build-and-qualify (chinese, darwin-arm64)	Verify source and closed toolchain	2026-08-04T05:38:26.1302460Z   type: 'test'
build-and-qualify (chinese, darwin-arm64)	Verify source and closed toolchain	2026-08-04T05:38:26.1302620Z   ...
build-and-qualify (chinese, darwin-arm64)	Verify source and closed toolchain	2026-08-04T05:38:26.1302900Z # Subtest: hello timeout terminally fails and awaits termination
build-and-qualify (chinese, darwin-arm64)	Verify source and closed toolchain	2026-08-04T05:38:26.1303270Z ok 13 - hello timeout terminally fails and awaits termination
build-and-qualify (chinese, darwin-arm64)	Verify source and closed toolchain	2026-08-04T05:38:26.1303560Z   ---
build-and-qualify (chinese, darwin-arm64)	Verify source and closed toolchain	2026-08-04T05:38:26.1304350Z   duration_ms: 20.782458
build-and-qualify (chinese, darwin-arm64)	Verify source and closed toolchain	2026-08-04T05:38:26.1304760Z   type: 'test'
build-and-qualify (chinese, darwin-arm64)	Verify source and closed toolchain	2026-08-04T05:38:26.1304920Z   ...
build-and-qualify (chinese, darwin-arm64)	Verify source and closed toolchain	2026-08-04T05:38:26.1305170Z # Subtest: write failure terminally fails without replay
build-and-qualify (chinese, darwin-arm64)	Verify source and closed toolchain	2026-08-04T05:38:26.1305540Z ok 14 - write failure terminally fails without replay
build-and-qualify (chinese, darwin-arm64)	Verify source and closed toolchain	2026-08-04T05:38:26.1305860Z   ---
build-and-qualify (chinese, darwin-arm64)	Verify source and closed toolchain	2026-08-04T05:38:26.1306020Z   duration_ms: 0.491375
build-and-qualify (chinese, darwin-arm64)	Verify source and closed toolchain	2026-08-04T05:38:26.1306220Z   type: 'test'
build-and-qualify (chinese, darwin-arm64)	Verify source and closed toolchain	2026-08-04T05:38:26.1306370Z   ...
build-and-qualify (chinese, darwin-arm64)	Verify source and closed toolchain	2026-08-04T05:38:26.1306710Z # Subtest: terminal failure escalates once when graceful termination is ignored
build-and-qualify (chinese, darwin-arm64)	Verify source and closed toolchain	2026-08-04T05:38:26.1307180Z ok 15 - terminal failure escalates once when graceful termination is ignored
build-and-qualify (chinese, darwin-arm64)	Verify source and closed toolchain	2026-08-04T05:38:26.1307500Z   ---
build-and-qualify (chinese, darwin-arm64)	Verify source and closed toolchain	2026-08-04T05:38:26.1307650Z   duration_ms: 20.685
build-and-qualify (chinese, darwin-arm64)	Verify source and closed toolchain	2026-08-04T05:38:26.1307830Z   type: 'test'
build-and-qualify (chinese, darwin-arm64)	Verify source and closed toolchain	2026-08-04T05:38:26.1307980Z   ...
build-and-qualify (chinese, darwin-arm64)	Verify source and closed toolchain	2026-08-04T05:38:26.1308290Z # Subtest: statefully decodes UTF-8 and line delimiters split at every byte
build-and-qualify (chinese, darwin-arm64)	Verify source and closed toolchain	2026-08-04T05:38:26.1308720Z ok 16 - statefully decodes UTF-8 and line delimiters split at every byte
build-and-qualify (chinese, darwin-arm64)	Verify source and closed toolchain	2026-08-04T05:38:26.1309020Z   ---
build-and-qualify (chinese, darwin-arm64)	Verify source and closed toolchain	2026-08-04T05:38:26.1309170Z   duration_ms: 3.705292
build-and-qualify (chinese, darwin-arm64)	Verify source and closed toolchain	2026-08-04T05:38:26.1309360Z   type: 'test'
build-and-qualify (chinese, darwin-arm64)	Verify source and closed toolchain	2026-08-04T05:38:26.1309520Z   ...
build-and-qualify (chinese, darwin-arm64)	Verify source and closed toolchain	2026-08-04T05:38:26.1309780Z # Subtest: truncated UTF-8 on stdout termination fails the session
build-and-qualify (chinese, darwin-arm64)	Verify source and closed toolchain	2026-08-04T05:38:26.1310160Z ok 17 - truncated UTF-8 on stdout termination fails the session
build-and-qualify (chinese, darwin-arm64)	Verify source and closed toolchain	2026-08-04T05:38:26.1310430Z   ---
build-and-qualify (chinese, darwin-arm64)	Verify source and closed toolchain	2026-08-04T05:38:26.1310600Z   duration_ms: 0.658125
build-and-qualify (chinese, darwin-arm64)	Verify source and closed toolchain	2026-08-04T05:38:26.1310770Z   type: 'test'
build-and-qualify (chinese, darwin-arm64)	Verify source and closed toolchain	2026-08-04T05:38:26.1310960Z   ...
build-and-qualify (chinese, darwin-arm64)	Verify source and closed toolchain	2026-08-04T05:38:26.1311440Z # Subtest: session forwards exact raw stderr chunks without interpreting framing
build-and-qualify (chinese, darwin-arm64)	Verify source and closed toolchain	2026-08-04T05:38:26.1358910Z ok 18 - session forwards exact raw stderr chunks without interpreting framing
build-and-qualify (chinese, darwin-arm64)	Verify source and closed toolchain	2026-08-04T05:38:26.1359610Z   ---
build-and-qualify (chinese, darwin-arm64)	Verify source and closed toolchain	2026-08-04T05:38:26.1385870Z   duration_ms: 0.614083
build-and-qualify (chinese, darwin-arm64)	Verify source and closed toolchain	2026-08-04T05:38:26.1386730Z   type: 'test'
build-and-qualify (chinese, darwin-arm64)	Verify source and closed toolchain	2026-08-04T05:38:26.1387610Z   ...
build-and-qualify (chinese, darwin-arm64)	Verify source and closed toolchain	2026-08-04T05:38:32.3394530Z # Subtest: CommonCrypto streaming digest matches exact boundary payloads
build-and-qualify (chinese, darwin-arm64)	Verify source and closed toolchain	2026-08-04T05:38:32.3395730Z ok 19 - CommonCrypto streaming digest matches exact boundary payloads
build-and-qualify (chinese, darwin-arm64)	Verify source and closed toolchain	2026-08-04T05:38:32.3396080Z   ---
build-and-qualify (chinese, darwin-arm64)	Verify source and closed toolchain	2026-08-04T05:38:32.3396290Z   duration_ms: 6519.453625
build-and-qualify (chinese, darwin-arm64)	Verify source and closed toolchain	2026-08-04T05:38:32.3396490Z   type: 'test'
build-and-qualify (chinese, darwin-arm64)	Verify source and closed toolchain	2026-08-04T05:38:32.3396660Z   ...
build-and-qualify (chinese, darwin-arm64)	Verify source and closed toolchain	2026-08-04T05:38:32.5358670Z # Subtest: integrity owner is bounded, Apple-only, and classifies failures
build-and-qualify (chinese, darwin-arm64)	Verify source and closed toolchain	2026-08-04T05:38:32.5359200Z ok 20 - integrity owner is bounded, Apple-only, and classifies failures
build-and-qualify (chinese, darwin-arm64)	Verify source and closed toolchain	2026-08-04T05:38:32.5359530Z   ---
build-and-qualify (chinese, darwin-arm64)	Verify source and closed toolchain	2026-08-04T05:38:32.5359700Z   duration_ms: 196.499083
build-and-qualify (chinese, darwin-arm64)	Verify source and closed toolchain	2026-08-04T05:38:32.5359940Z   type: 'test'
build-and-qualify (chinese, darwin-arm64)	Verify source and closed toolchain	2026-08-04T05:38:32.5360100Z   ...
build-and-qualify (chinese, darwin-arm64)	Verify source and closed toolchain	2026-08-04T05:38:32.6686360Z # Subtest: preparation emitter writes exact private canonical lines
build-and-qualify (chinese, darwin-arm64)	Verify source and closed toolchain	2026-08-04T05:38:32.6687120Z ok 21 - preparation emitter writes exact private canonical lines
build-and-qualify (chinese, darwin-arm64)	Verify source and closed toolchain	2026-08-04T05:38:32.6687410Z   ---
build-and-qualify (chinese, darwin-arm64)	Verify source and closed toolchain	2026-08-04T05:38:32.6687580Z   duration_ms: 133.207708
build-and-qualify (chinese, darwin-arm64)	Verify source and closed toolchain	2026-08-04T05:38:32.6687790Z   type: 'test'
build-and-qualify (chinese, darwin-arm64)	Verify source and closed toolchain	2026-08-04T05:38:32.6687940Z   ...
build-and-qualify (chinese, darwin-arm64)	Verify source and closed toolchain	2026-08-04T05:38:32.6764010Z # Subtest: cleanup removes a verified read-only package tree
build-and-qualify (chinese, darwin-arm64)	Verify source and closed toolchain	2026-08-04T05:38:32.6765010Z ok 22 - cleanup removes a verified read-only package tree
build-and-qualify (chinese, darwin-arm64)	Verify source and closed toolchain	2026-08-04T05:38:32.6766090Z   ---
build-and-qualify (chinese, darwin-arm64)	Verify source and closed toolchain	2026-08-04T05:38:32.6766300Z   duration_ms: 9.971583
build-and-qualify (chinese, darwin-arm64)	Verify source and closed toolchain	2026-08-04T05:38:32.6766530Z   type: 'test'
build-and-qualify (chinese, darwin-arm64)	Verify source and closed toolchain	2026-08-04T05:38:32.6766700Z   ...
build-and-qualify (chinese, darwin-arm64)	Verify source and closed toolchain	2026-08-04T05:38:32.6767000Z # Subtest: internal target mapping covers every supported Node and Go tuple
build-and-qualify (chinese, darwin-arm64)	Verify source and closed toolchain	2026-08-04T05:38:32.6767480Z ok 23 - internal target mapping covers every supported Node and Go tuple
build-and-qualify (chinese, darwin-arm64)	Verify source and closed toolchain	2026-08-04T05:38:32.6767790Z   ---
build-and-qualify (chinese, darwin-arm64)	Verify source and closed toolchain	2026-08-04T05:38:32.6768300Z   duration_ms: 1.085292
build-and-qualify (chinese, darwin-arm64)	Verify source and closed toolchain	2026-08-04T05:38:32.6768500Z   type: 'test'
build-and-qualify (chinese, darwin-arm64)	Verify source and closed toolchain	2026-08-04T05:38:32.6769270Z   ...
build-and-qualify (chinese, darwin-arm64)	Verify source and closed toolchain	2026-08-04T05:38:32.6769600Z # Subtest: every supported Go root manifest is bound to its locked archive
build-and-qualify (chinese, darwin-arm64)	Verify source and closed toolchain	2026-08-04T05:38:32.6770040Z ok 24 - every supported Go root manifest is bound to its locked archive
build-and-qualify (chinese, darwin-arm64)	Verify source and closed toolchain	2026-08-04T05:38:32.6784120Z   ---
build-and-qualify (chinese, darwin-arm64)	Verify source and closed toolchain	2026-08-04T05:38:32.6784370Z   duration_ms: 60.154375
build-and-qualify (chinese, darwin-arm64)	Verify source and closed toolchain	2026-08-04T05:38:32.6784570Z   type: 'test'
build-and-qualify (chinese, darwin-arm64)	Verify source and closed toolchain	2026-08-04T05:38:32.6784790Z   ...
build-and-qualify (chinese, darwin-arm64)	Verify source and closed toolchain	2026-08-04T05:38:32.6785100Z # Subtest: version-preserving fake Go compiler is rejected by exact bytes
build-and-qualify (chinese, darwin-arm64)	Verify source and closed toolchain	2026-08-04T05:38:32.6785580Z ok 25 - version-preserving fake Go compiler is rejected by exact bytes
build-and-qualify (chinese, darwin-arm64)	Verify source and closed toolchain	2026-08-04T05:38:32.6785880Z   ---
build-and-qualify (chinese, darwin-arm64)	Verify source and closed toolchain	2026-08-04T05:38:32.6786050Z   duration_ms: 13.383166
build-and-qualify (chinese, darwin-arm64)	Verify source and closed toolchain	2026-08-04T05:38:32.6786240Z   type: 'test'
build-and-qualify (chinese, darwin-arm64)	Verify source and closed toolchain	2026-08-04T05:38:32.6786420Z   ...
build-and-qualify (chinese, darwin-arm64)	Verify source and closed toolchain	2026-08-04T05:38:32.6786690Z # Subtest: official locked Go front binary without its sibling root is rejected
build-and-qualify (chinese, darwin-arm64)	Verify source and closed toolchain	2026-08-04T05:38:32.6787130Z ok 26 - official locked Go front binary without its sibling root is rejected
build-and-qualify (chinese, darwin-arm64)	Verify source and closed toolchain	2026-08-04T05:38:32.6787450Z   ---
build-and-qualify (chinese, darwin-arm64)	Verify source and closed toolchain	2026-08-04T05:38:32.6787620Z   duration_ms: 81.68375
build-and-qualify (chinese, darwin-arm64)	Verify source and closed toolchain	2026-08-04T05:38:32.6787800Z   type: 'test'
build-and-qualify (chinese, darwin-arm64)	Verify source and closed toolchain	2026-08-04T05:38:32.6787960Z   ...
build-and-qualify (chinese, darwin-arm64)	Verify source and closed toolchain	2026-08-04T05:38:32.6788260Z # Subtest: exact Go front binary is rejected when a sibling tool is missing
build-and-qualify (chinese, darwin-arm64)	Verify source and closed toolchain	2026-08-04T05:38:32.6788660Z ok 27 - exact Go front binary is rejected when a sibling tool is missing
build-and-qualify (chinese, darwin-arm64)	Verify source and closed toolchain	2026-08-04T05:38:32.6788950Z   ---
build-and-qualify (chinese, darwin-arm64)	Verify source and closed toolchain	2026-08-04T05:38:32.6789130Z   duration_ms: 36.629625
build-and-qualify (chinese, darwin-arm64)	Verify source and closed toolchain	2026-08-04T05:38:32.6789310Z   type: 'test'
build-and-qualify (chinese, darwin-arm64)	Verify source and closed toolchain	2026-08-04T05:38:32.6789450Z   ...
build-and-qualify (chinese, darwin-arm64)	Verify source and closed toolchain	2026-08-04T05:38:32.6789700Z # Subtest: exact Go front binary is rejected when a sibling tool is modified
build-and-qualify (chinese, darwin-arm64)	Verify source and closed toolchain	2026-08-04T05:38:32.6790110Z ok 28 - exact Go front binary is rejected when a sibling tool is modified
build-and-qualify (chinese, darwin-arm64)	Verify source and closed toolchain	2026-08-04T05:38:32.6790370Z   ---
build-and-qualify (chinese, darwin-arm64)	Verify source and closed toolchain	2026-08-04T05:38:32.6790530Z   duration_ms: 16.983583
build-and-qualify (chinese, darwin-arm64)	Verify source and closed toolchain	2026-08-04T05:38:32.6790710Z   type: 'test'
build-and-qualify (chinese, darwin-arm64)	Verify source and closed toolchain	2026-08-04T05:38:32.6790880Z   ...
build-and-qualify (chinese, darwin-arm64)	Verify source and closed toolchain	2026-08-04T05:38:32.6791140Z # Subtest: inherited alternate GOROOT is rejected before Go execution
build-and-qualify (chinese, darwin-arm64)	Verify source and closed toolchain	2026-08-04T05:38:32.6791570Z ok 29 - inherited alternate GOROOT is rejected before Go execution
build-and-qualify (chinese, darwin-arm64)	Verify source and closed toolchain	2026-08-04T05:38:32.6791840Z   ---
build-and-qualify (chinese, darwin-arm64)	Verify source and closed toolchain	2026-08-04T05:38:32.6791970Z   duration_ms: 11.295875
build-and-qualify (chinese, darwin-arm64)	Verify source and closed toolchain	2026-08-04T05:38:32.6792160Z   type: 'test'
build-and-qualify (chinese, darwin-arm64)	Verify source and closed toolchain	2026-08-04T05:38:32.6792290Z   ...
build-and-qualify (chinese, darwin-arm64)	Verify source and closed toolchain	2026-08-04T05:38:32.6792540Z # Subtest: inherited GOCACHEPROG is rejected before verified Go invocation
build-and-qualify (chinese, darwin-arm64)	Verify source and closed toolchain	2026-08-04T05:38:32.6792940Z ok 30 - inherited GOCACHEPROG is rejected before verified Go invocation
build-and-qualify (chinese, darwin-arm64)	Verify source and closed toolchain	2026-08-04T05:38:32.6793210Z   ---
build-and-qualify (chinese, darwin-arm64)	Verify source and closed toolchain	2026-08-04T05:38:32.6793350Z   duration_ms: 94.764042
build-and-qualify (chinese, darwin-arm64)	Verify source and closed toolchain	2026-08-04T05:38:32.6793520Z   type: 'test'
build-and-qualify (chinese, darwin-arm64)	Verify source and closed toolchain	2026-08-04T05:38:32.6793650Z   ...
build-and-qualify (chinese, darwin-arm64)	Verify source and closed toolchain	2026-08-04T05:38:32.6793890Z # Subtest: locked native source rejects a modified tree at the same commit
build-and-qualify (chinese, darwin-arm64)	Verify source and closed toolchain	2026-08-04T05:38:32.6794310Z ok 31 - locked native source rejects a modified tree at the same commit
build-and-qualify (chinese, darwin-arm64)	Verify source and closed toolchain	2026-08-04T05:38:32.6794580Z   ---
build-and-qualify (chinese, darwin-arm64)	Verify source and closed toolchain	2026-08-04T05:38:32.6794730Z   duration_ms: 481.330542
build-and-qualify (chinese, darwin-arm64)	Verify source and closed toolchain	2026-08-04T05:38:32.6794890Z   type: 'test'
build-and-qualify (chinese, darwin-arm64)	Verify source and closed toolchain	2026-08-04T05:38:32.6795030Z   ...
build-and-qualify (chinese, darwin-arm64)	Verify source and closed toolchain	2026-08-04T05:38:32.6795320Z # Subtest: wheelhouse rejects target wheel bytes changed without a version change
build-and-qualify (chinese, darwin-arm64)	Verify source and closed toolchain	2026-08-04T05:38:32.6795760Z ok 32 - wheelhouse rejects target wheel bytes changed without a version change
build-and-qualify (chinese, darwin-arm64)	Verify source and closed toolchain	2026-08-04T05:38:32.6796050Z   ---
build-and-qualify (chinese, darwin-arm64)	Verify source and closed toolchain	2026-08-04T05:38:32.6796190Z   duration_ms: 12.338833
build-and-qualify (chinese, darwin-arm64)	Verify source and closed toolchain	2026-08-04T05:38:32.6796360Z   type: 'test'
build-and-qualify (chinese, darwin-arm64)	Verify source and closed toolchain	2026-08-04T05:38:32.6796490Z   ...
build-and-qualify (chinese, darwin-arm64)	Verify source and closed toolchain	2026-08-04T05:38:32.6796770Z # Subtest: operator-materialized Python trees are not accepted as build inputs
build-and-qualify (chinese, darwin-arm64)	Verify source and closed toolchain	2026-08-04T05:38:32.6797200Z ok 33 - operator-materialized Python trees are not accepted as build inputs
build-and-qualify (chinese, darwin-arm64)	Verify source and closed toolchain	2026-08-04T05:38:32.6798080Z   ---
build-and-qualify (chinese, darwin-arm64)	Verify source and closed toolchain	2026-08-04T05:38:32.6798220Z   duration_ms: 1.124333
build-and-qualify (chinese, darwin-arm64)	Verify source and closed toolchain	2026-08-04T05:38:32.6798380Z   type: 'test'
build-and-qualify (chinese, darwin-arm64)	Verify source and closed toolchain	2026-08-04T05:38:32.6798520Z   ...
build-and-qualify (chinese, darwin-arm64)	Verify source and closed toolchain	2026-08-04T05:38:32.6798790Z # Subtest: the exact locked topology becomes a closed relocatable reproducible tree
build-and-qualify (chinese, darwin-arm64)	Verify source and closed toolchain	2026-08-04T05:38:32.6799240Z ok 34 - the exact locked topology becomes a closed relocatable reproducible tree
build-and-qualify (chinese, darwin-arm64)	Verify source and closed toolchain	2026-08-04T05:38:32.6799780Z   ---
build-and-qualify (chinese, darwin-arm64)	Verify source and closed toolchain	2026-08-04T05:38:32.6799930Z   duration_ms: 235.976792
build-and-qualify (chinese, darwin-arm64)	Verify source and closed toolchain	2026-08-04T05:38:32.6800100Z   type: 'test'
build-and-qualify (chinese, darwin-arm64)	Verify source and closed toolchain	2026-08-04T05:38:32.6800240Z   ...
build-and-qualify (chinese, darwin-arm64)	Verify source and closed toolchain	2026-08-04T05:38:32.6800480Z # Subtest: unsafe, incomplete, and unexpected archive entries fail closed
build-and-qualify (chinese, darwin-arm64)	Verify source and closed toolchain	2026-08-04T05:38:32.6800790Z     # Subtest: absolute link
build-and-qualify (chinese, darwin-arm64)	Verify source and closed toolchain	2026-08-04T05:38:32.6800980Z     ok 1 - absolute link
build-and-qualify (chinese, darwin-arm64)	Verify source and closed toolchain	2026-08-04T05:38:32.6801150Z       ---
build-and-qualify (chinese, darwin-arm64)	Verify source and closed toolchain	2026-08-04T05:38:32.6801300Z       duration_ms: 19.311584
build-and-qualify (chinese, darwin-arm64)	Verify source and closed toolchain	2026-08-04T05:38:32.6801480Z       type: 'test'
build-and-qualify (chinese, darwin-arm64)	Verify source and closed toolchain	2026-08-04T05:38:32.6801630Z       ...
build-and-qualify (chinese, darwin-arm64)	Verify source and closed toolchain	2026-08-04T05:38:32.6801770Z     # Subtest: escaping link
build-and-qualify (chinese, darwin-arm64)	Verify source and closed toolchain	2026-08-04T05:38:32.6801960Z     ok 2 - escaping link
build-and-qualify (chinese, darwin-arm64)	Verify source and closed toolchain	2026-08-04T05:38:32.6802120Z       ---
build-and-qualify (chinese, darwin-arm64)	Verify source and closed toolchain	2026-08-04T05:38:32.6802270Z       duration_ms: 15.740042
build-and-qualify (chinese, darwin-arm64)	Verify source and closed toolchain	2026-08-04T05:38:32.6802430Z       type: 'test'
build-and-qualify (chinese, darwin-arm64)	Verify source and closed toolchain	2026-08-04T05:38:32.6802580Z       ...
build-and-qualify (chinese, darwin-arm64)	Verify source and closed toolchain	2026-08-04T05:38:32.6802720Z     # Subtest: dangling link
build-and-qualify (chinese, darwin-arm64)	Verify source and closed toolchain	2026-08-04T05:38:32.6802910Z     ok 3 - dangling link
build-and-qualify (chinese, darwin-arm64)	Verify source and closed toolchain	2026-08-04T05:38:32.6803070Z       ---
build-and-qualify (chinese, darwin-arm64)	Verify source and closed toolchain	2026-08-04T05:38:32.6803220Z       duration_ms: 36.185583
build-and-qualify (chinese, darwin-arm64)	Verify source and closed toolchain	2026-08-04T05:38:32.6803400Z       type: 'test'
build-and-qualify (chinese, darwin-arm64)	Verify source and closed toolchain	2026-08-04T05:38:32.6803540Z       ...
build-and-qualify (chinese, darwin-arm64)	Verify source and closed toolchain	2026-08-04T05:38:32.6803680Z     # Subtest: cyclic link
build-and-qualify (chinese, darwin-arm64)	Verify source and closed toolchain	2026-08-04T05:38:32.6803850Z     ok 4 - cyclic link
build-and-qualify (chinese, darwin-arm64)	Verify source and closed toolchain	2026-08-04T05:38:32.6804000Z       ---
build-and-qualify (chinese, darwin-arm64)	Verify source and closed toolchain	2026-08-04T05:38:32.6804150Z       duration_ms: 33.205708
build-and-qualify (chinese, darwin-arm64)	Verify source and closed toolchain	2026-08-04T05:38:32.6804320Z       type: 'test'
build-and-qualify (chinese, darwin-arm64)	Verify source and closed toolchain	2026-08-04T05:38:32.6804460Z       ...
build-and-qualify (chinese, darwin-arm64)	Verify source and closed toolchain	2026-08-04T05:38:32.6804640Z     # Subtest: unexpected link
build-and-qualify (chinese, darwin-arm64)	Verify source and closed toolchain	2026-08-04T05:38:32.6804840Z     ok 5 - unexpected link
build-and-qualify (chinese, darwin-arm64)	Verify source and closed toolchain	2026-08-04T05:38:32.6805000Z       ---
build-and-qualify (chinese, darwin-arm64)	Verify source and closed toolchain	2026-08-04T05:38:32.6805160Z       duration_ms: 28.733125
build-and-qualify (chinese, darwin-arm64)	Verify source and closed toolchain	2026-08-04T05:38:32.6805330Z       type: 'test'
build-and-qualify (chinese, darwin-arm64)	Verify source and closed toolchain	2026-08-04T05:38:32.6805470Z       ...
build-and-qualify (chinese, darwin-arm64)	Verify source and closed toolchain	2026-08-04T05:38:32.6805620Z     # Subtest: missing approved link
build-and-qualify (chinese, darwin-arm64)	Verify source and closed toolchain	2026-08-04T05:38:32.6805840Z     ok 6 - missing approved link
build-and-qualify (chinese, darwin-arm64)	Verify source and closed toolchain	2026-08-04T05:38:32.6806010Z       ---
build-and-qualify (chinese, darwin-arm64)	Verify source and closed toolchain	2026-08-04T05:38:32.6806160Z       duration_ms: 54.912958
build-and-qualify (chinese, darwin-arm64)	Verify source and closed toolchain	2026-08-04T05:38:32.6806330Z       type: 'test'
build-and-qualify (chinese, darwin-arm64)	Verify source and closed toolchain	2026-08-04T05:38:32.6806480Z       ...
build-and-qualify (chinese, darwin-arm64)	Verify source and closed toolchain	2026-08-04T05:38:32.6806630Z     # Subtest: special entry
build-and-qualify (chinese, darwin-arm64)	Verify source and closed toolchain	2026-08-04T05:38:32.6806810Z     ok 7 - special entry
build-and-qualify (chinese, darwin-arm64)	Verify source and closed toolchain	2026-08-04T05:38:32.6806970Z       ---
build-and-qualify (chinese, darwin-arm64)	Verify source and closed toolchain	2026-08-04T05:38:32.6807110Z       duration_ms: 26.631291
build-and-qualify (chinese, darwin-arm64)	Verify source and closed toolchain	2026-08-04T05:38:32.6807290Z       type: 'test'
build-and-qualify (chinese, darwin-arm64)	Verify source and closed toolchain	2026-08-04T05:38:32.6807430Z       ...
build-and-qualify (chinese, darwin-arm64)	Verify source and closed toolchain	2026-08-04T05:38:32.6807550Z     1..7
build-and-qualify (chinese, darwin-arm64)	Verify source and closed toolchain	2026-08-04T05:38:32.6807790Z ok 35 - unsafe, incomplete, and unexpected archive entries fail closed
build-and-qualify (chinese, darwin-arm64)	Verify source and closed toolchain	2026-08-04T05:38:32.6808070Z   ---
build-and-qualify (chinese, darwin-arm64)	Verify source and closed toolchain	2026-08-04T05:38:32.6808220Z   duration_ms: 218.152667
build-and-qualify (chinese, darwin-arm64)	Verify source and closed toolchain	2026-08-04T05:38:32.6808390Z   type: 'test'
build-and-qualify (chinese, darwin-arm64)	Verify source and closed toolchain	2026-08-04T05:38:32.6808530Z   ...
build-and-qualify (chinese, darwin-arm64)	Verify source and closed toolchain	2026-08-04T05:38:32.6808820Z # Subtest: Python closure excludes dependency tests and development headers coherently
build-and-qualify (chinese, darwin-arm64)	Verify source and closed toolchain	2026-08-04T05:38:32.6809350Z ok 36 - Python closure excludes dependency tests and development headers coherently
build-and-qualify (chinese, darwin-arm64)	Verify source and closed toolchain	2026-08-04T05:38:32.6809670Z   ---
build-and-qualify (chinese, darwin-arm64)	Verify source and closed toolchain	2026-08-04T05:38:32.6809810Z   duration_ms: 42.413875
build-and-qualify (chinese, darwin-arm64)	Verify source and closed toolchain	2026-08-04T05:38:32.6809970Z   type: 'test'
build-and-qualify (chinese, darwin-arm64)	Verify source and closed toolchain	2026-08-04T05:38:32.6810100Z   ...
build-and-qualify (chinese, darwin-arm64)	Verify source and closed toolchain	2026-08-04T05:38:32.6810440Z # Subtest: the complete observed staged manifest passes the canonical Go validator after closure
build-and-qualify (chinese, darwin-arm64)	Verify source and closed toolchain	2026-08-04T05:38:32.6810970Z ok 37 - the complete observed staged manifest passes the canonical Go validator after closure
build-and-qualify (chinese, darwin-arm64)	Verify source and closed toolchain	2026-08-04T05:38:32.6811300Z   ---
build-and-qualify (chinese, darwin-arm64)	Verify source and closed toolchain	2026-08-04T05:38:32.6811440Z   duration_ms: 6220.533709
build-and-qualify (chinese, darwin-arm64)	Verify source and closed toolchain	2026-08-04T05:38:32.6811610Z   type: 'test'
build-and-qualify (chinese, darwin-arm64)	Verify source and closed toolchain	2026-08-04T05:38:32.6811750Z   ...
build-and-qualify (chinese, darwin-arm64)	Verify source and closed toolchain	2026-08-04T05:38:32.6812020Z # Subtest: reproducibility proof requires byte-identical archives and reports
build-and-qualify (chinese, darwin-arm64)	Verify source and closed toolchain	2026-08-04T05:38:32.6812450Z ok 38 - reproducibility proof requires byte-identical archives and reports
build-and-qualify (chinese, darwin-arm64)	Verify source and closed toolchain	2026-08-04T05:38:32.6813120Z   ---
build-and-qualify (chinese, darwin-arm64)	Verify source and closed toolchain	2026-08-04T05:38:32.6813270Z   duration_ms: 173.477042
build-and-qualify (chinese, darwin-arm64)	Verify source and closed toolchain	2026-08-04T05:38:32.6813430Z   type: 'test'
build-and-qualify (chinese, darwin-arm64)	Verify source and closed toolchain	2026-08-04T05:38:32.6813570Z   ...
build-and-qualify (chinese, darwin-arm64)	Verify source and closed toolchain	2026-08-04T05:38:32.6813860Z # Subtest: the exact Xcode clang++ alias links C++ while its identical clang target does not
build-and-qualify (chinese, darwin-arm64)	Verify source and closed toolchain	2026-08-04T05:38:32.6814360Z ok 39 - the exact Xcode clang++ alias links C++ while its identical clang target does not
build-and-qualify (chinese, darwin-arm64)	Verify source and closed toolchain	2026-08-04T05:38:32.6814850Z   ---
build-and-qualify (chinese, darwin-arm64)	Verify source and closed toolchain	2026-08-04T05:38:32.6814980Z   duration_ms: 2933.0825
build-and-qualify (chinese, darwin-arm64)	Verify source and closed toolchain	2026-08-04T05:38:32.6815160Z   type: 'test'
build-and-qualify (chinese, darwin-arm64)	Verify source and closed toolchain	2026-08-04T05:38:32.6815300Z   ...
build-and-qualify (chinese, darwin-arm64)	Verify source and closed toolchain	2026-08-04T05:38:32.6815580Z # Subtest: the clang++ alias rejects target, byte, topology, and directory drift
build-and-qualify (chinese, darwin-arm64)	Verify source and closed toolchain	2026-08-04T05:38:32.6816000Z ok 40 - the clang++ alias rejects target, byte, topology, and directory drift
build-and-qualify (chinese, darwin-arm64)	Verify source and closed toolchain	2026-08-04T05:38:32.6816280Z   ---
build-and-qualify (chinese, darwin-arm64)	Verify source and closed toolchain	2026-08-04T05:38:32.6816430Z   duration_ms: 209.149625
build-and-qualify (chinese, darwin-arm64)	Verify source and closed toolchain	2026-08-04T05:38:32.6816600Z   type: 'test'
build-and-qualify (chinese, darwin-arm64)	Verify source and closed toolchain	2026-08-04T05:38:32.6816740Z   ...
build-and-qualify (chinese, darwin-arm64)	Verify source and closed toolchain	2026-08-04T05:38:32.6816990Z # Subtest: native build overrides are rejected case-insensitively before use
build-and-qualify (chinese, darwin-arm64)	Verify source and closed toolchain	2026-08-04T05:38:32.6817410Z ok 41 - native build overrides are rejected case-insensitively before use
build-and-qualify (chinese, darwin-arm64)	Verify source and closed toolchain	2026-08-04T05:38:32.6817690Z   ---
build-and-qualify (chinese, darwin-arm64)	Verify source and closed toolchain	2026-08-04T05:38:32.6817830Z   duration_ms: 0.851459
build-and-qualify (chinese, darwin-arm64)	Verify source and closed toolchain	2026-08-04T05:38:32.6817990Z   type: 'test'
build-and-qualify (chinese, darwin-arm64)	Verify source and closed toolchain	2026-08-04T05:38:32.6818130Z   ...
build-and-qualify (chinese, darwin-arm64)	Verify source and closed toolchain	2026-08-04T05:38:32.6818390Z # Subtest: the production environment owner accepts the preflight CMake symlink
build-and-qualify (chinese, darwin-arm64)	Verify source and closed toolchain	2026-08-04T05:38:32.6818830Z ok 42 - the production environment owner accepts the preflight CMake symlink
build-and-qualify (chinese, darwin-arm64)	Verify source and closed toolchain	2026-08-04T05:38:32.6819120Z   ---
build-and-qualify (chinese, darwin-arm64)	Verify source and closed toolchain	2026-08-04T05:38:32.6819260Z   duration_ms: 450.039875
build-and-qualify (chinese, darwin-arm64)	Verify source and closed toolchain	2026-08-04T05:38:32.6819420Z   type: 'test'
build-and-qualify (chinese, darwin-arm64)	Verify source and closed toolchain	2026-08-04T05:38:32.6819560Z   ...
build-and-qualify (chinese, darwin-arm64)	Verify source and closed toolchain	2026-08-04T05:38:32.6819840Z # Subtest: the Xcode ranlib alias retains invocation semantics and authenticated topology
build-and-qualify (chinese, darwin-arm64)	Verify source and closed toolchain	2026-08-04T05:38:32.6820320Z ok 43 - the Xcode ranlib alias retains invocation semantics and authenticated topology
build-and-qualify (chinese, darwin-arm64)	Verify source and closed toolchain	2026-08-04T05:38:32.6820640Z   ---
build-and-qualify (chinese, darwin-arm64)	Verify source and closed toolchain	2026-08-04T05:38:32.6820780Z   duration_ms: 495.551
build-and-qualify (chinese, darwin-arm64)	Verify source and closed toolchain	2026-08-04T05:38:32.6820940Z   type: 'test'
build-and-qualify (chinese, darwin-arm64)	Verify source and closed toolchain	2026-08-04T05:38:32.6821070Z   ...
build-and-qualify (chinese, darwin-arm64)	Verify source and closed toolchain	2026-08-04T05:38:32.6821420Z # Subtest: the canonical sandboxed package entry consumes outside-authorized preflight without sudo spawn
build-and-qualify (chinese, darwin-arm64)	Verify source and closed toolchain	2026-08-04T05:38:32.6822000Z ok 44 - the canonical sandboxed package entry consumes outside-authorized preflight without sudo spawn
build-and-qualify (chinese, darwin-arm64)	Verify source and closed toolchain	2026-08-04T05:38:32.6822370Z   ---
build-and-qualify (chinese, darwin-arm64)	Verify source and closed toolchain	2026-08-04T05:38:32.6822520Z   duration_ms: 992.314375
build-and-qualify (chinese, darwin-arm64)	Verify source and closed toolchain	2026-08-04T05:38:32.6822680Z   type: 'test'
build-and-qualify (chinese, darwin-arm64)	Verify source and closed toolchain	2026-08-04T05:38:32.6822820Z   ...
build-and-qualify (chinese, darwin-arm64)	Verify source and closed toolchain	2026-08-04T05:38:32.6823100Z # Subtest: the trusted PATH is closed and rechecks every selected tool
build-and-qualify (chinese, darwin-arm64)	Verify source and closed toolchain	2026-08-04T05:38:32.6823470Z ok 45 - the trusted PATH is closed and rechecks every selected tool
build-and-qualify (chinese, darwin-arm64)	Verify source and closed toolchain	2026-08-04T05:38:32.6823740Z   ---
build-and-qualify (chinese, darwin-arm64)	Verify source and closed toolchain	2026-08-04T05:38:32.6823870Z   duration_ms: 73.2985
build-and-qualify (chinese, darwin-arm64)	Verify source and closed toolchain	2026-08-04T05:38:32.6824030Z   type: 'test'
build-and-qualify (chinese, darwin-arm64)	Verify source and closed toolchain	2026-08-04T05:38:32.6824160Z   ...
build-and-qualify (chinese, darwin-arm64)	Verify source and closed toolchain	2026-08-04T05:38:32.6824440Z # Subtest: trusted executable bytes and explicit CMake configuration are bound
build-and-qualify (chinese, darwin-arm64)	Verify source and closed toolchain	2026-08-04T05:38:32.6824880Z ok 46 - trusted executable bytes and explicit CMake configuration are bound
build-and-qualify (chinese, darwin-arm64)	Verify source and closed toolchain	2026-08-04T05:38:32.6825170Z   ---
build-and-qualify (chinese, darwin-arm64)	Verify source and closed toolchain	2026-08-04T05:38:32.6825310Z   duration_ms: 4.213459
build-and-qualify (chinese, darwin-arm64)	Verify source and closed toolchain	2026-08-04T05:38:32.6825480Z   type: 'test'
build-and-qualify (chinese, darwin-arm64)	Verify source and closed toolchain	2026-08-04T05:38:32.6825610Z   ...
build-and-qualify (chinese, darwin-arm64)	Verify source and closed toolchain	2026-08-04T05:38:32.6825840Z # Subtest: resolved CMake selection must match the bound environment
build-and-qualify (chinese, darwin-arm64)	Verify source and closed toolchain	2026-08-04T05:38:32.6826200Z ok 47 - resolved CMake selection must match the bound environment
build-and-qualify (chinese, darwin-arm64)	Verify source and closed toolchain	2026-08-04T05:38:32.6826460Z   ---
build-and-qualify (chinese, darwin-arm64)	Verify source and closed toolchain	2026-08-04T05:38:32.6826600Z   duration_ms: 3.934041
build-and-qualify (chinese, darwin-arm64)	Verify source and closed toolchain	2026-08-04T05:38:32.6826760Z   type: 'test'
build-and-qualify (chinese, darwin-arm64)	Verify source and closed toolchain	2026-08-04T05:38:32.6826890Z   ...
build-and-qualify (chinese, darwin-arm64)	Verify source and closed toolchain	2026-08-04T05:38:32.6827110Z # Subtest: every current package builder consumes the trusted owner
build-and-qualify (chinese, darwin-arm64)	Verify source and closed toolchain	2026-08-04T05:38:32.6827460Z ok 48 - every current package builder consumes the trusted owner
build-and-qualify (chinese, darwin-arm64)	Verify source and closed toolchain	2026-08-04T05:38:32.6827710Z   ---
build-and-qualify (chinese, darwin-arm64)	Verify source and closed toolchain	2026-08-04T05:38:32.6827850Z   duration_ms: 0.91975
build-and-qualify (chinese, darwin-arm64)	Verify source and closed toolchain	2026-08-04T05:38:32.6828010Z   type: 'test'
build-and-qualify (chinese, darwin-arm64)	Verify source and closed toolchain	2026-08-04T05:38:32.6828160Z   ...
build-and-qualify (chinese, darwin-arm64)	Verify source and closed toolchain	2026-08-04T05:38:32.6828450Z # Subtest: the locked Metal sed pipeline runs through only the authenticated closed PATH
build-and-qualify (chinese, darwin-arm64)	Verify source and closed toolchain	2026-08-04T05:38:32.6829190Z ok 49 - the locked Metal sed pipeline runs through only the authenticated closed PATH
build-and-qualify (chinese, darwin-arm64)	Verify source and closed toolchain	2026-08-04T05:38:32.6829510Z   ---
build-and-qualify (chinese, darwin-arm64)	Verify source and closed toolchain	2026-08-04T05:38:32.6829660Z   duration_ms: 1045.237875
build-and-qualify (chinese, darwin-arm64)	Verify source and closed toolchain	2026-08-04T05:38:32.6829840Z   type: 'test'
build-and-qualify (chinese, darwin-arm64)	Verify source and closed toolchain	2026-08-04T05:38:32.6829980Z   ...
build-and-qualify (chinese, darwin-arm64)	Verify source and closed toolchain	2026-08-04T05:38:34.6761150Z # Subtest: pinned launcher build is byte deterministic and rejects public argv
build-and-qualify (chinese, darwin-arm64)	Verify source and closed toolchain	2026-08-04T05:38:34.6762380Z ok 50 - pinned launcher build is byte deterministic and rejects public argv
build-and-qualify (chinese, darwin-arm64)	Verify source and closed toolchain	2026-08-04T05:38:34.6762710Z   ---
build-and-qualify (chinese, darwin-arm64)	Verify source and closed toolchain	2026-08-04T05:38:34.6762860Z   duration_ms: 8611.178584
build-and-qualify (chinese, darwin-arm64)	Verify source and closed toolchain	2026-08-04T05:38:34.6763040Z   type: 'test'
build-and-qualify (chinese, darwin-arm64)	Verify source and closed toolchain	2026-08-04T05:38:34.6763180Z   ...
build-and-qualify (chinese, darwin-arm64)	Verify source and closed toolchain	2026-08-04T05:38:34.6817190Z # Subtest: relocated public launcher bootstraps the contained Python import root
build-and-qualify (chinese, darwin-arm64)	Verify source and closed toolchain	2026-08-04T05:38:34.6818210Z ok 51 - relocated public launcher bootstraps the contained Python import root
build-and-qualify (chinese, darwin-arm64)	Verify source and closed toolchain	2026-08-04T05:38:34.6818540Z   ---
build-and-qualify (chinese, darwin-arm64)	Verify source and closed toolchain	2026-08-04T05:38:34.6818690Z   duration_ms: 6214.257167
build-and-qualify (chinese, darwin-arm64)	Verify source and closed toolchain	2026-08-04T05:38:34.6818880Z   type: 'test'
build-and-qualify (chinese, darwin-arm64)	Verify source and closed toolchain	2026-08-04T05:38:34.6819010Z   ...
build-and-qualify (chinese, darwin-arm64)	Verify source and closed toolchain	2026-08-04T05:38:34.6819200Z # Subtest: launcher fixtures obey exact schema
build-and-qualify (chinese, darwin-arm64)	Verify source and closed toolchain	2026-08-04T05:38:34.6819470Z ok 52 - launcher fixtures obey exact schema
build-and-qualify (chinese, darwin-arm64)	Verify source and closed toolchain	2026-08-04T05:38:34.6819660Z   ---
build-and-qualify (chinese, darwin-arm64)	Verify source and closed toolchain	2026-08-04T05:38:34.6819810Z   duration_ms: 60.723583
build-and-qualify (chinese, darwin-arm64)	Verify source and closed toolchain	2026-08-04T05:38:34.6819980Z   type: 'test'
build-and-qualify (chinese, darwin-arm64)	Verify source and closed toolchain	2026-08-04T05:38:34.6820110Z   ...
build-and-qualify (chinese, darwin-arm64)	Verify source and closed toolchain	2026-08-04T05:38:34.6820290Z # Subtest: startup fixtures obey exact schema
build-and-qualify (chinese, darwin-arm64)	Verify source and closed toolchain	2026-08-04T05:38:34.6820540Z ok 53 - startup fixtures obey exact schema
build-and-qualify (chinese, darwin-arm64)	Verify source and closed toolchain	2026-08-04T05:38:34.6820740Z   ---
build-and-qualify (chinese, darwin-arm64)	Verify source and closed toolchain	2026-08-04T05:38:34.6820880Z   duration_ms: 37.876375
build-and-qualify (chinese, darwin-arm64)	Verify source and closed toolchain	2026-08-04T05:38:34.6821040Z   type: 'test'
build-and-qualify (chinese, darwin-arm64)	Verify source and closed toolchain	2026-08-04T05:38:34.6821180Z   ...
build-and-qualify (chinese, darwin-arm64)	Verify source and closed toolchain	2026-08-04T05:38:34.6821360Z # Subtest: protocol fixtures obey exact schema
build-and-qualify (chinese, darwin-arm64)	Verify source and closed toolchain	2026-08-04T05:38:34.6821600Z ok 54 - protocol fixtures obey exact schema
build-and-qualify (chinese, darwin-arm64)	Verify source and closed toolchain	2026-08-04T05:38:34.6821800Z   ---
build-and-qualify (chinese, darwin-arm64)	Verify source and closed toolchain	2026-08-04T05:38:34.6821940Z   duration_ms: 45.312625
build-and-qualify (chinese, darwin-arm64)	Verify source and closed toolchain	2026-08-04T05:38:34.6822110Z   type: 'test'
build-and-qualify (chinese, darwin-arm64)	Verify source and closed toolchain	2026-08-04T05:38:34.6822250Z   ...
build-and-qualify (chinese, darwin-arm64)	Verify source and closed toolchain	2026-08-04T05:38:34.6822410Z # Subtest: all public schemas compile strictly
build-and-qualify (chinese, darwin-arm64)	Verify source and closed toolchain	2026-08-04T05:38:34.6822670Z ok 55 - all public schemas compile strictly
build-and-qualify (chinese, darwin-arm64)	Verify source and closed toolchain	2026-08-04T05:38:34.6822870Z   ---
build-and-qualify (chinese, darwin-arm64)	Verify source and closed toolchain	2026-08-04T05:38:34.6823010Z   duration_ms: 469.181292
build-and-qualify (chinese, darwin-arm64)	Verify source and closed toolchain	2026-08-04T05:38:34.6823180Z   type: 'test'
build-and-qualify (chinese, darwin-arm64)	Verify source and closed toolchain	2026-08-04T05:38:34.6823450Z   ...
build-and-qualify (chinese, darwin-arm64)	Verify source and closed toolchain	2026-08-04T05:38:34.6823860Z # Subtest: Build Input path policy accepts the exact current Chinese source path set
build-and-qualify (chinese, darwin-arm64)	Verify source and closed toolchain	2026-08-04T05:38:34.6824360Z ok 56 - Build Input path policy accepts the exact current Chinese source path set
build-and-qualify (chinese, darwin-arm64)	Verify source and closed toolchain	2026-08-04T05:38:34.6824670Z   ---
build-and-qualify (chinese, darwin-arm64)	Verify source and closed toolchain	2026-08-04T05:38:34.6824810Z   duration_ms: 19.2365
build-and-qualify (chinese, darwin-arm64)	Verify source and closed toolchain	2026-08-04T05:38:34.6824980Z   type: 'test'
build-and-qualify (chinese, darwin-arm64)	Verify source and closed toolchain	2026-08-04T05:38:34.6825220Z   ...
build-and-qualify (chinese, darwin-arm64)	Verify source and closed toolchain	2026-08-04T05:38:34.6825640Z # Subtest: Build Input path policy rejects aliases, unsafe syntax, and collisions
build-and-qualify (chinese, darwin-arm64)	Verify source and closed toolchain	2026-08-04T05:38:34.6826330Z ok 57 - Build Input path policy rejects aliases, unsafe syntax, and collisions
build-and-qualify (chinese, darwin-arm64)	Verify source and closed toolchain	2026-08-04T05:38:34.6826720Z   ---
build-and-qualify (chinese, darwin-arm64)	Verify source and closed toolchain	2026-08-04T05:38:34.6826890Z   duration_ms: 0.564917
build-and-qualify (chinese, darwin-arm64)	Verify source and closed toolchain	2026-08-04T05:38:34.6827080Z   type: 'test'
build-and-qualify (chinese, darwin-arm64)	Verify source and closed toolchain	2026-08-04T05:38:34.6827250Z   ...
build-and-qualify (chinese, darwin-arm64)	Verify source and closed toolchain	2026-08-04T05:38:34.6827580Z # Subtest: aggregate verifier accepts the exact retained API-REV-016 Chinese manifest
build-and-qualify (chinese, darwin-arm64)	Verify source and closed toolchain	2026-08-04T05:38:34.6828140Z not ok 58 - aggregate verifier accepts the exact retained API-REV-016 Chinese manifest
build-and-qualify (chinese, darwin-arm64)	Verify source and closed toolchain	2026-08-04T05:38:34.6828480Z   ---
build-and-qualify (chinese, darwin-arm64)	Verify source and closed toolchain	2026-08-04T05:38:34.6834750Z   duration_ms: 1.2875
build-and-qualify (chinese, darwin-arm64)	Verify source and closed toolchain	2026-08-04T05:38:34.6834930Z   type: 'test'
build-and-qualify (chinese, darwin-arm64)	Verify source and closed toolchain	2026-08-04T05:38:34.6835600Z   location: '/private/tmp/autobyteus-actions-runner-voice-v2.336.0-20260804/_work/autobyteus-voice-runtime/autobyteus-voice-runtime/tests/release/build-input-path-contract.test.mjs:87:1'
build-and-qualify (chinese, darwin-arm64)	Verify source and closed toolchain	2026-08-04T05:38:34.6836550Z   failureType: 'testCodeFailure'
build-and-qualify (chinese, darwin-arm64)	Verify source and closed toolchain	2026-08-04T05:38:34.6837860Z   error: "ENOENT: no such file or directory, open '/private/tmp/autobyteus-actions-runner-voice-v2.336.0-20260804/_work/autobyteus-voice-runtime/autobyteus-voice-runtime/tickets/in-progress/voice-input-runtime-reliability/api-e2e-evidence/api-rev-016/chinese-darwin-arm64/build-input-manifest.json'"
build-and-qualify (chinese, darwin-arm64)	Verify source and closed toolchain	2026-08-04T05:38:34.6839510Z   code: 'ENOENT'
build-and-qualify (chinese, darwin-arm64)	Verify source and closed toolchain	2026-08-04T05:38:34.6839660Z   stack: |-
build-and-qualify (chinese, darwin-arm64)	Verify source and closed toolchain	2026-08-04T05:38:34.6839840Z     async open (node:internal/fs/promises:639:25)
build-and-qualify (chinese, darwin-arm64)	Verify source and closed toolchain	2026-08-04T05:38:34.6840130Z     async Object.readFile (node:internal/fs/promises:1252:14)
build-and-qualify (chinese, darwin-arm64)	Verify source and closed toolchain	2026-08-04T05:38:34.6840800Z     async readJson (file:///private/tmp/autobyteus-actions-runner-voice-v2.336.0-20260804/_work/autobyteus-voice-runtime/autobyteus-voice-runtime/build/lib/files.mjs:12:21)
build-and-qualify (chinese, darwin-arm64)	Verify source and closed toolchain	2026-08-04T05:38:34.6842240Z     async TestContext.<anonymous> (file:///private/tmp/autobyteus-actions-runner-voice-v2.336.0-20260804/_work/autobyteus-voice-runtime/autobyteus-voice-runtime/tests/release/build-input-path-contract.test.mjs:92:16)
build-and-qualify (chinese, darwin-arm64)	Verify source and closed toolchain	2026-08-04T05:38:34.6843030Z     async Test.run (node:internal/test_runner/test:1054:7)
build-and-qualify (chinese, darwin-arm64)	Verify source and closed toolchain	2026-08-04T05:38:34.6843420Z     async Test.processPendingSubtests (node:internal/test_runner/test:744:7)
build-and-qualify (chinese, darwin-arm64)	Verify source and closed toolchain	2026-08-04T05:38:34.6843740Z   ...
build-and-qualify (chinese, darwin-arm64)	Verify source and closed toolchain	2026-08-04T05:38:34.6844000Z # Subtest: aggregate verifier retains canonical unsafe-path and record rejection
build-and-qualify (chinese, darwin-arm64)	Verify source and closed toolchain	2026-08-04T05:38:34.6844440Z ok 59 - aggregate verifier retains canonical unsafe-path and record rejection
build-and-qualify (chinese, darwin-arm64)	Verify source and closed toolchain	2026-08-04T05:38:34.6844720Z   ---
build-and-qualify (chinese, darwin-arm64)	Verify source and closed toolchain	2026-08-04T05:38:34.6844850Z   duration_ms: 0.843875
build-and-qualify (chinese, darwin-arm64)	Verify source and closed toolchain	2026-08-04T05:38:34.6845010Z   type: 'test'
build-and-qualify (chinese, darwin-arm64)	Verify source and closed toolchain	2026-08-04T05:38:34.6845140Z   ...
build-and-qualify (chinese, darwin-arm64)	Verify source and closed toolchain	2026-08-04T05:38:34.6845390Z # Subtest: package verification rejects an unsafe Build Input manifest record
build-and-qualify (chinese, darwin-arm64)	Verify source and closed toolchain	2026-08-04T05:38:34.6845810Z ok 60 - package verification rejects an unsafe Build Input manifest record
build-and-qualify (chinese, darwin-arm64)	Verify source and closed toolchain	2026-08-04T05:38:34.6846090Z   ---
build-and-qualify (chinese, darwin-arm64)	Verify source and closed toolchain	2026-08-04T05:38:34.6846220Z   duration_ms: 11.108125
build-and-qualify (chinese, darwin-arm64)	Verify source and closed toolchain	2026-08-04T05:38:34.6846390Z   type: 'test'
build-and-qualify (chinese, darwin-arm64)	Verify source and closed toolchain	2026-08-04T05:38:34.6846530Z   ...
build-and-qualify (chinese, darwin-arm64)	Verify source and closed toolchain	2026-08-04T05:38:34.6846820Z # Subtest: materialized current Chinese routing paths pass the package verifier unchanged
build-and-qualify (chinese, darwin-arm64)	Verify source and closed toolchain	2026-08-04T05:38:34.6847310Z ok 61 - materialized current Chinese routing paths pass the package verifier unchanged
build-and-qualify (chinese, darwin-arm64)	Verify source and closed toolchain	2026-08-04T05:38:34.6847630Z   ---
build-and-qualify (chinese, darwin-arm64)	Verify source and closed toolchain	2026-08-04T05:38:34.6847780Z   duration_ms: 1224.282917
build-and-qualify (chinese, darwin-arm64)	Verify source and closed toolchain	2026-08-04T05:38:34.6847950Z   type: 'test'
build-and-qualify (chinese, darwin-arm64)	Verify source and closed toolchain	2026-08-04T05:38:34.6848080Z   ...
build-and-qualify (chinese, darwin-arm64)	Verify source and closed toolchain	2026-08-04T05:38:34.6848340Z # Subtest: Current Release Matrix is the sole exact two-entry current authority
build-and-qualify (chinese, darwin-arm64)	Verify source and closed toolchain	2026-08-04T05:38:34.6848760Z ok 62 - Current Release Matrix is the sole exact two-entry current authority
build-and-qualify (chinese, darwin-arm64)	Verify source and closed toolchain	2026-08-04T05:38:34.6849040Z   ---
build-and-qualify (chinese, darwin-arm64)	Verify source and closed toolchain	2026-08-04T05:38:34.6849180Z   duration_ms: 8.315542
build-and-qualify (chinese, darwin-arm64)	Verify source and closed toolchain	2026-08-04T05:38:34.6849340Z   type: 'test'
build-and-qualify (chinese, darwin-arm64)	Verify source and closed toolchain	2026-08-04T05:38:34.6849470Z   ...
build-and-qualify (chinese, darwin-arm64)	Verify source and closed toolchain	2026-08-04T05:38:34.6849760Z # Subtest: materializer creates a closed deterministic tree from a clean exact repository
build-and-qualify (chinese, darwin-arm64)	Verify source and closed toolchain	2026-08-04T05:38:34.6850240Z ok 63 - materializer creates a closed deterministic tree from a clean exact repository
build-and-qualify (chinese, darwin-arm64)	Verify source and closed toolchain	2026-08-04T05:38:34.6850540Z   ---
build-and-qualify (chinese, darwin-arm64)	Verify source and closed toolchain	2026-08-04T05:38:34.6850670Z   duration_ms: 496.346875
build-and-qualify (chinese, darwin-arm64)	Verify source and closed toolchain	2026-08-04T05:38:34.6850830Z   type: 'test'
build-and-qualify (chinese, darwin-arm64)	Verify source and closed toolchain	2026-08-04T05:38:34.6850960Z   ...
build-and-qualify (chinese, darwin-arm64)	Verify source and closed toolchain	2026-08-04T05:38:34.6851240Z # Subtest: branch projection is release-neutral, exact, and independently byte-recomputed
build-and-qualify (chinese, darwin-arm64)	Verify source and closed toolchain	2026-08-04T05:38:34.6851700Z ok 64 - branch projection is release-neutral, exact, and independently byte-recomputed
build-and-qualify (chinese, darwin-arm64)	Verify source and closed toolchain	2026-08-04T05:38:34.6852010Z   ---
build-and-qualify (chinese, darwin-arm64)	Verify source and closed toolchain	2026-08-04T05:38:34.6852140Z   duration_ms: 624.566125
build-and-qualify (chinese, darwin-arm64)	Verify source and closed toolchain	2026-08-04T05:38:34.6852300Z   type: 'test'
build-and-qualify (chinese, darwin-arm64)	Verify source and closed toolchain	2026-08-04T05:38:34.6852430Z   ...
build-and-qualify (chinese, darwin-arm64)	Verify source and closed toolchain	2026-08-04T05:38:34.6852740Z # Subtest: release chain is acyclic and published verification is a separate always-written result
build-and-qualify (chinese, darwin-arm64)	Verify source and closed toolchain	2026-08-04T05:38:34.6853250Z ok 65 - release chain is acyclic and published verification is a separate always-written result
build-and-qualify (chinese, darwin-arm64)	Verify source and closed toolchain	2026-08-04T05:38:34.6853580Z   ---
build-and-qualify (chinese, darwin-arm64)	Verify source and closed toolchain	2026-08-04T05:38:34.6853710Z   duration_ms: 1032.66625
build-and-qualify (chinese, darwin-arm64)	Verify source and closed toolchain	2026-08-04T05:38:34.6853870Z   type: 'test'
build-and-qualify (chinese, darwin-arm64)	Verify source and closed toolchain	2026-08-04T05:38:34.6854000Z   ...
build-and-qualify (chinese, darwin-arm64)	Verify source and closed toolchain	2026-08-04T05:38:34.6854280Z # Subtest: quarantine deletes only the failed GitHub Release and proves the tag is unchanged
build-and-qualify (chinese, darwin-arm64)	Verify source and closed toolchain	2026-08-04T05:38:34.6854750Z ok 66 - quarantine deletes only the failed GitHub Release and proves the tag is unchanged
build-and-qualify (chinese, darwin-arm64)	Verify source and closed toolchain	2026-08-04T05:38:34.6855050Z   ---
build-and-qualify (chinese, darwin-arm64)	Verify source and closed toolchain	2026-08-04T05:38:34.6855180Z   duration_ms: 304.63775
build-and-qualify (chinese, darwin-arm64)	Verify source and closed toolchain	2026-08-04T05:38:34.6855600Z   type: 'test'
build-and-qualify (chinese, darwin-arm64)	Verify source and closed toolchain	2026-08-04T05:38:34.6855730Z   ...
build-and-qualify (chinese, darwin-arm64)	Verify source and closed toolchain	2026-08-04T05:38:34.6855990Z # Subtest: workflow derives two current jobs and preserves post-publication separation
build-and-qualify (chinese, darwin-arm64)	Verify source and closed toolchain	2026-08-04T05:38:34.6856440Z ok 67 - workflow derives two current jobs and preserves post-publication separation
build-and-qualify (chinese, darwin-arm64)	Verify source and closed toolchain	2026-08-04T05:38:34.6856740Z   ---
build-and-qualify (chinese, darwin-arm64)	Verify source and closed toolchain	2026-08-04T05:38:34.6856860Z   duration_ms: 1.260792
build-and-qualify (chinese, darwin-arm64)	Verify source and closed toolchain	2026-08-04T05:38:34.6857020Z   type: 'test'
build-and-qualify (chinese, darwin-arm64)	Verify source and closed toolchain	2026-08-04T05:38:34.6857290Z   ...
build-and-qualify (chinese, darwin-arm64)	Verify source and closed toolchain	2026-08-04T05:38:34.6857540Z # Subtest: generated compliance is an exact recipe/provenance/policy/notice join
build-and-qualify (chinese, darwin-arm64)	Verify source and closed toolchain	2026-08-04T05:38:34.6857960Z ok 68 - generated compliance is an exact recipe/provenance/policy/notice join
build-and-qualify (chinese, darwin-arm64)	Verify source and closed toolchain	2026-08-04T05:38:34.6858240Z   ---
build-and-qualify (chinese, darwin-arm64)	Verify source and closed toolchain	2026-08-04T05:38:34.6858370Z   duration_ms: 105.002416
build-and-qualify (chinese, darwin-arm64)	Verify source and closed toolchain	2026-08-04T05:38:34.6858540Z   type: 'test'
build-and-qualify (chinese, darwin-arm64)	Verify source and closed toolchain	2026-08-04T05:38:34.6858670Z   ...
build-and-qualify (chinese, darwin-arm64)	Verify source and closed toolchain	2026-08-04T05:38:34.6858930Z # Subtest: qualification contract fixes Seatbelt and exact 30/30/100 trial sets
build-and-qualify (chinese, darwin-arm64)	Verify source and closed toolchain	2026-08-04T05:38:34.6861220Z ok 69 - qualification contract fixes Seatbelt and exact 30/30/100 trial sets
build-and-qualify (chinese, darwin-arm64)	Verify source and closed toolchain	2026-08-04T05:38:34.6861600Z   ---
build-and-qualify (chinese, darwin-arm64)	Verify source and closed toolchain	2026-08-04T05:38:34.6861770Z   duration_ms: 4.894792
build-and-qualify (chinese, darwin-arm64)	Verify source and closed toolchain	2026-08-04T05:38:34.6862030Z   type: 'test'
build-and-qualify (chinese, darwin-arm64)	Verify source and closed toolchain	2026-08-04T05:38:34.6862180Z   ...
build-and-qualify (chinese, darwin-arm64)	Verify source and closed toolchain	2026-08-04T05:38:34.6862470Z # Subtest: every current recipe repository-file byte still matches its reviewed digest
build-and-qualify (chinese, darwin-arm64)	Verify source and closed toolchain	2026-08-04T05:38:34.6863230Z ok 70 - every current recipe repository-file byte still matches its reviewed digest
build-and-qualify (chinese, darwin-arm64)	Verify source and closed toolchain	2026-08-04T05:38:34.6863710Z   ---
build-and-qualify (chinese, darwin-arm64)	Verify source and closed toolchain	2026-08-04T05:38:34.6863880Z   duration_ms: 27.5795
build-and-qualify (chinese, darwin-arm64)	Verify source and closed toolchain	2026-08-04T05:38:34.6864050Z   type: 'test'
build-and-qualify (chinese, darwin-arm64)	Verify source and closed toolchain	2026-08-04T05:38:34.6864190Z   ...
build-and-qualify (chinese, darwin-arm64)	Verify source and closed toolchain	2026-08-04T05:38:34.6864420Z # Subtest: the captured healthy pmset thermal state is normal
build-and-qualify (chinese, darwin-arm64)	Verify source and closed toolchain	2026-08-04T05:38:34.6864760Z ok 71 - the captured healthy pmset thermal state is normal
build-and-qualify (chinese, darwin-arm64)	Verify source and closed toolchain	2026-08-04T05:38:34.6865000Z   ---
build-and-qualify (chinese, darwin-arm64)	Verify source and closed toolchain	2026-08-04T05:38:34.6865430Z   duration_ms: 5.149459
build-and-qualify (chinese, darwin-arm64)	Verify source and closed toolchain	2026-08-04T05:38:34.6865600Z   type: 'test'
build-and-qualify (chinese, darwin-arm64)	Verify source and closed toolchain	2026-08-04T05:38:34.6865740Z   ...
build-and-qualify (chinese, darwin-arm64)	Verify source and closed toolchain	2026-08-04T05:38:34.6865970Z # Subtest: an affirmative thermal or performance warning is rejected
build-and-qualify (chinese, darwin-arm64)	Verify source and closed toolchain	2026-08-04T05:38:34.6866340Z ok 72 - an affirmative thermal or performance warning is rejected
build-and-qualify (chinese, darwin-arm64)	Verify source and closed toolchain	2026-08-04T05:38:34.6866640Z   ---
build-and-qualify (chinese, darwin-arm64)	Verify source and closed toolchain	2026-08-04T05:38:34.6866780Z   duration_ms: 0.859125
build-and-qualify (chinese, darwin-arm64)	Verify source and closed toolchain	2026-08-04T05:38:34.6866930Z   type: 'test'
build-and-qualify (chinese, darwin-arm64)	Verify source and closed toolchain	2026-08-04T05:38:34.6867050Z   ...
build-and-qualify (chinese, darwin-arm64)	Verify source and closed toolchain	2026-08-04T05:38:34.6867250Z # Subtest: unrecognized or malformed thermal state is rejected
build-and-qualify (chinese, darwin-arm64)	Verify source and closed toolchain	2026-08-04T05:38:34.6867580Z ok 73 - unrecognized or malformed thermal state is rejected
build-and-qualify (chinese, darwin-arm64)	Verify source and closed toolchain	2026-08-04T05:38:34.6867820Z   ---
build-and-qualify (chinese, darwin-arm64)	Verify source and closed toolchain	2026-08-04T05:38:34.6867960Z   duration_ms: 0.1175
build-and-qualify (chinese, darwin-arm64)	Verify source and closed toolchain	2026-08-04T05:38:34.6868110Z   type: 'test'
build-and-qualify (chinese, darwin-arm64)	Verify source and closed toolchain	2026-08-04T05:38:34.6868230Z   ...
build-and-qualify (chinese, darwin-arm64)	Verify source and closed toolchain	2026-08-04T05:38:34.6868530Z # Subtest: a post-attempt functional breach controls ledger, profile exit, and retained QSet
build-and-qualify (chinese, darwin-arm64)	Verify source and closed toolchain	2026-08-04T05:38:34.6869010Z ok 74 - a post-attempt functional breach controls ledger, profile exit, and retained QSet
build-and-qualify (chinese, darwin-arm64)	Verify source and closed toolchain	2026-08-04T05:38:34.6869320Z   ---
build-and-qualify (chinese, darwin-arm64)	Verify source and closed toolchain	2026-08-04T05:38:34.6869460Z   duration_ms: 1059.536958
build-and-qualify (chinese, darwin-arm64)	Verify source and closed toolchain	2026-08-04T05:38:34.6869620Z   type: 'test'
build-and-qualify (chinese, darwin-arm64)	Verify source and closed toolchain	2026-08-04T05:38:34.6869750Z   ...
build-and-qualify (chinese, darwin-arm64)	Verify source and closed toolchain	2026-08-04T05:38:34.6870040Z # Subtest: functional preflight retains the true six-sample average and only classifies load
build-and-qualify (chinese, darwin-arm64)	Verify source and closed toolchain	2026-08-04T05:38:34.6870560Z ok 75 - functional preflight retains the true six-sample average and only classifies load
build-and-qualify (chinese, darwin-arm64)	Verify source and closed toolchain	2026-08-04T05:38:34.6870890Z   ---
build-and-qualify (chinese, darwin-arm64)	Verify source and closed toolchain	2026-08-04T05:38:34.6871020Z   duration_ms: 0.80225
build-and-qualify (chinese, darwin-arm64)	Verify source and closed toolchain	2026-08-04T05:38:34.6871180Z   type: 'test'
build-and-qualify (chinese, darwin-arm64)	Verify source and closed toolchain	2026-08-04T05:38:34.6871310Z   ...
build-and-qualify (chinese, darwin-arm64)	Verify source and closed toolchain	2026-08-04T05:38:34.6871540Z # Subtest: latency reference status cannot change functional authority
build-and-qualify (chinese, darwin-arm64)	Verify source and closed toolchain	2026-08-04T05:38:34.6871910Z ok 76 - latency reference status cannot change functional authority
build-and-qualify (chinese, darwin-arm64)	Verify source and closed toolchain	2026-08-04T05:38:34.6872170Z   ---
build-and-qualify (chinese, darwin-arm64)	Verify source and closed toolchain	2026-08-04T05:38:34.6872310Z   duration_ms: 0.116291
build-and-qualify (chinese, darwin-arm64)	Verify source and closed toolchain	2026-08-04T05:38:34.6872470Z   type: 'test'
build-and-qualify (chinese, darwin-arm64)	Verify source and closed toolchain	2026-08-04T05:38:34.6872600Z   ...
build-and-qualify (chinese, darwin-arm64)	Verify source and closed toolchain	2026-08-04T05:38:34.6872860Z # Subtest: missing timing observations cannot enter a passing functional chain
build-and-qualify (chinese, darwin-arm64)	Verify source and closed toolchain	2026-08-04T05:38:34.6873270Z ok 77 - missing timing observations cannot enter a passing functional chain
build-and-qualify (chinese, darwin-arm64)	Verify source and closed toolchain	2026-08-04T05:38:34.6873550Z   ---
build-and-qualify (chinese, darwin-arm64)	Verify source and closed toolchain	2026-08-04T05:38:34.6874110Z   duration_ms: 0.273959
build-and-qualify (chinese, darwin-arm64)	Verify source and closed toolchain	2026-08-04T05:38:34.6874270Z   type: 'test'
build-and-qualify (chinese, darwin-arm64)	Verify source and closed toolchain	2026-08-04T05:38:34.6874400Z   ...
build-and-qualify (chinese, darwin-arm64)	Verify source and closed toolchain	2026-08-04T05:38:34.6874680Z # Subtest: a failed prerequisite is durable Blocked evidence, not a load classification
build-and-qualify (chinese, darwin-arm64)	Verify source and closed toolchain	2026-08-04T05:38:34.6875130Z ok 78 - a failed prerequisite is durable Blocked evidence, not a load classification
build-and-qualify (chinese, darwin-arm64)	Verify source and closed toolchain	2026-08-04T05:38:34.6875420Z   ---
build-and-qualify (chinese, darwin-arm64)	Verify source and closed toolchain	2026-08-04T05:38:34.6875710Z   duration_ms: 33.36575
build-and-qualify (chinese, darwin-arm64)	Verify source and closed toolchain	2026-08-04T05:38:34.6875880Z   type: 'test'
build-and-qualify (chinese, darwin-arm64)	Verify source and closed toolchain	2026-08-04T05:38:34.6876010Z   ...
build-and-qualify (chinese, darwin-arm64)	Verify source and closed toolchain	2026-08-04T05:38:34.6876320Z # Subtest: Summary 2 forbids a reverse Assessment edge and Assessment 1 has no functional decision
build-and-qualify (chinese, darwin-arm64)	Verify source and closed toolchain	2026-08-04T05:38:34.6876830Z ok 79 - Summary 2 forbids a reverse Assessment edge and Assessment 1 has no functional decision
build-and-qualify (chinese, darwin-arm64)	Verify source and closed toolchain	2026-08-04T05:38:34.6877160Z   ---
build-and-qualify (chinese, darwin-arm64)	Verify source and closed toolchain	2026-08-04T05:38:34.6877300Z   duration_ms: 105.690208
build-and-qualify (chinese, darwin-arm64)	Verify source and closed toolchain	2026-08-04T05:38:34.6877480Z   type: 'test'
build-and-qualify (chinese, darwin-arm64)	Verify source and closed toolchain	2026-08-04T05:38:34.6877610Z   ...
build-and-qualify (chinese, darwin-arm64)	Verify source and closed toolchain	2026-08-04T05:38:34.6877890Z # Subtest: maintained-main proof rejects descendants and accepts equality or integration
build-and-qualify (chinese, darwin-arm64)	Verify source and closed toolchain	2026-08-04T05:38:34.6878360Z ok 80 - maintained-main proof rejects descendants and accepts equality or integration
build-and-qualify (chinese, darwin-arm64)	Verify source and closed toolchain	2026-08-04T05:38:34.6878650Z   ---
build-and-qualify (chinese, darwin-arm64)	Verify source and closed toolchain	2026-08-04T05:38:34.6878790Z   duration_ms: 709.389583
build-and-qualify (chinese, darwin-arm64)	Verify source and closed toolchain	2026-08-04T05:38:34.6878950Z   type: 'test'
build-and-qualify (chinese, darwin-arm64)	Verify source and closed toolchain	2026-08-04T05:38:34.6879080Z   ...
build-and-qualify (chinese, darwin-arm64)	Verify source and closed toolchain	2026-08-04T05:38:34.6879350Z # Subtest: performance evidence requires executed cold resets and meaningful warm samples
build-and-qualify (chinese, darwin-arm64)	Verify source and closed toolchain	2026-08-04T05:38:34.6879820Z ok 81 - performance evidence requires executed cold resets and meaningful warm samples
build-and-qualify (chinese, darwin-arm64)	Verify source and closed toolchain	2026-08-04T05:38:34.6880120Z   ---
build-and-qualify (chinese, darwin-arm64)	Verify source and closed toolchain	2026-08-04T05:38:34.6880250Z   duration_ms: 4.171083
build-and-qualify (chinese, darwin-arm64)	Verify source and closed toolchain	2026-08-04T05:38:34.6880400Z   type: 'test'
build-and-qualify (chinese, darwin-arm64)	Verify source and closed toolchain	2026-08-04T05:38:34.6880530Z   ...
build-and-qualify (chinese, darwin-arm64)	Verify source and closed toolchain	2026-08-04T05:38:34.6880770Z # Subtest: Profile Resource Policy closes the exact matrix without defaults
build-and-qualify (chinese, darwin-arm64)	Verify source and closed toolchain	2026-08-04T05:38:34.6881150Z ok 82 - Profile Resource Policy closes the exact matrix without defaults
build-and-qualify (chinese, darwin-arm64)	Verify source and closed toolchain	2026-08-04T05:38:34.6881420Z   ---
build-and-qualify (chinese, darwin-arm64)	Verify source and closed toolchain	2026-08-04T05:38:34.6881560Z   duration_ms: 27.250125
build-and-qualify (chinese, darwin-arm64)	Verify source and closed toolchain	2026-08-04T05:38:34.6881720Z   type: 'test'
build-and-qualify (chinese, darwin-arm64)	Verify source and closed toolchain	2026-08-04T05:38:34.6881850Z   ...
build-and-qualify (chinese, darwin-arm64)	Verify source and closed toolchain	2026-08-04T05:38:34.6882120Z # Subtest: Chinese 3,949,543,424-byte peak passes hard 4 GiB and misses only optimization
build-and-qualify (chinese, darwin-arm64)	Verify source and closed toolchain	2026-08-04T05:38:34.6882570Z ok 83 - Chinese 3,949,543,424-byte peak passes hard 4 GiB and misses only optimization
build-and-qualify (chinese, darwin-arm64)	Verify source and closed toolchain	2026-08-04T05:38:34.6882870Z   ---
build-and-qualify (chinese, darwin-arm64)	Verify source and closed toolchain	2026-08-04T05:38:34.6882990Z   duration_ms: 12.411125
build-and-qualify (chinese, darwin-arm64)	Verify source and closed toolchain	2026-08-04T05:38:34.6883160Z   type: 'test'
build-and-qualify (chinese, darwin-arm64)	Verify source and closed toolchain	2026-08-04T05:38:34.6883290Z   ...
build-and-qualify (chinese, darwin-arm64)	Verify source and closed toolchain	2026-08-04T05:38:34.6883470Z # Subtest: English retains the 2.5 GiB hard boundary
build-and-qualify (chinese, darwin-arm64)	Verify source and closed toolchain	2026-08-04T05:38:34.6883730Z ok 84 - English retains the 2.5 GiB hard boundary
build-and-qualify (chinese, darwin-arm64)	Verify source and closed toolchain	2026-08-04T05:38:34.6883940Z   ---
build-and-qualify (chinese, darwin-arm64)	Verify source and closed toolchain	2026-08-04T05:38:34.6884070Z   duration_ms: 10.879084
build-and-qualify (chinese, darwin-arm64)	Verify source and closed toolchain	2026-08-04T05:38:34.6884230Z   type: 'test'
build-and-qualify (chinese, darwin-arm64)	Verify source and closed toolchain	2026-08-04T05:38:34.6884360Z   ...
build-and-qualify (chinese, darwin-arm64)	Verify source and closed toolchain	2026-08-04T05:38:34.6884580Z # Subtest: policy bytes are matrix-bound and cannot be substituted
build-and-qualify (chinese, darwin-arm64)	Verify source and closed toolchain	2026-08-04T05:38:34.6884920Z ok 85 - policy bytes are matrix-bound and cannot be substituted
build-and-qualify (chinese, darwin-arm64)	Verify source and closed toolchain	2026-08-04T05:38:34.6885170Z   ---
build-and-qualify (chinese, darwin-arm64)	Verify source and closed toolchain	2026-08-04T05:38:34.6885300Z   duration_ms: 14.697375
build-and-qualify (chinese, darwin-arm64)	Verify source and closed toolchain	2026-08-04T05:38:34.6885460Z   type: 'test'
build-and-qualify (chinese, darwin-arm64)	Verify source and closed toolchain	2026-08-04T05:38:34.6885590Z   ...
build-and-qualify (chinese, darwin-arm64)	Verify source and closed toolchain	2026-08-04T05:38:34.6885790Z # Subtest: a started timeout is durable before and after failure
build-and-qualify (chinese, darwin-arm64)	Verify source and closed toolchain	2026-08-04T05:38:34.6886120Z ok 86 - a started timeout is durable before and after failure
build-and-qualify (chinese, darwin-arm64)	Verify source and closed toolchain	2026-08-04T05:38:34.6886360Z   ---
build-and-qualify (chinese, darwin-arm64)	Verify source and closed toolchain	2026-08-04T05:38:34.6886480Z   duration_ms: 8.17175
build-and-qualify (chinese, darwin-arm64)	Verify source and closed toolchain	2026-08-04T05:38:34.6886640Z   type: 'test'
build-and-qualify (chinese, darwin-arm64)	Verify source and closed toolchain	2026-08-04T05:38:34.6886770Z   ...
build-and-qualify (chinese, darwin-arm64)	Verify source and closed toolchain	2026-08-04T05:38:34.6887100Z # Subtest: production-shaped process loss retains ledger, Summary, and Assessment before terminal failure
build-and-qualify (chinese, darwin-arm64)	Verify source and closed toolchain	2026-08-04T05:38:34.6887690Z ok 87 - production-shaped process loss retains ledger, Summary, and Assessment before terminal failure
build-and-qualify (chinese, darwin-arm64)	Verify source and closed toolchain	2026-08-04T05:38:34.6888050Z   ---
build-and-qualify (chinese, darwin-arm64)	Verify source and closed toolchain	2026-08-04T05:38:34.6888180Z   duration_ms: 303.130959
build-and-qualify (chinese, darwin-arm64)	Verify source and closed toolchain	2026-08-04T05:38:34.6888340Z   type: 'test'
build-and-qualify (chinese, darwin-arm64)	Verify source and closed toolchain	2026-08-04T05:38:34.6888470Z   ...
build-and-qualify (chinese, darwin-arm64)	Verify source and closed toolchain	2026-08-04T05:38:34.6888790Z # Subtest: release schema rejects declarative pass records without raw identities and measurements
build-and-qualify (chinese, darwin-arm64)	Verify source and closed toolchain	2026-08-04T05:38:34.6889450Z ok 88 - release schema rejects declarative pass records without raw identities and measurements
build-and-qualify (chinese, darwin-arm64)	Verify source and closed toolchain	2026-08-04T05:38:34.6889790Z   ---
build-and-qualify (chinese, darwin-arm64)	Verify source and closed toolchain	2026-08-04T05:38:34.6889930Z   duration_ms: 74.092
build-and-qualify (chinese, darwin-arm64)	Verify source and closed toolchain	2026-08-04T05:38:34.6890080Z   type: 'test'
build-and-qualify (chinese, darwin-arm64)	Verify source and closed toolchain	2026-08-04T05:38:34.6890210Z   ...
build-and-qualify (chinese, darwin-arm64)	Verify source and closed toolchain	2026-08-04T05:38:34.6890520Z # Subtest: candidate history retains selected and unsuccessful improvement lanes by exact digest
build-and-qualify (chinese, darwin-arm64)	Verify source and closed toolchain	2026-08-04T05:38:34.6891140Z ok 89 - candidate history retains selected and unsuccessful improvement lanes by exact digest
build-and-qualify (chinese, darwin-arm64)	Verify source and closed toolchain	2026-08-04T05:38:34.6891460Z   ---
build-and-qualify (chinese, darwin-arm64)	Verify source and closed toolchain	2026-08-04T05:38:34.6891600Z   duration_ms: 4.346916
build-and-qualify (chinese, darwin-arm64)	Verify source and closed toolchain	2026-08-04T05:38:34.6891750Z   type: 'test'
build-and-qualify (chinese, darwin-arm64)	Verify source and closed toolchain	2026-08-04T05:38:34.6891880Z   ...
build-and-qualify (chinese, darwin-arm64)	Verify source and closed toolchain	2026-08-04T05:38:34.6892130Z # Subtest: release workflow qualifies before creating a tag and has no tag trigger
build-and-qualify (chinese, darwin-arm64)	Verify source and closed toolchain	2026-08-04T05:38:34.6892560Z ok 90 - release workflow qualifies before creating a tag and has no tag trigger
build-and-qualify (chinese, darwin-arm64)	Verify source and closed toolchain	2026-08-04T05:38:34.6892840Z   ---
build-and-qualify (chinese, darwin-arm64)	Verify source and closed toolchain	2026-08-04T05:38:34.6892980Z   duration_ms: 1.125666
build-and-qualify (chinese, darwin-arm64)	Verify source and closed toolchain	2026-08-04T05:38:34.6893130Z   type: 'test'
build-and-qualify (chinese, darwin-arm64)	Verify source and closed toolchain	2026-08-04T05:38:34.6893260Z   ...
build-and-qualify (chinese, darwin-arm64)	Verify source and closed toolchain	2026-08-04T05:38:34.6893550Z # Subtest: the non-root preflight identifies execute-only sudo without reading it
build-and-qualify (chinese, darwin-arm64)	Verify source and closed toolchain	2026-08-04T05:38:34.6893980Z ok 91 - the non-root preflight identifies execute-only sudo without reading it
build-and-qualify (chinese, darwin-arm64)	Verify source and closed toolchain	2026-08-04T05:38:34.6894260Z   ---
build-and-qualify (chinese, darwin-arm64)	Verify source and closed toolchain	2026-08-04T05:38:34.6894390Z   duration_ms: 54.075041
build-and-qualify (chinese, darwin-arm64)	Verify source and closed toolchain	2026-08-04T05:38:34.6894550Z   type: 'test'
build-and-qualify (chinese, darwin-arm64)	Verify source and closed toolchain	2026-08-04T05:38:34.6894680Z   ...
build-and-qualify (chinese, darwin-arm64)	Verify source and closed toolchain	2026-08-04T05:38:34.6894940Z # Subtest: repository-owned baseline rejects wrong digest and semantic identities
build-and-qualify (chinese, darwin-arm64)	Verify source and closed toolchain	2026-08-04T05:38:34.6895370Z ok 92 - repository-owned baseline rejects wrong digest and semantic identities
build-and-qualify (chinese, darwin-arm64)	Verify source and closed toolchain	2026-08-04T05:38:34.6895650Z   ---
build-and-qualify (chinese, darwin-arm64)	Verify source and closed toolchain	2026-08-04T05:38:34.6895780Z   duration_ms: 48.345041
build-and-qualify (chinese, darwin-arm64)	Verify source and closed toolchain	2026-08-04T05:38:34.6895940Z   type: 'test'
build-and-qualify (chinese, darwin-arm64)	Verify source and closed toolchain	2026-08-04T05:38:34.6896070Z   ...
build-and-qualify (chinese, darwin-arm64)	Verify source and closed toolchain	2026-08-04T05:38:34.6896380Z # Subtest: English v2 authority replaces invalid final v1 files without changing the trust boundary
build-and-qualify (chinese, darwin-arm64)	Verify source and closed toolchain	2026-08-04T05:38:34.6896900Z ok 93 - English v2 authority replaces invalid final v1 files without changing the trust boundary
build-and-qualify (chinese, darwin-arm64)	Verify source and closed toolchain	2026-08-04T05:38:34.6897220Z   ---
build-and-qualify (chinese, darwin-arm64)	Verify source and closed toolchain	2026-08-04T05:38:34.6897360Z   duration_ms: 8.086208
build-and-qualify (chinese, darwin-arm64)	Verify source and closed toolchain	2026-08-04T05:38:34.6897510Z   type: 'test'
build-and-qualify (chinese, darwin-arm64)	Verify source and closed toolchain	2026-08-04T05:38:34.6897640Z   ...
build-and-qualify (chinese, darwin-arm64)	Verify source and closed toolchain	2026-08-04T05:38:34.6897880Z # Subtest: Chinese v2 trust is scoring-bound and active v1 cannot participate
build-and-qualify (chinese, darwin-arm64)	Verify source and closed toolchain	2026-08-04T05:38:34.6898280Z ok 94 - Chinese v2 trust is scoring-bound and active v1 cannot participate
build-and-qualify (chinese, darwin-arm64)	Verify source and closed toolchain	2026-08-04T05:38:34.6898560Z   ---
build-and-qualify (chinese, darwin-arm64)	Verify source and closed toolchain	2026-08-04T05:38:34.6898690Z   duration_ms: 24.472833
build-and-qualify (chinese, darwin-arm64)	Verify source and closed toolchain	2026-08-04T05:38:34.6898850Z   type: 'test'
build-and-qualify (chinese, darwin-arm64)	Verify source and closed toolchain	2026-08-04T05:38:34.6898980Z   ...
build-and-qualify (chinese, darwin-arm64)	Verify source and closed toolchain	2026-08-04T05:38:34.6899230Z # Subtest: checked-in corpus and baseline require 49 unique one-to-one identities
build-and-qualify (chinese, darwin-arm64)	Verify source and closed toolchain	2026-08-04T05:38:34.6899640Z ok 95 - checked-in corpus and baseline require 49 unique one-to-one identities
build-and-qualify (chinese, darwin-arm64)	Verify source and closed toolchain	2026-08-04T05:38:34.6899910Z   ---
build-and-qualify (chinese, darwin-arm64)	Verify source and closed toolchain	2026-08-04T05:38:34.6900040Z   duration_ms: 1.232333
build-and-qualify (chinese, darwin-arm64)	Verify source and closed toolchain	2026-08-04T05:38:34.6900200Z   type: 'test'
build-and-qualify (chinese, darwin-arm64)	Verify source and closed toolchain	2026-08-04T05:38:34.6900330Z   ...
build-and-qualify (chinese, darwin-arm64)	Verify source and closed toolchain	2026-08-04T05:38:34.6900660Z # Subtest: production corpus validator covers the English-v2 manifest shape and rejects duplicate identities
build-and-qualify (chinese, darwin-arm64)	Verify source and closed toolchain	2026-08-04T05:38:34.6901230Z ok 96 - production corpus validator covers the English-v2 manifest shape and rejects duplicate identities
build-and-qualify (chinese, darwin-arm64)	Verify source and closed toolchain	2026-08-04T05:38:34.6901570Z   ---
build-and-qualify (chinese, darwin-arm64)	Verify source and closed toolchain	2026-08-04T05:38:34.6901710Z   duration_ms: 146.219041
build-and-qualify (chinese, darwin-arm64)	Verify source and closed toolchain	2026-08-04T05:38:34.6901870Z   type: 'test'
build-and-qualify (chinese, darwin-arm64)	Verify source and closed toolchain	2026-08-04T05:38:34.6901990Z   ...
build-and-qualify (chinese, darwin-arm64)	Verify source and closed toolchain	2026-08-04T05:38:34.6902210Z # Subtest: English v2 authority rejects changed immutable source bytes
build-and-qualify (chinese, darwin-arm64)	Verify source and closed toolchain	2026-08-04T05:38:34.6902570Z ok 97 - English v2 authority rejects changed immutable source bytes
build-and-qualify (chinese, darwin-arm64)	Verify source and closed toolchain	2026-08-04T05:38:34.6902810Z   ---
build-and-qualify (chinese, darwin-arm64)	Verify source and closed toolchain	2026-08-04T05:38:34.6902940Z   duration_ms: 14.364958
build-and-qualify (chinese, darwin-arm64)	Verify source and closed toolchain	2026-08-04T05:38:34.6903100Z   type: 'test'
build-and-qualify (chinese, darwin-arm64)	Verify source and closed toolchain	2026-08-04T05:38:34.6903220Z   ...
build-and-qualify (chinese, darwin-arm64)	Verify source and closed toolchain	2026-08-04T05:38:34.6903530Z # Subtest: English v2 reproduction rejects changed generated authority when five other outputs match
build-and-qualify (chinese, darwin-arm64)	Verify source and closed toolchain	2026-08-04T05:38:34.6904060Z ok 98 - English v2 reproduction rejects changed generated authority when five other outputs match
build-and-qualify (chinese, darwin-arm64)	Verify source and closed toolchain	2026-08-04T05:38:34.6904520Z   ---
build-and-qualify (chinese, darwin-arm64)	Verify source and closed toolchain	2026-08-04T05:38:34.6904660Z   duration_ms: 16.300625
build-and-qualify (chinese, darwin-arm64)	Verify source and closed toolchain	2026-08-04T05:38:34.6910970Z   type: 'test'
build-and-qualify (chinese, darwin-arm64)	Verify source and closed toolchain	2026-08-04T05:38:34.6911190Z   ...
build-and-qualify (chinese, darwin-arm64)	Verify source and closed toolchain	2026-08-04T05:38:34.6911420Z # Subtest: frozen Chinese scorer reproduces all 200 rows and 343/6580
build-and-qualify (chinese, darwin-arm64)	Verify source and closed toolchain	2026-08-04T05:38:34.6911800Z ok 99 - frozen Chinese scorer reproduces all 200 rows and 343/6580
build-and-qualify (chinese, darwin-arm64)	Verify source and closed toolchain	2026-08-04T05:38:34.6912330Z   ---
build-and-qualify (chinese, darwin-arm64)	Verify source and closed toolchain	2026-08-04T05:38:34.6912470Z   duration_ms: 29.435208
build-and-qualify (chinese, darwin-arm64)	Verify source and closed toolchain	2026-08-04T05:38:34.6912640Z   type: 'test'
build-and-qualify (chinese, darwin-arm64)	Verify source and closed toolchain	2026-08-04T05:38:34.6912770Z   ...
build-and-qualify (chinese, darwin-arm64)	Verify source and closed toolchain	2026-08-04T05:38:34.6913080Z # Subtest: Chinese scoring authority binds exact contract/map and excludes product punctuation
build-and-qualify (chinese, darwin-arm64)	Verify source and closed toolchain	2026-08-04T05:38:34.6913590Z ok 100 - Chinese scoring authority binds exact contract/map and excludes product punctuation
build-and-qualify (chinese, darwin-arm64)	Verify source and closed toolchain	2026-08-04T05:38:34.6913910Z   ---
build-and-qualify (chinese, darwin-arm64)	Verify source and closed toolchain	2026-08-04T05:38:34.6914050Z   duration_ms: 3.544375
build-and-qualify (chinese, darwin-arm64)	Verify source and closed toolchain	2026-08-04T05:38:34.6914210Z   type: 'test'
build-and-qualify (chinese, darwin-arm64)	Verify source and closed toolchain	2026-08-04T05:38:34.6914350Z   ...
build-and-qualify (chinese, darwin-arm64)	Verify source and closed toolchain	2026-08-04T05:38:34.6914600Z # Subtest: retained API-REV-014 raw text re-scores to exact 342/6580
build-and-qualify (chinese, darwin-arm64)	Verify source and closed toolchain	2026-08-04T05:38:34.6914990Z not ok 101 - retained API-REV-014 raw text re-scores to exact 342/6580
build-and-qualify (chinese, darwin-arm64)	Verify source and closed toolchain	2026-08-04T05:38:34.6915250Z   ---
build-and-qualify (chinese, darwin-arm64)	Verify source and closed toolchain	2026-08-04T05:38:34.6915390Z   duration_ms: 4.53675
build-and-qualify (chinese, darwin-arm64)	Verify source and closed toolchain	2026-08-04T05:38:34.6915550Z   type: 'test'
build-and-qualify (chinese, darwin-arm64)	Verify source and closed toolchain	2026-08-04T05:38:34.6916180Z   location: '/private/tmp/autobyteus-actions-runner-voice-v2.336.0-20260804/_work/autobyteus-voice-runtime/autobyteus-voice-runtime/tests/scoring/chinese-qualification.test.mjs:91:1'
build-and-qualify (chinese, darwin-arm64)	Verify source and closed toolchain	2026-08-04T05:38:34.6916830Z   failureType: 'testCodeFailure'
build-and-qualify (chinese, darwin-arm64)	Verify source and closed toolchain	2026-08-04T05:38:34.6917850Z   error: "ENOENT: no such file or directory, open '/private/tmp/autobyteus-actions-runner-voice-v2.336.0-20260804/_work/autobyteus-voice-runtime/autobyteus-voice-runtime/tickets/in-progress/voice-input-runtime-reliability/api-e2e-evidence/api-rev-014/chinese-darwin-arm64/raw-results.json'"
build-and-qualify (chinese, darwin-arm64)	Verify source and closed toolchain	2026-08-04T05:38:34.6919460Z   code: 'ENOENT'
build-and-qualify (chinese, darwin-arm64)	Verify source and closed toolchain	2026-08-04T05:38:34.6919990Z   stack: |-
build-and-qualify (chinese, darwin-arm64)	Verify source and closed toolchain	2026-08-04T05:38:34.6920230Z     async open (node:internal/fs/promises:639:25)
build-and-qualify (chinese, darwin-arm64)	Verify source and closed toolchain	2026-08-04T05:38:34.6920650Z     async Object.readFile (node:internal/fs/promises:1252:14)
build-and-qualify (chinese, darwin-arm64)	Verify source and closed toolchain	2026-08-04T05:38:34.6921580Z     async shaFile (file:///private/tmp/autobyteus-actions-runner-voice-v2.336.0-20260804/_work/autobyteus-voice-runtime/autobyteus-voice-runtime/build/lib/files.mjs:9:17)
build-and-qualify (chinese, darwin-arm64)	Verify source and closed toolchain	2026-08-04T05:38:34.6923200Z     async TestContext.<anonymous> (file:///private/tmp/autobyteus-actions-runner-voice-v2.336.0-20260804/_work/autobyteus-voice-runtime/autobyteus-voice-runtime/tests/scoring/chinese-qualification.test.mjs:97:5)
build-and-qualify (chinese, darwin-arm64)	Verify source and closed toolchain	2026-08-04T05:38:34.6924010Z     async Test.run (node:internal/test_runner/test:1054:7)
build-and-qualify (chinese, darwin-arm64)	Verify source and closed toolchain	2026-08-04T05:38:34.6924390Z     async Test.processPendingSubtests (node:internal/test_runner/test:744:7)
build-and-qualify (chinese, darwin-arm64)	Verify source and closed toolchain	2026-08-04T05:38:34.6924700Z   ...
build-and-qualify (chinese, darwin-arm64)	Verify source and closed toolchain	2026-08-04T05:38:34.6924880Z # Subtest: normalization fixtures are exact
build-and-qualify (chinese, darwin-arm64)	Verify source and closed toolchain	2026-08-04T05:38:34.6925140Z ok 102 - normalization fixtures are exact
build-and-qualify (chinese, darwin-arm64)	Verify source and closed toolchain	2026-08-04T05:38:34.6925610Z   ---
build-and-qualify (chinese, darwin-arm64)	Verify source and closed toolchain	2026-08-04T05:38:34.6925770Z   duration_ms: 7.364375
build-and-qualify (chinese, darwin-arm64)	Verify source and closed toolchain	2026-08-04T05:38:34.6925950Z   type: 'test'
build-and-qualify (chinese, darwin-arm64)	Verify source and closed toolchain	2026-08-04T05:38:34.6926090Z   ...
build-and-qualify (chinese, darwin-arm64)	Verify source and closed toolchain	2026-08-04T05:38:34.6926330Z # Subtest: Chinese qualification CER is separate and symmetric
build-and-qualify (chinese, darwin-arm64)	Verify source and closed toolchain	2026-08-04T05:38:34.6926700Z ok 103 - Chinese qualification CER is separate and symmetric
build-and-qualify (chinese, darwin-arm64)	Verify source and closed toolchain	2026-08-04T05:38:34.6926970Z   ---
build-and-qualify (chinese, darwin-arm64)	Verify source and closed toolchain	2026-08-04T05:38:34.6927120Z   duration_ms: 0.513334
build-and-qualify (chinese, darwin-arm64)	Verify source and closed toolchain	2026-08-04T05:38:34.6927300Z   type: 'test'
build-and-qualify (chinese, darwin-arm64)	Verify source and closed toolchain	2026-08-04T05:38:34.6927460Z   ...
build-and-qualify (chinese, darwin-arm64)	Verify source and closed toolchain	2026-08-04T05:38:34.6927740Z # Subtest: canonical dictionary pipeline matches pinned OpenCC twp-to-cn
build-and-qualify (chinese, darwin-arm64)	Verify source and closed toolchain	2026-08-04T05:38:34.6928180Z ok 104 - canonical dictionary pipeline matches pinned OpenCC twp-to-cn
build-and-qualify (chinese, darwin-arm64)	Verify source and closed toolchain	2026-08-04T05:38:34.6928470Z   ---
build-and-qualify (chinese, darwin-arm64)	Verify source and closed toolchain	2026-08-04T05:38:34.6928630Z   duration_ms: 8.322416
build-and-qualify (chinese, darwin-arm64)	Verify source and closed toolchain	2026-08-04T05:38:34.6928810Z   type: 'test'
build-and-qualify (chinese, darwin-arm64)	Verify source and closed toolchain	2026-08-04T05:38:34.6928960Z   ...
build-and-qualify (chinese, darwin-arm64)	Verify source and closed toolchain	2026-08-04T05:38:34.6929080Z 1..104
build-and-qualify (chinese, darwin-arm64)	Verify source and closed toolchain	2026-08-04T05:38:34.6929210Z # tests 111
build-and-qualify (chinese, darwin-arm64)	Verify source and closed toolchain	2026-08-04T05:38:34.6929340Z # suites 0
build-and-qualify (chinese, darwin-arm64)	Verify source and closed toolchain	2026-08-04T05:38:34.6929490Z # pass 109
build-and-qualify (chinese, darwin-arm64)	Verify source and closed toolchain	2026-08-04T05:38:34.6929620Z # fail 2
build-and-qualify (chinese, darwin-arm64)	Verify source and closed toolchain	2026-08-04T05:38:34.6930560Z # cancelled 0
build-and-qualify (chinese, darwin-arm64)	Verify source and closed toolchain	2026-08-04T05:38:34.6930950Z # skipped 0
build-and-qualify (chinese, darwin-arm64)	Verify source and closed toolchain	2026-08-04T05:38:34.6931100Z # todo 0
build-and-qualify (chinese, darwin-arm64)	Verify source and closed toolchain	2026-08-04T05:38:34.6931250Z # duration_ms 8933.456833
build-and-qualify (chinese, darwin-arm64)	Verify source and closed toolchain	2026-08-04T05:38:34.6993220Z ##[error]Process completed with exit code 1.
build-and-qualify (chinese, darwin-arm64)	Run actions/upload-artifact@v4	﻿2026-08-04T05:38:34.7069160Z Node 20 is being deprecated. This workflow is running with Node 24 by default. If you need to temporarily use Node 20, you can set the ACTIONS_ALLOW_USE_UNSECURE_NODE_VERSION=true environment variable. For more information see: https://github.blog/changelog/2025-09-19-deprecation-of-node-20-on-github-actions-runners/
build-and-qualify (chinese, darwin-arm64)	Run actions/upload-artifact@v4	2026-08-04T05:38:34.7070650Z ##[group]Run actions/upload-artifact@v4
build-and-qualify (chinese, darwin-arm64)	Run actions/upload-artifact@v4	2026-08-04T05:38:34.7070830Z with:
build-and-qualify (chinese, darwin-arm64)	Run actions/upload-artifact@v4	2026-08-04T05:38:34.7070990Z   name: qualified-chinese-darwin-arm64
build-and-qualify (chinese, darwin-arm64)	Run actions/upload-artifact@v4	2026-08-04T05:38:34.7071170Z   path: out/
build-and-qualify (chinese, darwin-arm64)	Run actions/upload-artifact@v4	2026-08-04T05:38:34.7071310Z   if-no-files-found: error
build-and-qualify (chinese, darwin-arm64)	Run actions/upload-artifact@v4	2026-08-04T05:38:34.7071470Z   retention-days: 7
build-and-qualify (chinese, darwin-arm64)	Run actions/upload-artifact@v4	2026-08-04T05:38:34.7071610Z   compression-level: 0
build-and-qualify (chinese, darwin-arm64)	Run actions/upload-artifact@v4	2026-08-04T05:38:34.7071770Z   overwrite: false
build-and-qualify (chinese, darwin-arm64)	Run actions/upload-artifact@v4	2026-08-04T05:38:34.7071920Z   include-hidden-files: false
build-and-qualify (chinese, darwin-arm64)	Run actions/upload-artifact@v4	2026-08-04T05:38:34.7072080Z env:
build-and-qualify (chinese, darwin-arm64)	Run actions/upload-artifact@v4	2026-08-04T05:38:34.7072210Z   VOICE_RELEASE_TAG_INPUT: v1.0.0
build-and-qualify (chinese, darwin-arm64)	Run actions/upload-artifact@v4	2026-08-04T05:38:34.7072400Z   VOICE_RUNTIME_VERSION_INPUT: 1.0.0
build-and-qualify (chinese, darwin-arm64)	Run actions/upload-artifact@v4	2026-08-04T05:38:34.7072600Z   VOICE_QUALIFICATION_RUN_ID_INPUT: 
build-and-qualify (chinese, darwin-arm64)	Run actions/upload-artifact@v4	2026-08-04T05:38:34.7072810Z ##[endgroup]
build-and-qualify (chinese, darwin-arm64)	Run actions/upload-artifact@v4	2026-08-04T05:38:34.8424210Z (node:33079) [DEP0040] DeprecationWarning: The `punycode` module is deprecated. Please use a userland alternative instead.
build-and-qualify (chinese, darwin-arm64)	Run actions/upload-artifact@v4	2026-08-04T05:38:34.8425610Z (Use `node --trace-deprecation ...` to show where the warning was created)
build-and-qualify (chinese, darwin-arm64)	Run actions/upload-artifact@v4	2026-08-04T05:38:34.8445370Z ##[error]No files were found with the provided path: out/. No artifacts will be uploaded.
build-and-qualify (chinese, darwin-arm64)	Stop job-owned sleep prevention	﻿2026-08-04T05:38:34.8540030Z ##[group]Run if test -f "$RUNNER_TEMP/voice-caffeinate.pid"; then
build-and-qualify (chinese, darwin-arm64)	Stop job-owned sleep prevention	2026-08-04T05:38:34.8540440Z [36;1mif test -f "$RUNNER_TEMP/voice-caffeinate.pid"; then[0m
build-and-qualify (chinese, darwin-arm64)	Stop job-owned sleep prevention	2026-08-04T05:38:34.8540830Z [36;1m  kill "$(cat "$RUNNER_TEMP/voice-caffeinate.pid")" 2>/dev/null || true[0m
build-and-qualify (chinese, darwin-arm64)	Stop job-owned sleep prevention	2026-08-04T05:38:34.8541130Z [36;1mfi[0m
build-and-qualify (chinese, darwin-arm64)	Stop job-owned sleep prevention	2026-08-04T05:38:34.8576730Z shell: /bin/bash --noprofile --norc -e -o pipefail {0}
build-and-qualify (chinese, darwin-arm64)	Stop job-owned sleep prevention	2026-08-04T05:38:34.8577000Z env:
build-and-qualify (chinese, darwin-arm64)	Stop job-owned sleep prevention	2026-08-04T05:38:34.8577140Z   VOICE_RELEASE_TAG_INPUT: v1.0.0
build-and-qualify (chinese, darwin-arm64)	Stop job-owned sleep prevention	2026-08-04T05:38:34.8577360Z   VOICE_RUNTIME_VERSION_INPUT: 1.0.0
build-and-qualify (chinese, darwin-arm64)	Stop job-owned sleep prevention	2026-08-04T05:38:34.8577560Z   VOICE_QUALIFICATION_RUN_ID_INPUT: 
build-and-qualify (chinese, darwin-arm64)	Stop job-owned sleep prevention	2026-08-04T05:38:34.8577760Z ##[endgroup]
build-and-qualify (chinese, darwin-arm64)	Post Run actions/checkout@v4	﻿2026-08-04T05:38:34.8877330Z Node 20 is being deprecated. This workflow is running with Node 24 by default. If you need to temporarily use Node 20, you can set the ACTIONS_ALLOW_USE_UNSECURE_NODE_VERSION=true environment variable. For more information see: https://github.blog/changelog/2025-09-19-deprecation-of-node-20-on-github-actions-runners/
build-and-qualify (chinese, darwin-arm64)	Post Run actions/checkout@v4	2026-08-04T05:38:34.8878400Z Post job cleanup.
build-and-qualify (chinese, darwin-arm64)	Post Run actions/checkout@v4	2026-08-04T05:38:34.9775610Z [command]/usr/bin/git version
build-and-qualify (chinese, darwin-arm64)	Post Run actions/checkout@v4	2026-08-04T05:38:34.9986000Z git version 2.50.1 (Apple Git-155)
build-and-qualify (chinese, darwin-arm64)	Post Run actions/checkout@v4	2026-08-04T05:38:35.0015550Z Temporarily overriding HOME='/private/tmp/autobyteus-actions-runner-voice-v2.336.0-20260804/_work/_temp/339df9c0-760f-41c6-9736-7267c17ceea5' before making global git config changes
build-and-qualify (chinese, darwin-arm64)	Post Run actions/checkout@v4	2026-08-04T05:38:35.0016460Z Adding repository directory to the temporary git global config as a safe directory
build-and-qualify (chinese, darwin-arm64)	Post Run actions/checkout@v4	2026-08-04T05:38:35.0022360Z [command]/usr/bin/git config --global --add safe.directory /private/tmp/autobyteus-actions-runner-voice-v2.336.0-20260804/_work/autobyteus-voice-runtime/autobyteus-voice-runtime
build-and-qualify (chinese, darwin-arm64)	Post Run actions/checkout@v4	2026-08-04T05:38:35.0926870Z [command]/usr/bin/git config --local --name-only --get-regexp core\.sshCommand
build-and-qualify (chinese, darwin-arm64)	Post Run actions/checkout@v4	2026-08-04T05:38:35.1096560Z [command]/usr/bin/git submodule foreach --recursive sh -c "git config --local --name-only --get-regexp 'core\.sshCommand' && git config --local --unset-all 'core.sshCommand' || :"
build-and-qualify (chinese, darwin-arm64)	Post Run actions/checkout@v4	2026-08-04T05:38:35.2197680Z [command]/usr/bin/git config --local --name-only --get-regexp http\.https\:\/\/github\.com\/\.extraheader
build-and-qualify (chinese, darwin-arm64)	Post Run actions/checkout@v4	2026-08-04T05:38:35.2363160Z http.https://github.com/.extraheader
build-and-qualify (chinese, darwin-arm64)	Post Run actions/checkout@v4	2026-08-04T05:38:35.2371600Z [command]/usr/bin/git config --local --unset-all http.https://github.com/.extraheader
build-and-qualify (chinese, darwin-arm64)	Post Run actions/checkout@v4	2026-08-04T05:38:35.2562710Z [command]/usr/bin/git submodule foreach --recursive sh -c "git config --local --name-only --get-regexp 'http\.https\:\/\/github\.com\/\.extraheader' && git config --local --unset-all 'http.https://github.com/.extraheader' || :"
build-and-qualify (chinese, darwin-arm64)	Post Run actions/checkout@v4	2026-08-04T05:38:35.3678180Z [command]/usr/bin/git config --local --name-only --get-regexp ^includeIf\.gitdir:
build-and-qualify (chinese, darwin-arm64)	Post Run actions/checkout@v4	2026-08-04T05:38:35.3885270Z [command]/usr/bin/git submodule foreach --recursive git config --local --show-origin --name-only --get-regexp remote.origin.url
build-and-qualify (chinese, darwin-arm64)	Complete job	﻿2026-08-04T05:38:35.5063060Z Cleaning up orphan processes
build-and-qualify (chinese, darwin-arm64)	Complete job	2026-08-04T05:38:35.5976140Z ##[warning]Node.js 20 is deprecated. The following actions target Node.js 20 but are being forced to run on Node.js 24: actions/checkout@v4, actions/upload-artifact@v4. For more information see: https://github.blog/changelog/2025-09-19-deprecation-of-node-20-on-github-actions-runners/
aggregate-pretag	Set up job	﻿2026-08-04T05:38:43.5350480Z Current runner version: '2.336.0'
aggregate-pretag	Set up job	2026-08-04T05:38:43.5355670Z Runner name: 'voice-m1-max-20260804'
aggregate-pretag	Set up job	2026-08-04T05:38:43.5356140Z Runner group name: 'Default'
aggregate-pretag	Set up job	2026-08-04T05:38:43.5356740Z Machine name: 'MacBookPro'
aggregate-pretag	Set up job	2026-08-04T05:38:43.5358790Z ##[group]GITHUB_TOKEN Permissions
aggregate-pretag	Set up job	2026-08-04T05:38:43.5360000Z Actions: read
aggregate-pretag	Set up job	2026-08-04T05:38:43.5360320Z Contents: write
aggregate-pretag	Set up job	2026-08-04T05:38:43.5360650Z Metadata: read
aggregate-pretag	Set up job	2026-08-04T05:38:43.5360970Z ##[endgroup]
aggregate-pretag	Set up job	2026-08-04T05:38:43.5362260Z Secret source: Actions
aggregate-pretag	Set up job	2026-08-04T05:38:43.5362850Z Prepare workflow directory
aggregate-pretag	Set up job	2026-08-04T05:38:43.6038340Z Prepare all required actions
aggregate-pretag	Set up job	2026-08-04T05:38:43.6072520Z Getting action download info
aggregate-pretag	Set up job	2026-08-04T05:38:44.2673260Z Download action repository 'actions/checkout@v4' (SHA:11d5960a326750d5838078e36cf38b85af677262)
aggregate-pretag	Set up job	2026-08-04T05:38:44.7258690Z Download action repository 'actions/download-artifact@v4' (SHA:d3f86a106a0bac45b974a628896c90dbdf5c8093)
aggregate-pretag	Set up job	2026-08-04T05:38:45.2566190Z Download action repository 'actions/upload-artifact@v4' (SHA:ea165f8d65b6e75b540449e92b4886f43607fa02)
aggregate-pretag	Set up job	2026-08-04T05:38:45.9525950Z Complete job name: aggregate-pretag
aggregate-pretag	Run actions/checkout@v4	﻿2026-08-04T05:38:45.9941260Z Node 20 is being deprecated. This workflow is running with Node 24 by default. If you need to temporarily use Node 20, you can set the ACTIONS_ALLOW_USE_UNSECURE_NODE_VERSION=true environment variable. For more information see: https://github.blog/changelog/2025-09-19-deprecation-of-node-20-on-github-actions-runners/
aggregate-pretag	Run actions/checkout@v4	2026-08-04T05:38:45.9946640Z ##[group]Run actions/checkout@v4
aggregate-pretag	Run actions/checkout@v4	2026-08-04T05:38:45.9946940Z with:
aggregate-pretag	Run actions/checkout@v4	2026-08-04T05:38:45.9947100Z   fetch-depth: 0
aggregate-pretag	Run actions/checkout@v4	2026-08-04T05:38:45.9947310Z   repository: AutoByteus/autobyteus-voice-runtime
aggregate-pretag	Run actions/checkout@v4	2026-08-04T05:38:45.9949170Z   token: ***
aggregate-pretag	Run actions/checkout@v4	2026-08-04T05:38:45.9949340Z   ssh-strict: true
aggregate-pretag	Run actions/checkout@v4	2026-08-04T05:38:45.9949500Z   ssh-user: git
aggregate-pretag	Run actions/checkout@v4	2026-08-04T05:38:45.9949670Z   persist-credentials: true
aggregate-pretag	Run actions/checkout@v4	2026-08-04T05:38:45.9949870Z   clean: true
aggregate-pretag	Run actions/checkout@v4	2026-08-04T05:38:45.9950040Z   sparse-checkout-cone-mode: true
aggregate-pretag	Run actions/checkout@v4	2026-08-04T05:38:45.9950260Z   fetch-tags: false
aggregate-pretag	Run actions/checkout@v4	2026-08-04T05:38:45.9950440Z   show-progress: true
aggregate-pretag	Run actions/checkout@v4	2026-08-04T05:38:45.9950620Z   lfs: false
aggregate-pretag	Run actions/checkout@v4	2026-08-04T05:38:45.9950780Z   submodules: false
aggregate-pretag	Run actions/checkout@v4	2026-08-04T05:38:45.9950980Z   set-safe-directory: true
aggregate-pretag	Run actions/checkout@v4	2026-08-04T05:38:45.9951190Z   allow-unsafe-pr-checkout: false
aggregate-pretag	Run actions/checkout@v4	2026-08-04T05:38:45.9951490Z env:
aggregate-pretag	Run actions/checkout@v4	2026-08-04T05:38:45.9951650Z   VOICE_RELEASE_TAG_INPUT: v1.0.0
aggregate-pretag	Run actions/checkout@v4	2026-08-04T05:38:45.9951870Z   VOICE_RUNTIME_VERSION_INPUT: 1.0.0
aggregate-pretag	Run actions/checkout@v4	2026-08-04T05:38:45.9952100Z   VOICE_QUALIFICATION_RUN_ID_INPUT: 
aggregate-pretag	Run actions/checkout@v4	2026-08-04T05:38:45.9952320Z ##[endgroup]
aggregate-pretag	Run actions/checkout@v4	2026-08-04T05:38:46.1060440Z Syncing repository: AutoByteus/autobyteus-voice-runtime
aggregate-pretag	Run actions/checkout@v4	2026-08-04T05:38:46.1061630Z ##[group]Getting Git version info
aggregate-pretag	Run actions/checkout@v4	2026-08-04T05:38:46.1062260Z Working directory is '/private/tmp/autobyteus-actions-runner-voice-v2.336.0-20260804/_work/autobyteus-voice-runtime/autobyteus-voice-runtime'
aggregate-pretag	Run actions/checkout@v4	2026-08-04T05:38:46.1063070Z [command]/usr/bin/git version
aggregate-pretag	Run actions/checkout@v4	2026-08-04T05:38:46.1220440Z git version 2.50.1 (Apple Git-155)
aggregate-pretag	Run actions/checkout@v4	2026-08-04T05:38:46.1231520Z ##[endgroup]
aggregate-pretag	Run actions/checkout@v4	2026-08-04T05:38:46.1242230Z Temporarily overriding HOME='/private/tmp/autobyteus-actions-runner-voice-v2.336.0-20260804/_work/_temp/b7f41b2e-c8c1-4603-b834-ce4d01e5056c' before making global git config changes
aggregate-pretag	Run actions/checkout@v4	2026-08-04T05:38:46.1243630Z Adding repository directory to the temporary git global config as a safe directory
aggregate-pretag	Run actions/checkout@v4	2026-08-04T05:38:46.1246740Z [command]/usr/bin/git config --global --add safe.directory /private/tmp/autobyteus-actions-runner-voice-v2.336.0-20260804/_work/autobyteus-voice-runtime/autobyteus-voice-runtime
aggregate-pretag	Run actions/checkout@v4	2026-08-04T05:38:46.2142770Z [command]/usr/bin/git config --local --get remote.origin.url
aggregate-pretag	Run actions/checkout@v4	2026-08-04T05:38:46.2308170Z https://github.com/AutoByteus/autobyteus-voice-runtime
aggregate-pretag	Run actions/checkout@v4	2026-08-04T05:38:46.2316420Z ##[group]Removing previously created refs, to avoid conflicts
aggregate-pretag	Run actions/checkout@v4	2026-08-04T05:38:46.2320770Z [command]/usr/bin/git rev-parse --symbolic-full-name --verify --quiet HEAD
aggregate-pretag	Run actions/checkout@v4	2026-08-04T05:38:46.2499670Z refs/heads/main
aggregate-pretag	Run actions/checkout@v4	2026-08-04T05:38:46.2509130Z [command]/usr/bin/git checkout --detach
aggregate-pretag	Run actions/checkout@v4	2026-08-04T05:38:46.2789360Z HEAD is now at a890d22 Merge voice input runtime reliability
aggregate-pretag	Run actions/checkout@v4	2026-08-04T05:38:46.2982340Z [command]/usr/bin/git branch --delete --force main
aggregate-pretag	Run actions/checkout@v4	2026-08-04T05:38:46.3165780Z Deleted branch main (was a890d22).
aggregate-pretag	Run actions/checkout@v4	2026-08-04T05:38:46.3385310Z ##[endgroup]
aggregate-pretag	Run actions/checkout@v4	2026-08-04T05:38:46.3388010Z [command]/usr/bin/git submodule status
aggregate-pretag	Run actions/checkout@v4	2026-08-04T05:38:46.4506770Z ##[group]Cleaning the repository
aggregate-pretag	Run actions/checkout@v4	2026-08-04T05:38:46.4511650Z [command]/usr/bin/git clean -ffdx
aggregate-pretag	Run actions/checkout@v4	2026-08-04T05:38:46.5478140Z Removing node_modules/
aggregate-pretag	Run actions/checkout@v4	2026-08-04T05:38:46.5478920Z Removing providers/english-faster-whisper/__pycache__/
aggregate-pretag	Run actions/checkout@v4	2026-08-04T05:38:46.5479300Z Removing providers/english-mlx/__pycache__/
aggregate-pretag	Run actions/checkout@v4	2026-08-04T05:38:46.5479720Z Removing providers/python/autobyteus_voice_provider/__pycache__/
aggregate-pretag	Run actions/checkout@v4	2026-08-04T05:38:46.5480080Z Removing tests/providers/__pycache__/
aggregate-pretag	Run actions/checkout@v4	2026-08-04T05:38:46.5486410Z [command]/usr/bin/git reset --hard HEAD
aggregate-pretag	Run actions/checkout@v4	2026-08-04T05:38:46.5721500Z HEAD is now at a890d22 Merge voice input runtime reliability
aggregate-pretag	Run actions/checkout@v4	2026-08-04T05:38:46.5726680Z ##[endgroup]
aggregate-pretag	Run actions/checkout@v4	2026-08-04T05:38:46.5727950Z ##[group]Disabling automatic garbage collection
aggregate-pretag	Run actions/checkout@v4	2026-08-04T05:38:46.5732450Z [command]/usr/bin/git config --local gc.auto 0
aggregate-pretag	Run actions/checkout@v4	2026-08-04T05:38:46.5910330Z ##[endgroup]
aggregate-pretag	Run actions/checkout@v4	2026-08-04T05:38:46.5910790Z ##[group]Setting up auth
aggregate-pretag	Run actions/checkout@v4	2026-08-04T05:38:46.5916220Z [command]/usr/bin/git config --local --name-only --get-regexp core\.sshCommand
aggregate-pretag	Run actions/checkout@v4	2026-08-04T05:38:46.6107340Z [command]/usr/bin/git submodule foreach --recursive sh -c "git config --local --name-only --get-regexp 'core\.sshCommand' && git config --local --unset-all 'core.sshCommand' || :"
aggregate-pretag	Run actions/checkout@v4	2026-08-04T05:38:46.7212150Z [command]/usr/bin/git config --local --name-only --get-regexp http\.https\:\/\/github\.com\/\.extraheader
aggregate-pretag	Run actions/checkout@v4	2026-08-04T05:38:46.7394700Z [command]/usr/bin/git submodule foreach --recursive sh -c "git config --local --name-only --get-regexp 'http\.https\:\/\/github\.com\/\.extraheader' && git config --local --unset-all 'http.https://github.com/.extraheader' || :"
aggregate-pretag	Run actions/checkout@v4	2026-08-04T05:38:46.8528330Z [command]/usr/bin/git config --local --name-only --get-regexp ^includeIf\.gitdir:
aggregate-pretag	Run actions/checkout@v4	2026-08-04T05:38:46.8721470Z [command]/usr/bin/git submodule foreach --recursive git config --local --show-origin --name-only --get-regexp remote.origin.url
aggregate-pretag	Run actions/checkout@v4	2026-08-04T05:38:46.9959170Z [command]/usr/bin/git config --local http.https://github.com/.extraheader AUTHORIZATION: basic ***
aggregate-pretag	Run actions/checkout@v4	2026-08-04T05:38:47.0211800Z ##[endgroup]
aggregate-pretag	Run actions/checkout@v4	2026-08-04T05:38:47.0212320Z ##[group]Fetching the repository
aggregate-pretag	Run actions/checkout@v4	2026-08-04T05:38:47.0217780Z [command]/usr/bin/git -c protocol.version=2 fetch --prune --no-recurse-submodules origin +refs/heads/*:refs/remotes/origin/* +refs/tags/*:refs/tags/*
aggregate-pretag	Run actions/checkout@v4	2026-08-04T05:38:47.4822170Z [command]/usr/bin/git branch --list --remote origin/main
aggregate-pretag	Run actions/checkout@v4	2026-08-04T05:38:47.5003120Z   origin/main
aggregate-pretag	Run actions/checkout@v4	2026-08-04T05:38:47.5010630Z [command]/usr/bin/git rev-parse refs/remotes/origin/main
aggregate-pretag	Run actions/checkout@v4	2026-08-04T05:38:47.5181610Z a890d22031359f53d94c7c67bf183344fb35d904
aggregate-pretag	Run actions/checkout@v4	2026-08-04T05:38:47.5200140Z ##[endgroup]
aggregate-pretag	Run actions/checkout@v4	2026-08-04T05:38:47.5200790Z ##[group]Determining the checkout info
aggregate-pretag	Run actions/checkout@v4	2026-08-04T05:38:47.5202150Z ##[endgroup]
aggregate-pretag	Run actions/checkout@v4	2026-08-04T05:38:47.5202440Z [command]/usr/bin/git sparse-checkout disable
aggregate-pretag	Run actions/checkout@v4	2026-08-04T05:38:47.5411240Z [command]/usr/bin/git config --local --unset-all extensions.worktreeConfig
aggregate-pretag	Run actions/checkout@v4	2026-08-04T05:38:47.5596240Z ##[group]Checking out the ref
aggregate-pretag	Run actions/checkout@v4	2026-08-04T05:38:47.5600020Z [command]/usr/bin/git checkout --progress --force -B main refs/remotes/origin/main
aggregate-pretag	Run actions/checkout@v4	2026-08-04T05:38:47.5903370Z Switched to a new branch 'main'
aggregate-pretag	Run actions/checkout@v4	2026-08-04T05:38:47.5907470Z branch 'main' set up to track 'origin/main'.
aggregate-pretag	Run actions/checkout@v4	2026-08-04T05:38:47.5913360Z ##[endgroup]
aggregate-pretag	Run actions/checkout@v4	2026-08-04T05:38:47.6116100Z [command]/usr/bin/git log -1 --format=%H
aggregate-pretag	Run actions/checkout@v4	2026-08-04T05:38:47.6323330Z a890d22031359f53d94c7c67bf183344fb35d904
aggregate-pretag	Run actions/download-artifact@v4	﻿2026-08-04T05:38:47.6508730Z Node 20 is being deprecated. This workflow is running with Node 24 by default. If you need to temporarily use Node 20, you can set the ACTIONS_ALLOW_USE_UNSECURE_NODE_VERSION=true environment variable. For more information see: https://github.blog/changelog/2025-09-19-deprecation-of-node-20-on-github-actions-runners/
aggregate-pretag	Run actions/download-artifact@v4	2026-08-04T05:38:47.6510070Z ##[group]Run actions/download-artifact@v4
aggregate-pretag	Run actions/download-artifact@v4	2026-08-04T05:38:47.6510250Z with:
aggregate-pretag	Run actions/download-artifact@v4	2026-08-04T05:38:47.6510380Z   pattern: qualified-*
aggregate-pretag	Run actions/download-artifact@v4	2026-08-04T05:38:47.6510520Z   path: bundle
aggregate-pretag	Run actions/download-artifact@v4	2026-08-04T05:38:47.6510640Z   merge-multiple: true
aggregate-pretag	Run actions/download-artifact@v4	2026-08-04T05:38:47.6510820Z   repository: AutoByteus/autobyteus-voice-runtime
aggregate-pretag	Run actions/download-artifact@v4	2026-08-04T05:38:47.6511040Z   run-id: 30881048872
aggregate-pretag	Run actions/download-artifact@v4	2026-08-04T05:38:47.6511170Z env:
aggregate-pretag	Run actions/download-artifact@v4	2026-08-04T05:38:47.6511290Z   VOICE_RELEASE_TAG_INPUT: v1.0.0
aggregate-pretag	Run actions/download-artifact@v4	2026-08-04T05:38:47.6511470Z   VOICE_RUNTIME_VERSION_INPUT: 1.0.0
aggregate-pretag	Run actions/download-artifact@v4	2026-08-04T05:38:47.6511660Z   VOICE_QUALIFICATION_RUN_ID_INPUT: 
aggregate-pretag	Run actions/download-artifact@v4	2026-08-04T05:38:47.6511830Z ##[endgroup]
aggregate-pretag	Run actions/download-artifact@v4	2026-08-04T05:38:47.7924530Z (node:33670) [DEP0040] DeprecationWarning: The `punycode` module is deprecated. Please use a userland alternative instead.
aggregate-pretag	Run actions/download-artifact@v4	2026-08-04T05:38:47.7925460Z (Use `node --trace-deprecation ...` to show where the warning was created)
aggregate-pretag	Run actions/download-artifact@v4	2026-08-04T05:38:48.2957520Z Found 0 artifact(s)
aggregate-pretag	Run actions/download-artifact@v4	2026-08-04T05:38:48.2958180Z Filtering artifacts by pattern 'qualified-*'
aggregate-pretag	Run actions/download-artifact@v4	2026-08-04T05:38:48.2971040Z Total of 0 artifact(s) downloaded
aggregate-pretag	Run actions/download-artifact@v4	2026-08-04T05:38:48.2976640Z Download artifact has finished successfully
aggregate-pretag	Build and verify acyclic integrated pre-tag chain	﻿2026-08-04T05:38:48.3059000Z ##[group]Run npm ci --ignore-scripts
aggregate-pretag	Build and verify acyclic integrated pre-tag chain	2026-08-04T05:38:48.3059360Z [36;1mnpm ci --ignore-scripts[0m
aggregate-pretag	Build and verify acyclic integrated pre-tag chain	2026-08-04T05:38:48.3059570Z [36;1mgit fetch origin main --tags[0m
aggregate-pretag	Build and verify acyclic integrated pre-tag chain	2026-08-04T05:38:48.3059830Z [36;1mtest -z "$(git tag -l -- "$VOICE_RELEASE_TAG_INPUT")"[0m
aggregate-pretag	Build and verify acyclic integrated pre-tag chain	2026-08-04T05:38:48.3060120Z [36;1mMAIN=$(git rev-parse origin/main)[0m
aggregate-pretag	Build and verify acyclic integrated pre-tag chain	2026-08-04T05:38:48.3060480Z [36;1mnode release/evidence/qualification-set.mjs --qualifications bundle/qualifications \[0m
aggregate-pretag	Build and verify acyclic integrated pre-tag chain	2026-08-04T05:38:48.3060980Z [36;1m  --assets bundle/assets --source-commit "$GITHUB_SHA" --runner-commit "$GITHUB_SHA" \[0m
aggregate-pretag	Build and verify acyclic integrated pre-tag chain	2026-08-04T05:38:48.3061420Z [36;1m  --test-commit "$GITHUB_SHA" --output bundle/qualification-set-v2.json[0m
aggregate-pretag	Build and verify acyclic integrated pre-tag chain	2026-08-04T05:38:48.3061890Z [36;1mnode release/evidence/assemble.mjs --qualification-set bundle/qualification-set-v2.json \[0m
aggregate-pretag	Build and verify acyclic integrated pre-tag chain	2026-08-04T05:38:48.3062370Z [36;1m  --assets bundle/assets --runtime-version "$VOICE_RUNTIME_VERSION_INPUT" \[0m
aggregate-pretag	Build and verify acyclic integrated pre-tag chain	2026-08-04T05:38:48.3062800Z [36;1m  --release-tag "$VOICE_RELEASE_TAG_INPUT" --maintained-main-commit "$MAIN" \[0m
aggregate-pretag	Build and verify acyclic integrated pre-tag chain	2026-08-04T05:38:48.3063240Z [36;1m  --output bundle/release-qualification-evidence-v2.json[0m
aggregate-pretag	Build and verify acyclic integrated pre-tag chain	2026-08-04T05:38:48.3063680Z [36;1mnode release/catalog-builder.mjs --qualification-set bundle/qualification-set-v2.json \[0m
aggregate-pretag	Build and verify acyclic integrated pre-tag chain	2026-08-04T05:38:48.3064150Z [36;1m  --release-evidence bundle/release-qualification-evidence-v2.json \[0m
aggregate-pretag	Build and verify acyclic integrated pre-tag chain	2026-08-04T05:38:48.3064510Z [36;1m  --release-tag "$VOICE_RELEASE_TAG_INPUT" \[0m
aggregate-pretag	Build and verify acyclic integrated pre-tag chain	2026-08-04T05:38:48.3064850Z [36;1m  --base-url "https://github.com/${GITHUB_REPOSITORY}/releases/download" \[0m
aggregate-pretag	Build and verify acyclic integrated pre-tag chain	2026-08-04T05:38:48.3065220Z [36;1m  --output bundle/voice-runtime-catalog-v3.json[0m
aggregate-pretag	Build and verify acyclic integrated pre-tag chain	2026-08-04T05:38:48.3065640Z [36;1mnode release/pretag-release-manifest.mjs --qualification-set bundle/qualification-set-v2.json \[0m
aggregate-pretag	Build and verify acyclic integrated pre-tag chain	2026-08-04T05:38:48.3066130Z [36;1m  --release-evidence bundle/release-qualification-evidence-v2.json \[0m
aggregate-pretag	Build and verify acyclic integrated pre-tag chain	2026-08-04T05:38:48.3066540Z [36;1m  --catalog bundle/voice-runtime-catalog-v3.json --assets bundle/assets \[0m
aggregate-pretag	Build and verify acyclic integrated pre-tag chain	2026-08-04T05:38:48.3066920Z [36;1m  --output bundle/pretag-release-manifest-v2.json[0m
aggregate-pretag	Build and verify acyclic integrated pre-tag chain	2026-08-04T05:38:48.3067310Z [36;1mnode release/qualify-release.mjs --manifest bundle/pretag-release-manifest-v2.json \[0m
aggregate-pretag	Build and verify acyclic integrated pre-tag chain	2026-08-04T05:38:48.3067740Z [36;1m  --qualification-set bundle/qualification-set-v2.json \[0m
aggregate-pretag	Build and verify acyclic integrated pre-tag chain	2026-08-04T05:38:48.3068110Z [36;1m  --release-evidence bundle/release-qualification-evidence-v2.json \[0m
aggregate-pretag	Build and verify acyclic integrated pre-tag chain	2026-08-04T05:38:48.3068530Z [36;1m  --catalog bundle/voice-runtime-catalog-v3.json --assets bundle/assets \[0m
aggregate-pretag	Build and verify acyclic integrated pre-tag chain	2026-08-04T05:38:48.3069040Z [36;1m  --maintained-main-commit "$MAIN" --output bundle/pretag-qualification-proof-v1.json[0m
aggregate-pretag	Build and verify acyclic integrated pre-tag chain	2026-08-04T05:38:48.3104920Z shell: /bin/bash --noprofile --norc -e -o pipefail {0}
aggregate-pretag	Build and verify acyclic integrated pre-tag chain	2026-08-04T05:38:48.3105170Z env:
aggregate-pretag	Build and verify acyclic integrated pre-tag chain	2026-08-04T05:38:48.3105320Z   VOICE_RELEASE_TAG_INPUT: v1.0.0
aggregate-pretag	Build and verify acyclic integrated pre-tag chain	2026-08-04T05:38:48.3105830Z   VOICE_RUNTIME_VERSION_INPUT: 1.0.0
aggregate-pretag	Build and verify acyclic integrated pre-tag chain	2026-08-04T05:38:48.3106050Z   VOICE_QUALIFICATION_RUN_ID_INPUT: 
aggregate-pretag	Build and verify acyclic integrated pre-tag chain	2026-08-04T05:38:48.3106250Z ##[endgroup]
aggregate-pretag	Build and verify acyclic integrated pre-tag chain	2026-08-04T05:38:48.8927720Z 
aggregate-pretag	Build and verify acyclic integrated pre-tag chain	2026-08-04T05:38:48.8928370Z added 8 packages, and audited 9 packages in 479ms
aggregate-pretag	Build and verify acyclic integrated pre-tag chain	2026-08-04T05:38:48.8931820Z 
aggregate-pretag	Build and verify acyclic integrated pre-tag chain	2026-08-04T05:38:48.8931970Z 3 packages are looking for funding
aggregate-pretag	Build and verify acyclic integrated pre-tag chain	2026-08-04T05:38:48.8932210Z   run `npm fund` for details
aggregate-pretag	Build and verify acyclic integrated pre-tag chain	2026-08-04T05:38:48.8932340Z 
aggregate-pretag	Build and verify acyclic integrated pre-tag chain	2026-08-04T05:38:48.8932440Z found 0 vulnerabilities
aggregate-pretag	Build and verify acyclic integrated pre-tag chain	2026-08-04T05:38:49.3426640Z From https://github.com/AutoByteus/autobyteus-voice-runtime
aggregate-pretag	Build and verify acyclic integrated pre-tag chain	2026-08-04T05:38:49.3427090Z  * branch            main       -> FETCH_HEAD
aggregate-pretag	Build and verify acyclic integrated pre-tag chain	2026-08-04T05:38:49.6052120Z node:internal/fs/promises:955
aggregate-pretag	Build and verify acyclic integrated pre-tag chain	2026-08-04T05:38:49.6052500Z   const result = await PromisePrototypeThen(
aggregate-pretag	Build and verify acyclic integrated pre-tag chain	2026-08-04T05:38:49.6052760Z                  ^
aggregate-pretag	Build and verify acyclic integrated pre-tag chain	2026-08-04T05:38:49.6052850Z 
aggregate-pretag	Build and verify acyclic integrated pre-tag chain	2026-08-04T05:38:49.6053450Z Error: ENOENT: no such file or directory, scandir '/private/tmp/autobyteus-actions-runner-voice-v2.336.0-20260804/_work/autobyteus-voice-runtime/autobyteus-voice-runtime/bundle/qualifications'
aggregate-pretag	Build and verify acyclic integrated pre-tag chain	2026-08-04T05:38:49.6054220Z     at async Object.readdir (node:internal/fs/promises:955:18)
aggregate-pretag	Build and verify acyclic integrated pre-tag chain	2026-08-04T05:38:49.6055710Z     at async find (file:///private/tmp/autobyteus-actions-runner-voice-v2.336.0-20260804/_work/autobyteus-voice-runtime/autobyteus-voice-runtime/release/evidence/qualification-set.mjs:473:23)
aggregate-pretag	Build and verify acyclic integrated pre-tag chain	2026-08-04T05:38:49.6056890Z     at async assembleQualificationSet (file:///private/tmp/autobyteus-actions-runner-voice-v2.336.0-20260804/_work/autobyteus-voice-runtime/autobyteus-voice-runtime/release/evidence/qualification-set.mjs:36:13)
aggregate-pretag	Build and verify acyclic integrated pre-tag chain	2026-08-04T05:38:49.6058030Z     at async file:///private/tmp/autobyteus-actions-runner-voice-v2.336.0-20260804/_work/autobyteus-voice-runtime/autobyteus-voice-runtime/release/evidence/qualification-set.mjs:490:18 {
aggregate-pretag	Build and verify acyclic integrated pre-tag chain	2026-08-04T05:38:49.6058710Z   errno: -2,
aggregate-pretag	Build and verify acyclic integrated pre-tag chain	2026-08-04T05:38:49.6058860Z   code: 'ENOENT',
aggregate-pretag	Build and verify acyclic integrated pre-tag chain	2026-08-04T05:38:49.6059070Z   syscall: 'scandir',
aggregate-pretag	Build and verify acyclic integrated pre-tag chain	2026-08-04T05:38:49.6059630Z   path: '/private/tmp/autobyteus-actions-runner-voice-v2.336.0-20260804/_work/autobyteus-voice-runtime/autobyteus-voice-runtime/bundle/qualifications'
aggregate-pretag	Build and verify acyclic integrated pre-tag chain	2026-08-04T05:38:49.6060170Z }
aggregate-pretag	Build and verify acyclic integrated pre-tag chain	2026-08-04T05:38:49.6060260Z 
aggregate-pretag	Build and verify acyclic integrated pre-tag chain	2026-08-04T05:38:49.6060320Z Node.js v22.23.1
aggregate-pretag	Build and verify acyclic integrated pre-tag chain	2026-08-04T05:38:49.6099660Z ##[error]Process completed with exit code 1.
aggregate-pretag	Retain qualification audit on pass, fail, or block	﻿2026-08-04T05:38:49.6180910Z Node 20 is being deprecated. This workflow is running with Node 24 by default. If you need to temporarily use Node 20, you can set the ACTIONS_ALLOW_USE_UNSECURE_NODE_VERSION=true environment variable. For more information see: https://github.blog/changelog/2025-09-19-deprecation-of-node-20-on-github-actions-runners/
aggregate-pretag	Retain qualification audit on pass, fail, or block	2026-08-04T05:38:49.6181860Z ##[group]Run actions/upload-artifact@v4
aggregate-pretag	Retain qualification audit on pass, fail, or block	2026-08-04T05:38:49.6182040Z with:
aggregate-pretag	Retain qualification audit on pass, fail, or block	2026-08-04T05:38:49.6182220Z   name: qualification-audit-v1.0.0
aggregate-pretag	Retain qualification audit on pass, fail, or block	2026-08-04T05:38:49.6182410Z   path: bundle/
aggregate-pretag	Retain qualification audit on pass, fail, or block	2026-08-04T05:38:49.6182550Z   if-no-files-found: error
aggregate-pretag	Retain qualification audit on pass, fail, or block	2026-08-04T05:38:49.6182720Z   retention-days: 30
aggregate-pretag	Retain qualification audit on pass, fail, or block	2026-08-04T05:38:49.6182910Z   compression-level: 0
aggregate-pretag	Retain qualification audit on pass, fail, or block	2026-08-04T05:38:49.6183060Z   overwrite: false
aggregate-pretag	Retain qualification audit on pass, fail, or block	2026-08-04T05:38:49.6183220Z   include-hidden-files: false
aggregate-pretag	Retain qualification audit on pass, fail, or block	2026-08-04T05:38:49.6183390Z env:
aggregate-pretag	Retain qualification audit on pass, fail, or block	2026-08-04T05:38:49.6183530Z   VOICE_RELEASE_TAG_INPUT: v1.0.0
aggregate-pretag	Retain qualification audit on pass, fail, or block	2026-08-04T05:38:49.6183720Z   VOICE_RUNTIME_VERSION_INPUT: 1.0.0
aggregate-pretag	Retain qualification audit on pass, fail, or block	2026-08-04T05:38:49.6183930Z   VOICE_QUALIFICATION_RUN_ID_INPUT: 
aggregate-pretag	Retain qualification audit on pass, fail, or block	2026-08-04T05:38:49.6184150Z ##[endgroup]
aggregate-pretag	Retain qualification audit on pass, fail, or block	2026-08-04T05:38:49.7550390Z (node:33684) [DEP0040] DeprecationWarning: The `punycode` module is deprecated. Please use a userland alternative instead.
aggregate-pretag	Retain qualification audit on pass, fail, or block	2026-08-04T05:38:49.7551230Z (Use `node --trace-deprecation ...` to show where the warning was created)
aggregate-pretag	Retain qualification audit on pass, fail, or block	2026-08-04T05:38:49.7569040Z ##[error]No files were found with the provided path: bundle/. No artifacts will be uploaded.
aggregate-pretag	Post Run actions/checkout@v4	﻿2026-08-04T05:38:49.7733370Z Node 20 is being deprecated. This workflow is running with Node 24 by default. If you need to temporarily use Node 20, you can set the ACTIONS_ALLOW_USE_UNSECURE_NODE_VERSION=true environment variable. For more information see: https://github.blog/changelog/2025-09-19-deprecation-of-node-20-on-github-actions-runners/
aggregate-pretag	Post Run actions/checkout@v4	2026-08-04T05:38:49.7734510Z Post job cleanup.
aggregate-pretag	Post Run actions/checkout@v4	2026-08-04T05:38:49.8646070Z [command]/usr/bin/git version
aggregate-pretag	Post Run actions/checkout@v4	2026-08-04T05:38:49.8839710Z git version 2.50.1 (Apple Git-155)
aggregate-pretag	Post Run actions/checkout@v4	2026-08-04T05:38:49.8869070Z Temporarily overriding HOME='/private/tmp/autobyteus-actions-runner-voice-v2.336.0-20260804/_work/_temp/f5a4f4e3-0934-4447-919d-5f92ae050bf0' before making global git config changes
aggregate-pretag	Post Run actions/checkout@v4	2026-08-04T05:38:49.8869910Z Adding repository directory to the temporary git global config as a safe directory
aggregate-pretag	Post Run actions/checkout@v4	2026-08-04T05:38:49.8873340Z [command]/usr/bin/git config --global --add safe.directory /private/tmp/autobyteus-actions-runner-voice-v2.336.0-20260804/_work/autobyteus-voice-runtime/autobyteus-voice-runtime
aggregate-pretag	Post Run actions/checkout@v4	2026-08-04T05:38:49.9950160Z [command]/usr/bin/git config --local --name-only --get-regexp core\.sshCommand
aggregate-pretag	Post Run actions/checkout@v4	2026-08-04T05:38:50.0177070Z [command]/usr/bin/git submodule foreach --recursive sh -c "git config --local --name-only --get-regexp 'core\.sshCommand' && git config --local --unset-all 'core.sshCommand' || :"
aggregate-pretag	Post Run actions/checkout@v4	2026-08-04T05:38:50.1382670Z [command]/usr/bin/git config --local --name-only --get-regexp http\.https\:\/\/github\.com\/\.extraheader
aggregate-pretag	Post Run actions/checkout@v4	2026-08-04T05:38:50.1559830Z http.https://github.com/.extraheader
aggregate-pretag	Post Run actions/checkout@v4	2026-08-04T05:38:50.1569420Z [command]/usr/bin/git config --local --unset-all http.https://github.com/.extraheader
aggregate-pretag	Post Run actions/checkout@v4	2026-08-04T05:38:50.1760890Z [command]/usr/bin/git submodule foreach --recursive sh -c "git config --local --name-only --get-regexp 'http\.https\:\/\/github\.com\/\.extraheader' && git config --local --unset-all 'http.https://github.com/.extraheader' || :"
aggregate-pretag	Post Run actions/checkout@v4	2026-08-04T05:38:50.2857370Z [command]/usr/bin/git config --local --name-only --get-regexp ^includeIf\.gitdir:
aggregate-pretag	Post Run actions/checkout@v4	2026-08-04T05:38:50.3097520Z [command]/usr/bin/git submodule foreach --recursive git config --local --show-origin --name-only --get-regexp remote.origin.url
aggregate-pretag	Complete job	﻿2026-08-04T05:38:50.4283910Z Cleaning up orphan processes
aggregate-pretag	Complete job	2026-08-04T05:38:50.4430640Z ##[warning]Node.js 20 is deprecated. The following actions target Node.js 20 but are being forced to run on Node.js 24: actions/checkout@v4, actions/download-artifact@v4, actions/upload-artifact@v4. For more information see: https://github.blog/changelog/2025-09-19-deprecation-of-node-20-on-github-actions-runners/
